ROADWAY_NAME,TXDOT_ROADWAY_DIRECTION,LATITUDE_IB_CW,LATITUDE_OB_CCW,LONGITUDE_IB_CW,LONGITUDE_OB_CCW,COUNTY_NAME,TIME_ENTERED,CLEARED_DATE_TIME,TOTAL_MINUTES
BELTWAY 8-EAST,Southbound,29.8085,29.8089,-95.1639,-95.1628,Harris,8/26/2017 3:56,8/26/2017 3:56,0
BELTWAY 8-EAST,Northbound,29.6656,29.6656,-95.1558,-95.1556,Harris,8/26/2017 8:06,8/26/2017 14:03,357
BELTWAY 8-EAST,Northbound,29.883,29.883,-95.1984,-95.1984,Harris,8/27/2017 1:50,8/30/2017 8:55,4745
BELTWAY 8-EAST,Southbound,29.883,29.883,-95.1984,-95.1984,Harris,8/27/2017 8:49,8/30/2017 9:20,4351
BELTWAY 8-EAST,Northbound,29.6498,29.6498,-95.1562,-95.1561,Harris,8/27/2017 11:55,8/30/2017 8:53,4138
BELTWAY 8-EAST,Southbound,29.8085,29.8089,-95.1639,-95.1628,Harris,8/27/2017 20:44,8/31/2017 17:27,5563
BELTWAY 8-NORTH,Eastbound,29.9396,29.9403,-95.3034,-95.3034,Harris,8/26/2017 8:44,8/26/2017 15:43,419
BELTWAY 8-NORTH,Eastbound,29.9392,29.9393,-95.3313,-95.3313,Harris,8/26/2017 8:46,8/26/2017 9:49,63
BELTWAY 8-NORTH,Westbound,29.9392,29.9393,-95.3313,-95.3313,Harris,8/26/2017 8:47,8/26/2017 9:48,61
BELTWAY 8-NORTH,Westbound,29.9397,29.9402,-95.296,-95.2957,Harris,8/27/2017 0:19,8/30/2017 10:17,4918
BELTWAY 8-NORTH,Eastbound,29.9387,29.9389,-95.3812,-95.3813,Harris,8/27/2017 0:23,8/29/2017 20:19,4076
BELTWAY 8-NORTH,Westbound,29.9387,29.9389,-95.3812,-95.3813,Harris,8/27/2017 0:27,8/30/2017 17:17,5330
BELTWAY 8-NORTH,Westbound,29.9387,29.9389,-95.3812,-95.3813,Harris,8/27/2017 3:08,8/29/2017 15:10,3602
BELTWAY 8-NORTH,Eastbound,29.9387,29.9389,-95.3812,-95.3813,Harris,8/27/2017 5:31,8/29/2017 15:08,3457
BELTWAY 8-NORTH,Westbound,29.9387,29.9389,-95.3812,-95.3813,Harris,8/27/2017 5:33,8/30/2017 8:18,4485
BELTWAY 8-NORTH,Westbound,29.9391,29.9394,-95.3972,-95.3971,Harris,8/27/2017 5:49,8/29/2017 13:02,3313
BELTWAY 8-NORTH,Eastbound,29.9405,29.9407,-95.4138,-95.4138,Harris,8/27/2017 5:49,8/30/2017 11:19,4650
BELTWAY 8-NORTH,Eastbound,29.9391,29.9394,-95.3972,-95.3971,Harris,8/27/2017 5:50,8/29/2017 13:02,3312
BELTWAY 8-NORTH,Eastbound,29.9387,29.9389,-95.3812,-95.3813,Harris,8/27/2017 8:31,8/29/2017 15:08,3277
BELTWAY 8-NORTH,Westbound,29.9387,29.9389,-95.3812,-95.3813,Harris,8/27/2017 9:10,8/29/2017 15:09,3239
BELTWAY 8-NORTH,Eastbound,29.9387,29.9389,-95.3812,-95.3813,Harris,8/27/2017 19:20,8/29/2017 15:09,2629
BELTWAY 8-NORTH,Westbound,29.9387,29.9389,-95.3812,-95.3813,Harris,8/27/2017 19:21,8/29/2017 20:25,2944
BELTWAY 8-NORTH,Eastbound,29.9396,29.9398,-95.4246,-95.4246,Harris,8/27/2017 23:20,8/29/2017 20:21,2701
BELTWAY 8-SOUTH,Eastbound,29.598883,29.598883,-95.353293,-95.353293,Harris,8/26/2017 21:35,8/30/2017 9:20,5025
BELTWAY 8-SOUTH,Westbound,29.598883,29.598883,-95.353293,-95.353293,Harris,8/26/2017 21:34,8/30/2017 10:18,5084
BELTWAY 8-SOUTH,Westbound,29.600908,29.600908,-95.228645,-95.228645,Harris,8/26/2017 23:32,8/30/2017 8:22,4850
BELTWAY 8-SOUTH,Westbound,29.605712,29.605712,-95.477028,-95.477028,Harris,8/27/2017 5:52,8/30/2017 7:54,4442
BELTWAY 8-SOUTH,Westbound,29.605712,29.605712,-95.477028,-95.477028,Harris,8/27/2017 8:32,8/30/2017 7:53,4281
BELTWAY 8-SOUTH,Eastbound,29.605712,29.605712,-95.477028,-95.477028,Harris,8/27/2017 8:34,8/30/2017 7:55,4281
BELTWAY 8-WEST,Northbound,29.6261,29.6263,-95.5181,-95.5176,Harris,8/26/2017 1:25,8/26/2017 3:45,140
BELTWAY 8-WEST,Southbound,29.737,29.7369,-95.5575,-95.5577,Harris,8/26/2017 20:52,8/27/2017 19:42,1370
BELTWAY 8-WEST,Southbound,29.6535,29.6537,-95.5505,-95.5501,Harris,8/26/2017 21:11,8/28/2017 12:22,2351
BELTWAY 8-WEST,Northbound,29.6204,29.6207,-95.5085,-95.5084,Harris,8/26/2017 21:20,8/26/2017 22:50,90
BELTWAY 8-WEST,Southbound,29.832,29.832,-95.5637,-95.5639,Harris,8/26/2017 22:21,8/29/2017 15:38,3917
BELTWAY 8-WEST,Southbound,29.8673,29.8673,-95.5637,-95.5637,Harris,8/26/2017 22:22,8/30/2017 8:25,4923
BELTWAY 8-WEST,Northbound,29.832,29.832,-95.5637,-95.5639,Harris,8/26/2017 22:43,8/29/2017 20:07,4164
BELTWAY 8-WEST,Northbound,29.7477,29.7477,-95.5577,-95.5579,Harris,8/27/2017 11:48,8/31/2017 9:43,5635
BELTWAY 8-WEST,Northbound,29.8503,29.8503,-95.5637,-95.5639,Harris,8/29/2017 15:28,8/30/2017 5:01,813
BS-290,Eastbound,30.08416,30.08416,-96.03971,-96.03971,Waller,8/27/2017 20:53,8/31/2017 15:16,5423
FM-1092,Northbound,29.591007,29.591007,-95.564169,-95.564169,Fort_Bend,8/26/2017 21:23,8/30/2017 18:27,5584
FM-1092,Southbound,29.591007,29.591007,-95.564169,-95.564169,Fort_Bend,8/26/2017 21:24,8/30/2017 18:27,5583
FM-1093,Eastbound,29.699102,29.699102,-95.79223,-95.79223,Fort_Bend,8/28/2017 23:29,8/30/2017 18:32,2583
FM-1093,Eastbound,29.70319,29.70319,-95.7429,-95.7429,Fort_Bend,8/28/2017 23:30,8/30/2017 18:32,2582
FM-1128,Northbound,29.5005,29.5005,-95.34189,-95.34189,Brazoria,8/27/2017 20:04,8/31/2017 6:54,4970
FM-1128,Southbound,29.5005,29.5005,-95.34189,-95.34189,Brazoria,8/27/2017 20:09,8/31/2017 6:52,4963
FM-1458,Eastbound,29.83552,29.83552,-96.03345,-96.03345,Waller,8/28/2017 16:01,8/31/2017 17:32,4411
FM-1458,Westbound,29.80901,29.80901,-96.09582,-96.09582,Waller,8/28/2017 16:07,8/31/2017 17:36,4409
FM-1459,Northbound,29.07855,29.07855,-95.6892,-95.6892,Brazoria,8/27/2017 19:17,8/31/2017 17:44,5667
FM-1459,Southbound,29.07855,29.07855,-95.6892,-95.6892,Brazoria,8/27/2017 19:18,8/31/2017 17:46,5668
FM-1459,Northbound,29.09771,29.09771,-95.68999,-95.68999,Brazoria,8/28/2017 11:24,8/31/2017 17:43,4699
FM-1462,Northbound,29.313995,29.313995,-95.716061,-95.716061,Fort_Bend,8/27/2017 12:56,8/30/2017 18:33,4657
FM-1462,Southbound,29.313995,29.313995,-95.716061,-95.716061,Fort_Bend,8/27/2017 12:58,8/30/2017 18:35,4657
FM-1462,Eastbound,29.298226,29.298226,-95.733578,-95.733578,Brazoria,8/29/2017 1:54,8/31/2017 13:46,3592
FM-1463,Southbound,29.727921,29.727921,-95.846282,-95.846282,Fort_Bend,8/28/2017 23:06,8/31/2017 17:57,4011
FM-1464,Northbound,29.662862,29.662862,-95.686577,-95.686577,Fort_Bend,8/26/2017 19:54,8/30/2017 18:36,5682
FM-1464,Southbound,29.662862,29.662862,-95.686577,-95.686577,Fort_Bend,8/26/2017 19:56,8/30/2017 18:37,5681
FM-1488,Eastbound,30.17543,30.17543,-95.87293,-95.87293,Waller,8/27/2017 4:10,8/31/2017 17:59,6589
FM-1488,Eastbound,30.22439791,30.22439143,-95.54742799,-95.54742799,Montgomery,8/27/2017 15:23,8/31/2017 8:27,5344
FM-1488,Eastbound,30.10974,30.10974,-96.03252,-96.03252,Waller,8/28/2017 7:28,8/31/2017 18:01,4953
FM-1764,Eastbound,29.40271,29.40271,-95.03284,-95.03284,Galveston,8/27/2017 1:21,8/30/2017 15:05,5144
FM-1887,Northbound,29.95015,29.95015,-96.03907,-96.03907,Waller,8/28/2017 7:15,8/31/2017 18:31,4996
FM-1887,Northbound,30.05354,30.05354,-96.08144,-96.08144,Waller,8/28/2017 15:58,8/31/2017 18:32,4474
FM-1887,Southbound,30.05354,30.05354,-96.08144,-96.08144,Waller,8/28/2017 16:00,8/31/2017 18:12,4452
FM-1960,Eastbound,30.014257,30.014257,-95.4506,-95.4506,Harris,8/27/2017 1:57,8/30/2017 16:27,5190
FM-1960,Eastbound,30.022922,30.022922,-95.089959,-95.089959,Harris,8/28/2017 8:55,8/30/2017 16:27,3332
FM-2090,Eastbound,30.23254,30.23254,-95.16471,-95.16471,Montgomery,8/26/2017 8:25,8/26/2017 15:38,433
FM-2855,Northbound,29.87421,29.87421,-95.89059,-95.89059,Waller,8/28/2017 16:13,8/31/2017 18:38,4465
FM-2855,Southbound,29.87421,29.87421,-95.89059,-95.89059,Waller,8/28/2017 16:14,8/31/2017 18:38,4464
FM-2855,Northbound,29.78602,29.78602,-95.88961,-95.88961,Waller,8/28/2017 16:19,8/31/2017 18:41,4462
FM-2855,Southbound,29.78602,29.78602,-95.88961,-95.88961,Waller,8/28/2017 16:20,8/31/2017 18:40,4460
FM-2919,Northbound,29.489656,29.489656,-96.026127,-96.026127,Fort_Bend,8/28/2017 23:02,8/31/2017 19:04,4082
FM-2920,Eastbound,30.086976,30.086976,-95.65319,-95.65319,Harris,8/26/2017 16:21,8/30/2017 16:29,5768
FM-2920,Westbound,30.089319,30.089319,-95.645204,-95.645204,Harris,8/26/2017 16:23,8/30/2017 16:30,5767
FM-2920,Eastbound,30.06823,30.06823,-95.781016,-95.781016,Harris,8/26/2017 20:28,8/30/2017 16:28,5520
FM-2920,Westbound,30.06823,30.06823,-95.781016,-95.781016,Harris,8/26/2017 20:28,8/30/2017 16:29,5521
FM-2977,Northbound,29.45206,29.45206,-95.790548,-95.790548,Fort_Bend,8/28/2017 23:06,8/30/2017 18:47,2621
FM-2977,Southbound,29.475505,29.475505,-95.76467,-95.76467,Fort_Bend,8/28/2017 23:07,8/30/2017 18:48,2621
FM-362,Northbound,30.18632,30.18632,-95.9321,-95.9321,Waller,8/27/2017 2:59,8/31/2017 19:09,6730
FM-517,Eastbound,29.46072726,29.46073959,-95.05178991,-95.05178991,Galveston,8/28/2017 0:41,8/30/2017 15:14,3753
FM-518,Northbound,29.533125,29.533125,-95.024913,-95.024913,Galveston,8/28/2017 22:19,8/30/2017 15:02,2443
FM-518,Southbound,29.533125,29.533125,-95.024913,-95.024913,Galveston,8/28/2017 22:23,8/30/2017 15:02,2439
FM-521,Northbound,29.43889,29.43889,-95.47662,-95.47662,Brazoria,8/26/2017 23:56,8/31/2017 6:55,6179
FM-521,Northbound,29.35401,29.35401,-95.46232,-95.46232,Brazoria,8/28/2017 13:33,8/31/2017 6:54,3921
FM-522,Northbound,29.07855,29.07855,-95.6892,-95.6892,Brazoria,8/28/2017 19:18,8/31/2017 17:50,4232
FM-529,Eastbound,29.9122,29.9122,-96.07184,-96.07184,Waller,8/28/2017 15:59,8/31/2017 15:10,4271
FM-529,Westbound,29.91527,29.91527,-96.11339,-96.11339,Waller,8/28/2017 16:04,8/31/2017 19:16,4512
FM-529,Eastbound,29.87412,29.87412,-95.95993,-95.95993,Waller,8/28/2017 16:14,8/31/2017 15:08,4254
FM-529,Eastbound,29.87425,29.87425,-95.89059,-95.89059,Waller,8/28/2017 16:15,8/31/2017 20:38,4583
HARDY TOLL ROAD,Northbound,29.965366,29.965366,-95.380081,-95.380081,Harris,8/26/2017 23:04,8/30/2017 5:06,4682
HARDY TOLL ROAD,Southbound,29.828891,29.828891,-95.354715,-95.354715,Harris,8/26/2017 23:18,8/30/2017 18:20,5462
HARDY TOLL ROAD,Southbound,29.965366,29.965366,-95.380081,-95.380081,Harris,8/26/2017 23:39,8/29/2017 15:20,3821
HARDY TOLL ROAD,Northbound,29.828891,29.828891,-95.354715,-95.354715,Harris,8/26/2017 23:41,8/30/2017 18:19,5438
HARDY TOLL ROAD,Southbound,29.965366,29.965366,-95.380081,-95.380081,Harris,8/26/2017 23:47,8/28/2017 11:15,2128
HARDY TOLL ROAD,Southbound,29.938813,29.938813,-95.381319,-95.381319,Harris,8/27/2017 0:26,8/30/2017 17:12,5326
HARDY TOLL ROAD,Northbound,29.938813,29.938813,-95.381319,-95.381319,Harris,8/27/2017 0:24,8/30/2017 17:16,5332
HARDY TOLL ROAD,Northbound,29.870716,29.870716,-95.364874,-95.364874,Harris,8/27/2017 5:48,8/30/2017 5:06,4278
HARDY TOLL ROAD,Northbound,29.870716,29.870716,-95.364874,-95.364874,Harris,8/27/2017 8:04,8/29/2017 15:19,3315
HARDY TOLL ROAD,Southbound,29.938813,29.938813,-95.381319,-95.381319,Harris,8/27/2017 8:35,8/29/2017 15:21,3286
HARDY TOLL ROAD,Northbound,29.902209,29.902209,-95.372782,-95.372782,Harris,8/27/2017 8:56,8/30/2017 5:07,4091
HARDY TOLL ROAD,Southbound,29.996,29.996,-95.396977,-95.396977,Harris,8/27/2017 9:31,8/29/2017 15:17,3226
HARDY TOLL ROAD,Southbound,30.026642,30.026642,-95.40443,-95.40443,Harris,8/27/2017 10:50,8/30/2017 6:24,4054
HARDY TOLL ROAD,Northbound,29.996,29.996,-95.396977,-95.396977,Harris,8/27/2017 11:34,8/30/2017 5:05,3931
HARDY TOLL ROAD,Southbound,29.996,29.996,-95.396977,-95.396977,Harris,8/27/2017 11:35,8/29/2017 13:06,2971
HARDY TOLL ROAD,Southbound,30.022584,30.022584,-95.404613,-95.404613,Harris,8/28/2017 1:10,8/29/2017 13:06,2156
HARDY TOLL ROAD,Northbound,30.026642,30.026642,-95.40443,-95.40443,Harris,8/28/2017 1:11,8/30/2017 5:03,3112
HARDY TOLL ROAD,Southbound,30.105703,30.105703,-95.435041,-95.435041,Harris,8/28/2017 1:11,8/30/2017 5:04,3113
HARDY TOLL ROAD,Southbound,30.08777,30.08777,-95.412876,-95.412876,Harris,8/28/2017 1:12,8/30/2017 5:04,3112
HARDY TOLL ROAD,Southbound,30.026642,30.026642,-95.40443,-95.40443,Harris,8/30/2017 5:09,8/30/2017 14:06,537
IH-10,Westbound,29.779003,29.779003,-95.951424,-95.951424,Waller,8/26/2017 2:47,8/29/2017 19:21,5314
IH-10,Westbound,29.777419,29.777419,-95.83237,-95.83237,Fort_Bend,8/27/2017 21:27,8/30/2017 8:58,3571
IH-10,Eastbound,29.779003,29.779003,-95.951424,-95.951424,Waller,8/27/2017 22:04,8/30/2017 10:05,3601
IH-10,Westbound,29.77753,29.77753,-95.819688,-95.819688,Fort_Bend,8/27/2017 22:41,8/29/2017 19:20,2679
IH-10,Westbound,29.7644,29.7644,-96.1527,-96.1527,Austin,8/27/2017 22:14,8/30/2017 15:22,3908
IH-10,Eastbound,29.7644,29.7644,-96.1527,-96.1527,Austin,8/27/2017 22:20,8/29/2017 12:03,2263
IH-10,Eastbound,29.77735,29.77735,-95.88115,-95.88115,Waller,8/28/2017 9:39,8/29/2017 11:05,1526
IH-10,Westbound,29.77735,29.77735,-95.88115,-95.88115,Waller,8/28/2017 9:43,8/31/2017 2:45,3902
IH-10,Westbound,29.821601,29.821601,-94.899159,-94.899159,Chambers,8/28/2017 12:09,8/31/2017 20:58,4849
IH-10,Westbound,29.782057,29.782057,-95.984576,-95.984576,Waller,8/28/2017 16:03,8/31/2017 13:20,4157
IH-10,Eastbound,29.779003,29.779003,-95.951424,-95.951424,Waller,8/28/2017 16:02,8/30/2017 10:06,2524
IH-10,Westbound,29.779003,29.779003,-95.951424,-95.951424,Waller,8/28/2017 16:03,8/29/2017 22:32,1829
IH-10,Eastbound,29.7712,29.7712,-96.036,-96.036,Austin,8/28/2017 16:06,8/31/2017 20:31,4585
IH-10,Eastbound,29.771227,29.771227,-96.035924,-96.035924,Waller,8/28/2017 16:06,8/31/2017 20:31,4585
IH-10 EAST,Westbound,29.79234172,29.79233977,-95.07967835,-95.07967835,Harris,8/26/2017 5:04,8/26/2017 7:06,122
IH-10 EAST,Eastbound,29.79234172,29.79233977,-95.07967835,-95.07967835,Harris,8/26/2017 5:08,8/26/2017 7:06,118
IH-10 EAST,Westbound,29.7707,29.7706,-95.2137,-95.2137,Harris,8/26/2017 8:45,8/26/2017 9:40,55
IH-10 EAST,Eastbound,29.7707,29.7706,-95.2137,-95.2137,Harris,8/26/2017 8:49,8/26/2017 9:42,53
IH-10 EAST,Eastbound,29.7707,29.7706,-95.2137,-95.2137,Harris,8/26/2017 11:00,8/26/2017 13:26,146
IH-10 EAST,Eastbound,29.7713,29.7711,-95.1534,-95.1534,Harris,8/26/2017 11:37,8/26/2017 14:02,145
IH-10 EAST,Eastbound,29.79234172,29.79233977,-95.07967835,-95.07967835,Harris,8/26/2017 11:43,8/31/2017 10:41,7138
IH-10 EAST,Eastbound,29.77143124,29.77146849,-95.19704627,-95.19704627,Harris,8/26/2017 19:16,8/31/2017 10:08,6652
IH-10 EAST,Eastbound,29.7781,29.7779,-95.284,-95.284,Harris,8/26/2017 20:00,8/26/2017 21:05,65
IH-10 EAST,Westbound,29.79234172,29.79233977,-95.07967835,-95.07967835,Harris,8/26/2017 21:53,8/31/2017 10:43,6530
IH-10 EAST,Westbound,29.7771,29.7768,-95.2719,-95.272,Harris,8/26/2017 23:49,8/29/2017 15:17,3808
IH-10 EAST,Eastbound,29.7743,29.7741,-95.3152,-95.3152,Harris,8/26/2017 23:54,8/29/2017 20:02,4088
IH-10 EAST,Westbound,29.7743,29.7741,-95.3152,-95.3152,Harris,8/26/2017 23:59,8/29/2017 19:53,4074
IH-10 EAST,Westbound,29.7743,29.7741,-95.3152,-95.3152,Harris,8/27/2017 5:25,8/29/2017 19:57,3752
IH-10 EAST,Westbound,29.770047,29.770047,-95.343522,-95.343522,Harris,8/27/2017 5:33,8/29/2017 19:57,3744
IH-10 EAST,Eastbound,29.770047,29.770047,-95.343522,-95.343522,Harris,8/27/2017 5:35,8/29/2017 20:02,3747
IH-10 EAST,Eastbound,29.7852,29.785,-95.1066,-95.1066,Harris,8/28/2017 9:23,8/31/2017 12:42,4519
IH-10 EAST,Westbound,29.7708,29.7706,-95.1865,-95.1865,Harris,8/28/2017 16:21,8/29/2017 19:59,1658
IH-10 EAST,Eastbound,29.7738,29.7736,-95.2474,-95.2474,Harris,8/28/2017 16:21,8/30/2017 11:41,2600
IH-10 EAST,Westbound,29.7911,29.7908,-95.0573,-95.0573,Harris,8/29/2017 2:03,8/31/2017 10:38,3395
IH-10 EAST,Eastbound,29.808,29.8077,-94.9653,-94.9653,Harris,8/29/2017 2:06,8/31/2017 21:15,4029
IH-10 EAST,Eastbound,29.808,29.8077,-94.9653,-94.9653,Harris,8/31/2017 14:24,9/1/2017 14:57,1473
IH-10 EAST,Westbound,29.77143124,29.77146849,-95.19704627,-95.19704627,Harris,8/31/2017 14:51,8/31/2017 21:11,380
IH-10 KATY,Eastbound,29.78419,29.78419,-95.5439,-95.5439,Harris,8/26/2017 21:57,8/28/2017 12:52,2335
IH-10 KATY,Westbound,29.78426,29.78426,-95.5629,-95.5629,Harris,8/26/2017 21:58,8/28/2017 13:05,2347
IH-10 KATY,Eastbound,29.7776,29.7779,-95.3811,-95.3811,Harris,8/26/2017 23:32,8/29/2017 19:36,4084
IH-10 KATY,Westbound,29.7805,29.7806,-95.4539,-95.4539,Harris,8/27/2017 2:10,8/29/2017 15:34,3684
IH-10 KATY,Eastbound,29.7839,29.7841,-95.4681,-95.4681,Harris,8/27/2017 8:20,8/29/2017 15:20,3300
IH-10 KATY,Eastbound,29.78426,29.78426,-95.5629,-95.5629,Harris,8/27/2017 8:43,8/29/2017 19:34,3531
IH-10 KATY,Eastbound,29.7773,29.7776,-95.418,-95.4179,Harris,8/27/2017 14:40,8/29/2017 19:35,3175
IH-10 KATY,Westbound,29.7773,29.7776,-95.418,-95.4179,Harris,8/27/2017 14:41,8/29/2017 19:36,3175
IH-10 KATY,Eastbound,29.7771,29.7774,-95.4062,-95.4062,Harris,8/27/2017 15:09,8/29/2017 19:33,3144
IH-10 KATY,Westbound,29.7771,29.7774,-95.4062,-95.4062,Harris,8/27/2017 15:14,8/29/2017 19:38,3144
IH-10 KATY,Westbound,29.78452,29.78452,-95.68834,-95.68834,Harris,8/27/2017 22:35,8/29/2017 19:05,2670
IH-10 KATY,Westbound,29.78494,29.78494,-95.69556,-95.69556,Harris,8/27/2017 22:36,8/29/2017 19:06,2670
IH-10 KATY,Westbound,29.78546,29.78546,-95.77682,-95.77682,Harris,8/27/2017 22:38,8/29/2017 17:20,2562
IH-10 KATY,Westbound,29.784561,29.784561,-95.617545,-95.617545,Harris,8/29/2017 17:19,9/5/2017 13:11,9832
IH-10 KATY,Eastbound,29.784561,29.784561,-95.617545,-95.617545,Harris,8/29/2017 17:20,9/5/2017 13:14,9834
IH-10 KATY,Westbound,29.78467,29.78467,-95.64467,-95.64467,Harris,8/29/2017 17:27,8/31/2017 13:28,2641
IH-45,Southbound,30.2073,30.2073,-95.456,-95.456,Montgomery,8/26/2017 9:21,8/26/2017 13:55,274
IH-45,Northbound,30.3252,30.3252,-95.4752,-95.4752,Montgomery,8/26/2017 9:23,8/26/2017 15:39,376
IH-45,Southbound,29.32891,29.32891,-94.93096,-94.93096,Galveston,8/26/2017 9:31,8/28/2017 16:39,3308
IH-45,Northbound,30.421,30.421,-95.4919,-95.4919,Montgomery,8/26/2017 10:13,8/26/2017 15:39,326
IH-45,Northbound,30.2073,30.2073,-95.456,-95.456,Montgomery,8/26/2017 10:21,8/26/2017 15:38,317
IH-45,Northbound,30.2073,30.2073,-95.456,-95.456,Montgomery,8/27/2017 0:06,8/28/2017 12:44,2198
IH-45,Southbound,30.308,30.308,-95.4695,-95.4695,Montgomery,8/27/2017 7:25,8/28/2017 12:47,1762
IH-45,Southbound,29.5031,29.503,-95.114,-95.1142,Galveston,8/27/2017 11:52,8/31/2017 17:00,6068
IH-45,Northbound,29.4302,29.4302,-95.0599,-95.0602,Galveston,8/27/2017 12:41,8/28/2017 12:08,1407
IH-45,Southbound,29.4302,29.4302,-95.0599,-95.0602,Galveston,8/27/2017 12:44,8/29/2017 20:30,3346
IH-45,Northbound,29.441,29.4408,-95.0703,-95.0705,Galveston,8/27/2017 15:24,8/28/2017 12:05,1241
IH-45,Southbound,29.441,29.4408,-95.0703,-95.0705,Galveston,8/27/2017 15:29,8/30/2017 11:38,4089
IH-45,Northbound,29.466,29.4659,-95.0906,-95.0909,Galveston,8/27/2017 18:49,8/29/2017 20:48,2999
IH-45,Southbound,29.466,29.4659,-95.0906,-95.0909,Galveston,8/27/2017 18:50,8/29/2017 20:46,2996
IH-45,Southbound,30.1675,30.1672,-95.4508,-95.4508,Montgomery,8/28/2017 22:15,8/29/2017 22:11,1436
IH-45,Southbound,29.3784,29.3784,-95.0076,-95.0076,Galveston,8/28/2017 23:42,8/30/2017 11:39,2157
IH-45,Northbound,29.5031,29.503,-95.114,-95.1142,Galveston,8/29/2017 7:00,8/31/2017 13:36,3276
IH-45 GULF,Northbound,29.6975,29.6973,-95.2886,-95.2892,Harris,8/26/2017 22:49,8/29/2017 14:40,3831
IH-45 GULF,Southbound,29.74454,29.74454,-95.36246,-95.36246,Harris,8/27/2017 1:31,8/29/2017 18:58,3927
IH-45 GULF,Northbound,29.74974,29.74974,-95.3719,-95.3719,Harris,8/27/2017 3:38,8/31/2017 13:24,6346
IH-45 GULF,Northbound,29.72223,29.72223,-95.32756,-95.32756,Harris,8/27/2017 5:04,8/29/2017 18:58,3714
IH-45 GULF,Northbound,29.75771,29.75771,-95.37486,-95.37486,Harris,8/27/2017 5:42,8/29/2017 15:35,3473
IH-45 GULF,Northbound,29.599,29.599,-95.1976,-95.1978,Harris,8/27/2017 8:37,8/31/2017 3:12,5435
IH-45 GULF,Southbound,29.599,29.599,-95.1976,-95.1978,Harris,8/27/2017 8:38,8/31/2017 2:52,5414
IH-45 GULF,Southbound,29.6691,29.6689,-95.2622,-95.2625,Harris,8/27/2017 18:31,8/27/2017 21:37,186
IH-45 GULF,Southbound,29.641,29.6408,-95.2432,-95.2434,Harris,8/27/2017 18:33,8/29/2017 19:38,2945
IH-45 GULF,Southbound,29.5867,29.5866,-95.1843,-95.1844,Harris,8/27/2017 18:34,8/28/2017 11:18,1004
IH-45 GULF,Northbound,29.5867,29.5866,-95.1843,-95.1844,Harris,8/27/2017 18:36,8/28/2017 11:16,1000
IH-45 GULF,Northbound,29.5536,29.5535,-95.154,-95.1542,Harris,8/27/2017 18:36,8/27/2017 20:38,122
IH-45 GULF,Southbound,29.5696,29.5695,-95.1688,-95.1689,Harris,8/27/2017 18:37,8/30/2017 10:25,3828
IH-45 GULF,Northbound,29.5696,29.5695,-95.1688,-95.1689,Harris,8/27/2017 18:39,8/30/2017 10:24,3825
IH-45 GULF,Southbound,29.5536,29.5535,-95.154,-95.1542,Harris,8/27/2017 18:41,8/28/2017 11:19,998
IH-45 GULF,Southbound,29.75771,29.75771,-95.37486,-95.37486,Harris,8/27/2017 22:24,8/29/2017 15:35,2471
IH-45 NORTH,Southbound,29.78995188,29.78995793,-95.37180814,-95.37180814,Harris,8/26/2017 7:04,8/26/2017 15:28,504
IH-45 NORTH,Northbound,29.78995188,29.78995793,-95.37180814,-95.37180814,Harris,8/26/2017 7:56,8/26/2017 14:58,422
IH-45 NORTH,Northbound,29.99780858,29.99778517,-95.42550385,-95.42550385,Harris,8/26/2017 8:36,8/26/2017 13:55,319
IH-45 NORTH,Southbound,29.84572,29.84572,-95.39297,-95.39297,Harris,8/26/2017 9:14,8/26/2017 15:00,346
IH-45 NORTH,Southbound,29.78995188,29.78995793,-95.37180814,-95.37180814,Harris,8/26/2017 22:34,8/29/2017 20:01,4167
IH-45 NORTH,Northbound,29.83318,29.83318,-95.38438,-95.38438,Harris,8/26/2017 22:36,8/27/2017 19:26,1250
IH-45 NORTH,Southbound,29.84572,29.84572,-95.39297,-95.39297,Harris,8/26/2017 22:38,8/27/2017 19:32,1254
IH-45 NORTH,Southbound,29.87,29.87,-95.4079,-95.4077,Harris,8/26/2017 22:40,8/27/2017 19:33,1253
IH-45 NORTH,Northbound,29.84572,29.84572,-95.39297,-95.39297,Harris,8/26/2017 22:38,8/27/2017 19:28,1250
IH-45 NORTH,Northbound,29.78995188,29.78995793,-95.37180814,-95.37180814,Harris,8/26/2017 23:34,8/29/2017 20:18,4124
IH-45 NORTH,Northbound,29.89821,29.89821,-95.41209,-95.41209,Harris,8/26/2017 23:41,8/27/2017 19:22,1181
IH-45 NORTH,Northbound,29.99780858,29.99778517,-95.42550385,-95.42550385,Harris,8/27/2017 7:43,8/29/2017 20:45,3662
IH-45 NORTH,Southbound,29.99780858,29.99778517,-95.42550385,-95.42550385,Harris,8/27/2017 7:44,8/29/2017 20:46,3662
IH-45 NORTH,Southbound,29.89821,29.89821,-95.41209,-95.41209,Harris,8/27/2017 12:48,8/29/2017 20:54,3366
IH-45 NORTH,Northbound,29.87642246,29.87645472,-95.41138178,-95.41138178,Harris,8/27/2017 15:55,8/29/2017 15:40,2865
IH-45 NORTH,Southbound,29.87642246,29.87645472,-95.41138178,-95.41138178,Harris,8/27/2017 15:56,8/29/2017 20:08,3132
IH-45 NORTH,Southbound,29.9407,29.9407,-95.4141,-95.4138,Harris,8/27/2017 16:14,8/30/2017 2:10,3476
IH-45 NORTH,Southbound,30.05253285,30.05252357,-95.43180167,-95.43180167,Harris,8/27/2017 18:01,8/31/2017 2:40,4839
IH-45 NORTH,Northbound,30.05253285,30.05252357,-95.43180167,-95.43180167,Harris,8/27/2017 18:05,8/31/2017 2:07,4802
IH-45 NORTH,Southbound,29.91512,29.91512,-95.41241,-95.41241,Harris,8/27/2017 18:26,8/29/2017 18:42,2896
IH-45 NORTH,Northbound,29.91512,29.91512,-95.41241,-95.41241,Harris,8/27/2017 18:27,8/29/2017 18:42,2895
IH-45 NORTH,Northbound,29.76380069,29.76377295,-95.36929675,-95.36929675,Harris,8/31/2017 9:13,8/31/2017 20:42,689
IH-610 EAST LOOP,Northbound,29.7757,29.7757,-95.2641,-95.2639,Harris,8/26/2017 22:47,8/29/2017 15:09,3862
IH-610 EAST LOOP,Southbound,29.7695,29.7695,-95.2654,-95.2651,Harris,8/26/2017 23:03,8/29/2017 15:26,3863
IH-610 EAST LOOP,Northbound,29.7383,29.7381,-95.2654,-95.2651,Harris,8/26/2017 23:02,8/29/2017 15:25,3863
IH-610 EAST LOOP,Southbound,29.7383,29.7381,-95.2654,-95.2651,Harris,8/26/2017 23:03,8/29/2017 15:26,3863
IH-610 EAST LOOP,Northbound,29.7265,29.7265,-95.2669,-95.2666,Harris,8/26/2017 23:20,8/29/2017 15:25,3845
IH-610 NORTH LOOP,Westbound,29.8043,29.8045,-95.2845,-95.2845,Harris,8/26/2017 10:28,8/26/2017 10:42,14
IH-610 NORTH LOOP,Eastbound,29.8132,29.8149,-95.3752,-95.3752,Harris,8/26/2017 22:49,8/29/2017 15:23,3874
IH-610 NORTH LOOP,Westbound,29.7844,29.7844,-95.2649,-95.2649,Harris,8/26/2017 23:05,8/29/2017 15:30,3865
IH-610 NORTH LOOP,Eastbound,29.7844,29.7844,-95.2649,-95.2649,Harris,8/26/2017 23:06,8/29/2017 15:27,3861
IH-610 NORTH LOOP,Eastbound,29.7755,29.7755,-95.2641,-95.2641,Harris,8/26/2017 23:29,8/29/2017 15:23,3834
IH-610 NORTH LOOP,Westbound,29.8129,29.8131,-95.3993,-95.3993,Harris,8/27/2017 0:12,8/29/2017 15:17,3785
IH-610 NORTH LOOP,Eastbound,29.8093,29.8095,-95.3171,-95.3171,Harris,8/27/2017 14:12,8/29/2017 15:14,2942
IH-610 NORTH LOOP,Westbound,29.8093,29.8095,-95.3171,-95.3171,Harris,8/27/2017 14:13,8/29/2017 15:11,2938
IH-610 NORTH LOOP,Eastbound,29.8073,29.8076,-95.3018,-95.3018,Harris,8/27/2017 19:53,8/29/2017 15:12,2599
IH-610 NORTH LOOP,Westbound,29.8073,29.8076,-95.3018,-95.3018,Harris,8/27/2017 19:54,8/29/2017 15:10,2596
IH-610 SOUTH LOOP,Eastbound,29.681,29.6807,-95.3665,-95.3666,Harris,8/26/2017 23:37,8/29/2017 15:24,3827
IH-610 SOUTH LOOP,Eastbound,29.6857,29.6856,-95.3408,-95.3408,Harris,8/26/2017 23:38,8/29/2017 15:24,3826
IH-610 SOUTH LOOP,Eastbound,29.6889,29.6888,-95.3321,-95.332,Harris,8/26/2017 23:40,8/29/2017 15:25,3825
IH-610 SOUTH LOOP,Westbound,29.6889,29.6888,-95.3321,-95.332,Harris,8/26/2017 23:42,8/29/2017 15:19,3817
IH-610 SOUTH LOOP,Eastbound,29.6971,29.6969,-95.3107,-95.3108,Harris,8/26/2017 23:46,8/29/2017 15:18,3812
IH-610 SOUTH LOOP,Eastbound,29.695,29.6948,-95.3192,-95.3191,Harris,8/27/2017 0:37,8/29/2017 15:13,3756
IH-610 SOUTH LOOP,Westbound,29.6793,29.6792,-95.4536,-95.4556,Harris,8/27/2017 7:37,8/29/2017 15:16,3339
IH-610 WEST LOOP,Southbound,29.7059,29.7059,-95.4593,-95.4595,Harris,8/26/2017 21:30,8/29/2017 15:13,3943
IH-610 WEST LOOP,Northbound,29.7263,29.7263,-95.4603,-95.4605,Harris,8/26/2017 21:40,8/29/2017 15:14,3934
IH-610 WEST LOOP,Southbound,29.7263,29.7263,-95.4603,-95.4605,Harris,8/26/2017 21:41,8/29/2017 15:11,3930
IH-610 WEST LOOP,Southbound,29.6892,29.6892,-95.4589,-95.4592,Harris,8/26/2017 21:42,8/26/2017 22:58,76
IH-610 WEST LOOP,Southbound,29.7167,29.7167,-95.4601,-95.4604,Harris,8/26/2017 22:10,8/29/2017 15:12,3902
IH-610 WEST LOOP,Northbound,29.7117,29.7116,-95.46,-95.4603,Harris,8/26/2017 22:13,8/26/2017 22:19,6
IH-610 WEST LOOP,Southbound,29.754,29.754,-95.4555,-95.4557,Harris,8/27/2017 14:47,8/29/2017 15:12,2905
IH-610 WEST LOOP,Northbound,29.754,29.754,-95.4555,-95.4557,Harris,8/27/2017 15:05,8/29/2017 15:15,2890
IH-69,Southbound,29.49431438,29.49431114,-95.91160125,-95.91160125,Fort_Bend,8/25/2017 22:22,8/30/2017 18:50,6988
IH-69,Southbound,29.555969,29.555969,-95.717019,-95.717019,Fort_Bend,8/26/2017 5:10,8/26/2017 7:40,150
IH-69,Northbound,29.534398,29.534398,-95.776479,-95.776479,Fort_Bend,8/26/2017 5:11,8/26/2017 7:44,153
IH-69,Southbound,30.07,30.0699,-95.247,-95.247,Montgomery,8/26/2017 13:49,8/26/2017 15:38,109
IH-69,Southbound,29.546654,29.546654,-95.746749,-95.746749,Fort_Bend,8/26/2017 19:08,8/26/2017 23:12,244
IH-69,Northbound,29.534398,29.534398,-95.776479,-95.776479,Fort_Bend,8/26/2017 19:50,8/26/2017 23:28,218
IH-69,Southbound,30.1045,30.1046,-95.2365,-95.2363,Montgomery,8/27/2017 7:46,8/31/2017 8:32,5806
IH-69,Northbound,29.546654,29.546654,-95.746749,-95.746749,Fort_Bend,8/27/2017 11:52,8/30/2017 18:48,4736
IH-69,Southbound,29.546654,29.546654,-95.746749,-95.746749,Fort_Bend,8/27/2017 11:54,8/30/2017 18:51,4737
IH-69,Southbound,30.2688,30.2688,-95.1389,-95.1389,Montgomery,8/28/2017 7:48,8/31/2017 8:31,4363
IH-69,Northbound,29.580903,29.580903,-95.648076,-95.648076,Fort_Bend,8/28/2017 23:25,8/30/2017 18:49,2604
IH-69,Southbound,29.568156,29.568156,-95.668321,-95.668321,Fort_Bend,8/28/2017 23:24,8/30/2017 18:49,2605
IH-69,Northbound,29.568156,29.568156,-95.668321,-95.668321,Fort_Bend,8/28/2017 23:23,8/31/2017 20:48,4165
IH-69 Eastex Freeway,Southbound,29.90271639,29.90269869,-95.31161554,-95.31161554,Harris,8/26/2017 9:13,8/26/2017 9:47,34
IH-69 Eastex Freeway,Southbound,29.74062,29.74062,-95.3662,-95.3662,Harris,8/26/2017 22:09,8/30/2017 9:14,4985
IH-69 Eastex Freeway,Southbound,29.91079293,29.91077165,-95.30958779,-95.30958779,Harris,8/27/2017 1:03,8/27/2017 1:49,46
IH-69 Eastex Freeway,Southbound,29.80831125,29.80831499,-95.33613575,-95.33613575,Harris,8/27/2017 1:07,8/29/2017 22:23,4156
IH-69 Eastex Freeway,Southbound,29.80831125,29.80831499,-95.33613575,-95.33613575,Harris,8/27/2017 1:18,8/27/2017 1:49,31
IH-69 Eastex Freeway,Northbound,30.0265,30.0265,-95.2589,-95.2589,Harris,8/27/2017 5:37,8/31/2017 21:01,6684
IH-69 Eastex Freeway,Southbound,29.96558299,29.96561492,-95.2844427,-95.2844427,Harris,8/27/2017 6:14,8/29/2017 22:08,3834
IH-69 Eastex Freeway,Southbound,29.9522907,29.95230545,-95.29034617,-95.29034617,Harris,8/27/2017 7:02,8/29/2017 20:20,3678
IH-69 Eastex Freeway,Northbound,29.9522907,29.95230545,-95.29034617,-95.29034617,Harris,8/27/2017 7:03,8/29/2017 20:20,3677
IH-69 Eastex Freeway,Northbound,29.8133366,29.81333267,-95.33519053,-95.33519053,Harris,8/27/2017 20:36,8/29/2017 15:52,2596
IH-69 Eastex Freeway,Southbound,29.8133366,29.81333267,-95.33519053,-95.33519053,Harris,8/27/2017 20:37,8/29/2017 15:49,2592
IH-69 Eastex Freeway,Northbound,29.79389311,29.79390242,-95.3397711,-95.3397711,Harris,8/27/2017 22:19,8/29/2017 19:54,2735
IH-69 Eastex Freeway,Northbound,30.0181,30.018,-95.2624,-95.2624,Harris,8/28/2017 20:30,8/31/2017 21:01,4351
IH-69 Eastex Freeway,Southbound,30.0265,30.0265,-95.2589,-95.2589,Harris,8/28/2017 23:50,8/31/2017 21:12,4162
IH-69 Eastex Freeway,Southbound,29.7444593,29.74444274,-95.36307635,-95.36307635,Harris,8/29/2017 2:10,8/30/2017 17:27,2357
IH-69 SOUTHWEST,Northbound,29.6613,29.6615,-95.5574,-95.5576,Harris,8/26/2017 2:02,8/26/2017 4:00,118
IH-69 SOUTHWEST,Southbound,29.6613,29.6615,-95.5574,-95.5576,Harris,8/26/2017 21:27,8/29/2017 15:37,3970
IH-69 SOUTHWEST,Northbound,29.7044,29.7045,-95.5129,-95.5132,Harris,8/26/2017 21:29,8/28/2017 10:58,2249
IH-69 SOUTHWEST,Northbound,29.6921,29.6922,-95.5269,-95.5272,Harris,8/26/2017 21:38,8/26/2017 23:00,82
IH-69 SOUTHWEST,Southbound,29.7238,29.7238,-95.4912,-95.4917,Harris,8/26/2017 21:39,8/28/2017 11:06,2247
IH-69 SOUTHWEST,Northbound,29.6759,29.6759,-95.5418,-95.5422,Harris,8/26/2017 21:40,8/26/2017 22:59,79
IH-69 SOUTHWEST,Northbound,29.7288,29.7291,-95.4415,-95.4415,Harris,8/26/2017 21:42,8/26/2017 22:28,46
IH-69 SOUTHWEST,Northbound,29.7258,29.7261,-95.4765,-95.4765,Harris,8/26/2017 21:45,8/28/2017 11:01,2236
IH-69 SOUTHWEST,Southbound,29.654,29.654,-95.5655,-95.5656,Harris,8/26/2017 21:59,8/29/2017 15:45,3946
IH-69 SOUTHWEST,Northbound,29.7447,29.7449,-95.3625,-95.3625,Harris,8/26/2017 22:13,8/30/2017 9:11,4978
IH-69 SOUTHWEST,Southbound,29.73398479,29.73407684,-95.37158509,-95.37158509,Harris,8/26/2017 22:57,8/30/2017 10:23,5006
IH-69 SOUTHWEST,Northbound,29.7288,29.729,-95.4606,-95.4606,Harris,8/27/2017 5:31,8/29/2017 19:53,3742
IH-69 SOUTHWEST,Northbound,29.7312,29.7309,-95.402,-95.4021,Harris,8/27/2017 5:59,8/29/2017 16:01,3482
IH-69 SOUTHWEST,Northbound,29.7288,29.729,-95.4606,-95.4606,Harris,8/27/2017 6:00,8/29/2017 19:52,3712
IH-69 SOUTHWEST,Southbound,29.654,29.654,-95.5655,-95.5656,Harris,8/28/2017 1:43,8/28/2017 11:04,561
LOOP-494,Northbound,30.04349,30.04349,-95.25028,-95.25028,Montgomery,8/28/2017 10:14,8/31/2017 8:31,4217
NASA RD 1,Eastbound,29.52857,29.52857,-95.13096,-95.13096,Harris,8/27/2017 18:38,8/29/2017 19:33,2935
NASA RD 1,Westbound,29.52857,29.52857,-95.13096,-95.13096,Harris,8/27/2017 18:39,8/28/2017 23:55,1756
SH 275 / HARBORSIDE,Eastbound,29.28533304,29.28532368,-94.862913,-94.862913,Galveston,8/25/2017 14:37,8/27/2017 19:02,3145
SH 275 / HARBORSIDE,Westbound,29.31435548,29.31434712,-94.7705656,-94.7705656,Galveston,8/25/2017 14:37,8/27/2017 19:03,3146
SH-105,Eastbound,30.32798,30.32798,-95.23932,-95.23932,Montgomery,8/26/2017 10:17,8/26/2017 15:38,321
SH-146,Southbound,29.70836,29.70836,-95.01126,-95.01126,Harris,8/28/2017 17:34,8/28/2017 21:03,209
SH-225,Eastbound,29.7125,29.7123,-95.1973,-95.1973,Harris,8/26/2017 10:56,8/26/2017 15:04,248
SH-225,Westbound,29.7125,29.7123,-95.1973,-95.1973,Harris,8/26/2017 10:56,8/26/2017 15:04,248
SH-225,Eastbound,29.7125,29.7123,-95.1973,-95.1973,Harris,8/26/2017 19:05,8/29/2017 22:08,4503
SH-225,Westbound,29.7125,29.7123,-95.1973,-95.1973,Harris,8/26/2017 19:06,8/26/2017 19:24,18
SH-225,Eastbound,29.7077,29.7075,-95.2282,-95.2282,Harris,8/26/2017 23:20,8/29/2017 22:50,4290
SH-225,Eastbound,29.7104,29.7102,-95.22,-95.22,Harris,8/26/2017 23:22,8/30/2017 19:53,5551
SH-225,Westbound,29.7104,29.7102,-95.22,-95.22,Harris,8/26/2017 23:23,8/30/2017 19:56,5553
SH-225,Westbound,29.7098,29.7095,-95.2668,-95.2671,Harris,8/28/2017 23:03,8/29/2017 16:13,1030
SH-249 TOMBALL PARKWAY,Northbound,30.06681827,30.06683126,-95.62309997,-95.62309997,Harris,8/27/2017 15:34,8/30/2017 9:03,3929
SH-249 TOMBALL PARKWAY,Northbound,29.993,29.993,-95.5759,-95.5759,Harris,8/28/2017 18:58,8/31/2017 8:57,3719
SH-249 TOMBALL PARKWAY,Southbound,29.993,29.993,-95.5759,-95.5759,Harris,8/28/2017 19:00,8/31/2017 8:56,3716
SH-288,Northbound,29.72221181,29.72221819,-95.37698243,-95.37698243,Harris,8/26/2017 7:13,8/26/2017 8:32,79
SH-288,Northbound,29.4392,29.4392,-95.4277,-95.4277,Brazoria,8/26/2017 19:59,8/31/2017 20:01,7202
SH-288,Southbound,29.7338,29.7336,-95.3709,-95.3713,Harris,8/26/2017 22:02,8/30/2017 7:09,4867
SH-288,Northbound,29.6807,29.6807,-95.381,-95.381,Harris,8/26/2017 23:30,8/29/2017 17:58,3988
SH-288,Northbound,29.668,29.668,-95.3828,-95.3828,Harris,8/27/2017 7:05,8/27/2017 12:24,319
SH-288,Southbound,29.6436,29.6436,-95.387,-95.387,Harris,8/27/2017 7:09,8/27/2017 12:30,321
SH-288,Southbound,29.59738775,29.59737941,-95.38657375,-95.38657375,Harris,8/27/2017 7:10,8/31/2017 7:33,5783
SH-288,Northbound,29.59738775,29.59737941,-95.38657375,-95.38657375,Harris,8/27/2017 11:39,8/31/2017 7:28,5509
SH-288,Southbound,29.668,29.668,-95.3828,-95.3828,Harris,8/27/2017 12:25,8/27/2017 16:18,233
SH-288,Northbound,29.7338,29.7336,-95.3709,-95.3713,Harris,8/27/2017 12:43,8/29/2017 7:43,2580
SH-288,Southbound,29.74228199,29.74238507,-95.36433315,-95.36433315,Harris,8/27/2017 12:44,8/29/2017 7:45,2581
SH-288,Northbound,29.71244999,29.7125576,-95.37849191,-95.37849191,Harris,8/27/2017 14:04,8/28/2017 7:26,1042
SH-288,Southbound,29.71244999,29.7125576,-95.37849191,-95.37849191,Harris,8/27/2017 14:04,8/28/2017 9:50,1186
SH-288,Northbound,29.4826,29.4824,-95.40114,-95.40114,Brazoria,8/27/2017 22:14,8/31/2017 2:38,4584
SH-288,Southbound,29.59738775,29.59737941,-95.38657375,-95.38657375,Harris,8/28/2017 14:38,8/29/2017 11:00,1222
SH-288,Southbound,29.58032,29.58032,-95.38582,-95.38582,Brazoria,8/28/2017 17:19,8/30/2017 18:42,2963
SH-288,Southbound,29.3516,29.3516,-95.4247,-95.4247,Brazoria,8/28/2017 17:52,8/31/2017 20:03,4451
SH-288,Northbound,29.58032,29.58032,-95.38582,-95.38582,Brazoria,8/28/2017 19:07,8/30/2017 14:32,2605
SH-288,Northbound,29.3169,29.3169,-95.4238,-95.4238,Brazoria,8/29/2017 1:50,8/30/2017 10:55,1985
SH-3,Northbound,29.34157,29.34157,-94.93567,-94.93567,Galveston,8/27/2017 0:40,8/30/2017 15:06,5186
SH-3,Southbound,29.34157,29.34157,-94.93567,-94.93567,Galveston,8/27/2017 0:41,8/30/2017 15:09,5188
SH-3,Northbound,29.504411,29.504411,-95.092282,-95.092282,Galveston,8/27/2017 1:00,8/30/2017 15:07,5167
SH-3,Southbound,29.504411,29.504411,-95.092282,-95.092282,Galveston,8/27/2017 1:05,8/30/2017 15:06,5161
SH-3,Northbound,29.4525744,29.45249076,-95.04030068,-95.04030068,Galveston,8/29/2017 1:48,8/29/2017 15:12,804
SH-35,Eastbound,29.52142,29.52142,-95.260134,-95.260134,Brazoria,8/27/2017 1:03,8/31/2017 6:56,6113
SH-35,Eastbound,29.44749,29.44749,-95.238795,-95.238795,Brazoria,8/27/2017 22:35,8/30/2017 11:03,3628
SH-35,Eastbound,29.143226,29.143226,-95.637114,-95.637114,Brazoria,8/28/2017 17:29,8/31/2017 13:56,4107
SH-35,Eastbound,29.14712,29.14712,-95.658137,-95.658137,Brazoria,8/29/2017 1:55,8/31/2017 16:56,3781
SH-36,Northbound,29.138058,29.138058,-95.653272,-95.653272,Brazoria,8/28/2017 10:36,8/31/2017 16:58,4702
SH-6,Eastbound,29.507385,29.507385,-95.46127,-95.46127,Fort_Bend,8/26/2017 21:19,8/31/2017 17:06,6947
SH-6,Eastbound,29.46291,29.46291,-95.34352,-95.34352,Brazoria,8/26/2017 21:45,8/31/2017 14:07,6742
SH-6,Northbound,29.78798,29.78798,-95.6447,-95.6447,Harris,8/27/2017 6:48,8/31/2017 17:14,6386
SH-6,Southbound,29.8132,29.8132,-95.6454,-95.6454,Harris,8/27/2017 6:49,8/31/2017 17:18,6389
SH-6,Eastbound,29.45412,29.45412,-95.31788,-95.31788,Brazoria,8/27/2017 9:50,8/31/2017 14:02,6012
SH-6,Eastbound,29.677184,29.677184,-95.643556,-95.643556,Fort_Bend,8/27/2017 13:51,8/31/2017 16:59,5948
SH-6,Eastbound,29.43853499,29.43853499,-95.27180423,-95.27180423,Brazoria,8/27/2017 20:14,8/31/2017 13:23,5349
SH-87/ Broadway,Southbound,29.54969333,29.54965423,-94.38837158,-94.38837158,Galveston,8/25/2017 14:44,8/27/2017 19:10,3146
SH-87/ Broadway,Northbound,29.50841144,29.50839277,-94.50027204,-94.50027204,Galveston,8/25/2017 14:48,8/27/2017 19:13,3145
SH-87/ Broadway,Southbound,29.30934904,29.30932098,-94.76911407,-94.76911407,Galveston,8/26/2017 10:55,8/30/2017 15:04,6009
SH-87/ Broadway,Northbound,29.32726764,29.32727196,-94.77320939,-94.77320939,Galveston,8/26/2017 10:56,8/30/2017 15:05,6009
SH-99 Lanier Pkwy,Northbound,29.581482,29.581482,-95.67844,-95.67844,Fort_Bend,8/28/2017 23:23,8/31/2017 17:25,3962
SH-99 Lanier Pkwy,Southbound,29.581482,29.581482,-95.67844,-95.67844,Fort_Bend,8/28/2017 23:24,8/31/2017 17:23,3959
SH-99 Lanier Pkwy - North,Eastbound,30.075341,30.075341,-95.556819,-95.556819,Harris,8/27/2017 15:21,8/29/2017 11:58,2677
SH-99 Lanier Pkwy - North,Westbound,30.075341,30.075341,-95.556819,-95.556819,Harris,8/27/2017 15:22,8/29/2017 11:54,2672
SH-99 Lanier Pkwy - North,Westbound,30.13744393,30.13744393,-95.30804728,-95.30804728,Montgomery,8/27/2017 19:46,8/29/2017 22:04,3018
SH-99 Lanier Pkwy - North,Eastbound,30.13744393,30.13744393,-95.30804728,-95.30804728,Montgomery,8/27/2017 19:47,8/30/2017 13:25,3938
SH-99 Lanier Pkwy - North,Eastbound,30.13756222,30.13764438,-95.29042172,-95.29042172,Montgomery,8/27/2017 19:54,8/30/2017 13:24,3930
SH-99 Lanier Pkwy - North,Westbound,30.13756222,30.13764438,-95.29042172,-95.29042172,Montgomery,8/27/2017 19:54,8/30/2017 13:26,3932
SH-99 Lanier Pkwy - North,Westbound,30.13756222,30.13764438,-95.29042172,-95.29042172,Montgomery,8/28/2017 11:39,8/29/2017 8:02,1223
SH-99 Lanier Pkwy - North,Eastbound,30.141196,30.141196,-95.338406,-95.338406,Montgomery,8/29/2017 8:05,8/30/2017 13:25,1760
SH-99 Lanier Pkwy - North,Westbound,30.141196,30.141196,-95.338406,-95.338406,Montgomery,8/29/2017 8:11,8/30/2017 16:21,1930
SH-99 Lanier Pkwy - West,Northbound,29.998957,29.998957,-95.768975,-95.768975,Harris,8/27/2017 1:35,8/29/2017 22:14,4119
SH-99 Lanier Pkwy - West,Northbound,29.83169623,29.83173346,-95.76066809,-95.76066809,Harris,8/27/2017 12:58,8/29/2017 22:16,3438
SH-99 Lanier Pkwy - West,Northbound,29.87528467,29.87527727,-95.75652727,-95.75652727,Harris,8/27/2017 18:51,8/29/2017 23:44,3173
SH-99 Lanier Pkwy - West,Southbound,29.87528467,29.87527727,-95.75652727,-95.75652727,Harris,8/27/2017 18:52,8/29/2017 23:43,3171
SH-99 Lanier Pkwy - West,Northbound,29.904441,29.904441,-95.758593,-95.758593,Harris,8/27/2017 18:54,8/29/2017 23:44,3170
SH-99 Lanier Pkwy - West,Southbound,29.904441,29.904441,-95.758593,-95.758593,Harris,8/27/2017 18:55,8/29/2017 23:41,3166
SH-99 Lanier Pkwy - West,Southbound,29.95951111,29.95942823,-95.76972834,-95.76972834,Harris,8/28/2017 3:22,8/29/2017 23:43,2661
SH-99 Lanier Pkwy - West,Northbound,29.785429,29.785429,-95.777312,-95.777312,Harris,8/28/2017 3:29,8/29/2017 23:44,2655
SH-99 Lanier Pkwy - West,Southbound,29.84622286,29.84623217,-95.75625929,-95.75625929,Harris,8/29/2017 9:01,8/29/2017 23:43,882
SHT,Southbound,29.6656,29.6656,-95.1558,-95.1556,Harris,8/26/2017 8:08,8/26/2017 14:03,355
SHT,Northbound,29.6815,29.6815,-95.1555,-95.1552,Harris,8/26/2017 8:24,8/26/2017 9:49,85
SHT,Southbound,29.6839,29.6838,-95.1547,-95.1545,Harris,8/26/2017 8:24,8/26/2017 9:13,49
SHT,Southbound,29.6498,29.6498,-95.1562,-95.1561,Harris,8/26/2017 23:02,8/29/2017 10:37,3575
SHT,Southbound,29.6656,29.6656,-95.1558,-95.1556,Harris,8/26/2017 23:23,8/29/2017 12:59,3696
SHT,Southbound,29.6839,29.6838,-95.1547,-95.1545,Harris,8/26/2017 23:31,8/27/2017 12:24,773
SHT,Northbound,29.6498,29.6498,-95.1562,-95.1561,Harris,8/27/2017 0:15,8/29/2017 10:25,3490
SHT,Northbound,29.6839,29.6838,-95.1547,-95.1545,Harris,8/27/2017 0:29,8/27/2017 12:24,715
SHT,Northbound,29.6656,29.6656,-95.1558,-95.1556,Harris,8/27/2017 0:30,8/29/2017 13:00,3630
SHT,Northbound,29.6815,29.6815,-95.1555,-95.1552,Harris,8/27/2017 2:07,8/29/2017 21:59,4072
SHT,Northbound,29.6498,29.6498,-95.1562,-95.1561,Harris,8/27/2017 9:08,8/29/2017 10:37,2969
SHT,Northbound,29.6498,29.6498,-95.1562,-95.1561,Harris,8/27/2017 9:35,8/27/2017 12:23,168
SHT,Southbound,29.6165,29.6163,-95.1918,-95.1917,Harris,8/27/2017 11:13,8/29/2017 21:58,3525
SHT,Southbound,29.85325,29.85325,-95.18693,-95.18693,Harris,8/27/2017 13:07,8/30/2017 9:32,4105
SHT,Northbound,29.88311,29.88311,-95.19779,-95.19779,Harris,8/27/2017 16:58,8/29/2017 14:39,2741
SHT,Northbound,29.85325,29.85325,-95.18693,-95.18693,Harris,8/27/2017 17:25,8/30/2017 9:29,3844
SHT,Northbound,29.88311,29.88311,-95.19779,-95.19779,Harris,8/27/2017 17:44,8/30/2017 9:28,3824
SHT,Southbound,29.6165,29.6163,-95.1918,-95.1917,Harris,8/27/2017 22:12,8/29/2017 21:59,2867
SHT,Northbound,29.6306,29.6306,-95.1703,-95.1702,Harris,8/27/2017 23:29,8/29/2017 10:32,2103
SHT,Southbound,29.90672,29.90672,-95.202279,-95.202279,Harris,8/29/2017 14:34,8/30/2017 9:31,1137
SHT,Southbound,29.88311,29.88311,-95.19779,-95.19779,Harris,8/29/2017 14:45,8/30/2017 9:30,1125
SHT,Southbound,29.92455,29.92455,-95.19978,-95.19978,Harris,8/29/2017 14:52,8/30/2017 9:31,1119
SHT,Westbound,29.93473,29.93473,-95.22574,-95.22574,Harris,8/27/2017 5:06,8/30/2017 9:23,4577
SHT,Westbound,29.9375,29.9377,-95.4599,-95.4599,Harris,8/27/2017 6:39,8/30/2017 9:23,4484
SHT,Westbound,29.9377,29.9379,-95.4323,-95.4323,Harris,8/27/2017 7:02,8/30/2017 9:22,4460
SHT,Eastbound,29.93473,29.93473,-95.22574,-95.22574,Harris,8/27/2017 16:36,8/30/2017 9:21,3885
SHT,Eastbound,29.93473,29.93473,-95.24953,-95.24953,Harris,8/27/2017 17:21,8/30/2017 9:21,3840
SHT,Eastbound,29.6264,29.6262,-95.5177,-95.5182,Harris,8/26/2017 1:40,8/26/2017 3:41,121
SHT,Westbound,29.6264,29.6262,-95.5177,-95.5182,Harris,8/26/2017 1:44,8/26/2017 3:41,117
SHT,Eastbound,29.6264,29.6262,-95.5177,-95.5182,Harris,8/26/2017 20:22,8/26/2017 20:27,5
SHT,Westbound,29.6264,29.6262,-95.5177,-95.5182,Harris,8/26/2017 20:23,8/26/2017 20:28,5
SHT,Eastbound,29.6264,29.6262,-95.5177,-95.5182,Harris,8/26/2017 20:50,8/29/2017 22:11,4401
SHT,Westbound,29.6264,29.6262,-95.5177,-95.5182,Harris,8/26/2017 20:50,8/29/2017 22:11,4401
SHT,Eastbound,29.6443,29.644,-95.5389,-95.5392,Harris,8/26/2017 21:16,8/29/2017 10:40,3684
SHT,Westbound,29.6443,29.644,-95.5389,-95.5392,Harris,8/26/2017 21:18,8/29/2017 10:39,3681
SHT,Eastbound,29.599,29.5987,-95.3535,-95.3533,Harris,8/26/2017 21:50,8/30/2017 6:05,4815
SHT,Eastbound,29.5974,29.597,-95.4264,-95.4265,Harris,8/26/2017 21:51,8/27/2017 17:19,1168
SHT,Eastbound,29.60503,29.60503,-95.47413,-95.47413,Harris,8/26/2017 22:01,8/28/2017 12:03,2282
SHT,Westbound,29.599,29.5987,-95.3535,-95.3533,Harris,8/26/2017 22:26,8/26/2017 23:28,62
SHT,Westbound,29.60024,29.60024,-95.26627,-95.26627,Harris,8/26/2017 22:36,8/29/2017 22:08,4292
SHT,Eastbound,29.6007,29.6004,-95.2475,-95.2474,Harris,8/26/2017 22:41,8/26/2017 22:40,-1
SHT,Eastbound,29.6007,29.6004,-95.2475,-95.2474,Harris,8/26/2017 23:53,8/29/2017 12:56,3663
SHT,Eastbound,29.60651,29.60651,-95.20528,-95.20528,Harris,8/26/2017 23:54,8/29/2017 12:45,3651
SHT,Westbound,29.60651,29.60651,-95.20528,-95.20528,Harris,8/27/2017 0:04,8/29/2017 10:33,3509
SHT,Westbound,29.6004,29.6002,-95.4647,-95.4648,Harris,8/27/2017 1:10,8/30/2017 5:16,4566
SHT,Eastbound,29.5976,29.5973,-95.3865,-95.3865,Harris,8/27/2017 8:08,8/31/2017 10:37,5909
SHT,Eastbound,29.599,29.5987,-95.3535,-95.3533,Harris,8/27/2017 8:29,8/27/2017 12:10,221
SHT,Eastbound,29.60651,29.60651,-95.20528,-95.20528,Harris,8/27/2017 9:00,8/29/2017 12:57,3117
SHT,Eastbound,29.5976,29.5973,-95.3865,-95.3865,Harris,8/27/2017 12:06,8/30/2017 8:37,4111
SHT,Westbound,29.6009,29.6007,-95.2287,-95.2286,Harris,8/28/2017 20:53,8/30/2017 9:29,2196
SHT,Eastbound,29.60503,29.60503,-95.47413,-95.47413,Harris,8/28/2017 20:55,8/30/2017 5:14,1939
SHT,Westbound,29.6007,29.6004,-95.2475,-95.2474,Harris,8/28/2017 21:19,8/30/2017 9:30,2171
SHT,Northbound,29.7222,29.7221,-95.5573,-95.5575,Harris,8/26/2017 21:27,8/26/2017 22:08,41
SHT,Northbound,29.8127,29.8127,-95.5636,-95.5636,Harris,8/26/2017 22:20,8/29/2017 11:33,3673
SHT,Southbound,29.7222,29.7221,-95.5573,-95.5575,Harris,8/27/2017 0:55,8/28/2017 9:47,1972
SHT,Southbound,29.7844,29.7844,-95.5629,-95.5631,Harris,8/27/2017 1:46,8/31/2017 9:22,6216
SHT,Southbound,29.7728,29.7728,-95.5626,-95.5628,Harris,8/27/2017 1:54,8/29/2017 14:18,3624
SHT,Northbound,29.7047,29.7046,-95.5571,-95.5573,Harris,8/27/2017 4:53,8/29/2017 13:04,3371
SHT,Northbound,29.7277,29.7277,-95.5574,-95.5576,Harris,8/27/2017 7:59,8/28/2017 12:24,1705
SHT,Southbound,29.6615,29.6608,-95.5576,-95.5584,Harris,8/27/2017 8:02,8/29/2017 13:00,3178
SHT,Southbound,29.7477,29.7477,-95.5577,-95.5579,Harris,8/27/2017 8:46,8/29/2017 12:42,3116
SHT,Southbound,29.788188,29.788188,-95.56313,-95.56313,Harris,8/27/2017 8:48,8/29/2017 11:38,3050
SHT,Northbound,29.8503,29.8503,-95.5637,-95.5639,Harris,8/27/2017 8:52,8/29/2017 13:01,3129
SHT,Northbound,29.7277,29.7277,-95.5574,-95.5576,Harris,8/27/2017 9:39,8/29/2017 13:02,3083
SHT,Northbound,29.7674,29.7673,-95.5617,-95.5618,Harris,8/27/2017 11:04,8/29/2017 14:18,3074
SHT,Northbound,29.6747,29.6747,-95.5603,-95.5604,Harris,8/27/2017 11:20,8/28/2017 9:49,1349
SHT,Southbound,29.6747,29.6747,-95.5603,-95.5604,Harris,8/27/2017 11:22,8/29/2017 13:01,2979
SHT,Northbound,29.7728,29.7728,-95.5626,-95.5628,Harris,8/27/2017 11:38,8/29/2017 14:18,3040
SHT,Northbound,29.737,29.7369,-95.5575,-95.5577,Harris,8/27/2017 11:47,8/29/2017 12:57,2950
SHT,Southbound,29.832,29.832,-95.5637,-95.5639,Harris,8/27/2017 11:54,8/29/2017 13:00,2946
SHT,Northbound,29.7674,29.7673,-95.5617,-95.5618,Harris,8/27/2017 12:08,8/29/2017 13:04,2936
SPUR-342,Northbound,29.28866,29.28866,-94.83793,-94.83793,Galveston,8/25/2017 14:39,8/30/2017 15:08,7229
Tomball Tollway,Southbound,30.06682381,30.06682553,-95.62310109,-95.62310109,Harris,8/27/2017 8:17,8/30/2017 9:06,4369
US-290,Eastbound,30.0806,30.0806,-95.9908,-95.9908,Waller,8/26/2017 20:50,8/27/2017 1:15,265
US-290,Westbound,30.0806,30.0806,-95.9908,-95.9908,Waller,8/26/2017 20:53,8/27/2017 1:15,262
US-290,Eastbound,30.0806,30.0806,-95.9908,-95.9908,Waller,8/27/2017 20:56,8/31/2017 11:11,5175
US-290 NORTHWEST,Eastbound,30.0632,30.0634,-95.9087,-95.9087,Harris,8/25/2017 23:41,8/26/2017 13:39,838
US-290 NORTHWEST,Eastbound,29.8379,29.8383,-95.4888,-95.4888,Harris,8/26/2017 6:40,8/26/2017 13:40,420
US-290 NORTHWEST,Eastbound,29.8669,29.867,-95.5408,-95.5408,Harris,8/26/2017 8:36,8/29/2017 19:45,4989
US-290 NORTHWEST,Westbound,29.9007,29.901,-95.5993,-95.5993,Harris,8/26/2017 9:42,8/26/2017 14:00,258
US-290 NORTHWEST,Westbound,29.9031,29.9033,-95.6026,-95.6026,Harris,8/26/2017 21:23,8/31/2017 10:42,6559
US-290 NORTHWEST,Eastbound,29.8795,29.8795,-95.569,-95.569,Harris,8/27/2017 1:10,8/31/2017 11:10,6360
US-290 NORTHWEST,Eastbound,30.0573,30.0576,-95.8911,-95.8911,Harris,8/27/2017 6:24,8/31/2017 11:08,6044
US-290 NORTHWEST,Eastbound,29.9629,29.9631,-95.6878,-95.6878,Harris,8/29/2017 8:12,8/29/2017 22:21,849
US-290 NORTHWEST,Eastbound,29.9629,29.9631,-95.6878,-95.6878,Harris,8/30/2017 19:34,8/31/2017 13:27,1073
US-90,Westbound,29.83293,29.83293,-95.1752,-95.1752,Harris,8/27/2017 2:47,8/29/2017 19:35,3888
US-90,Westbound,29.8297,29.8296,-95.1824,-95.1824,Harris,8/27/2017 2:48,8/31/2017 13:39,6411
US-90,Westbound,29.93630994,29.93661569,-95.03167518,-95.03167518,Harris,8/28/2017 22:41,8/31/2017 19:59,4158
US-90 ALTERNATE,Westbound,29.601591,29.601591,-95.684453,-95.684453,Fort_Bend,8/28/2017 23:21,8/31/2017 19:54,4113
US-90 ALTERNATE,Eastbound,29.627269,29.627269,-95.5827,-95.5827,Fort_Bend,8/28/2017 23:29,8/30/2017 18:51,2602
US-90 ALTERNATE,Eastbound,29.532909,29.532909,-96.055298,-96.055298,Fort_Bend,8/29/2017 1:01,8/30/2017 18:52,2511
US-90 ALTERNATE,Westbound,29.532909,29.532909,-96.055298,-96.055298,Fort_Bend,8/29/2017 1:02,8/30/2017 18:53,2511
US-90 ALTERNATE,Eastbound,29.601591,29.601591,-95.684453,-95.684453,Fort_Bend,8/31/2017 13:53,8/31/2017 19:47,354
WT,Eastbound,29.72354,29.72354,-95.49154,-95.49154,Harris,8/26/2017 21:22,8/29/2017 10:40,3678
WT,Eastbound,29.7262465,29.72623478,-95.46252,-95.46252,Harris,8/26/2017 21:29,8/29/2017 13:13,3824
WT,Eastbound,29.72629294,29.72008225,-95.46037975,-95.46037975,Harris,8/26/2017 21:38,8/28/2017 17:23,2625
WT,Westbound,29.725403,29.725403,-95.468258,-95.468258,Harris,8/26/2017 22:19,8/29/2017 12:45,3746
WT,Eastbound,29.721239,29.721239,-95.520294,-95.520294,Harris,8/26/2017 22:55,8/29/2017 12:43,3708
WT,Westbound,29.718322,29.718322,-95.557403,-95.557403,Harris,8/27/2017 3:29,8/29/2017 13:06,3457
WT,Eastbound,29.719672,29.719672,-95.539047,-95.539047,Harris,8/27/2017 7:35,8/29/2017 13:12,3217
WT,Eastbound,29.7262465,29.72623478,-95.46252,-95.46252,Harris,8/29/2017 15:46,8/29/2017 16:27,41