,TIME_ENTERED_OLD,TIME_ENTERED,DATE_ENTERED,DETECTION_DATE_TIME_OLD,DETECTION_TIME,DETECTION_DATE,VERIFICATION_DATE_TIME_OLD,VERIFICATION_TIME,VERIFICATION_DATE,CLEARED_DATE_TIME_OLD,CLEARED_TIME,CLEARED_DATE,TOTAL_MINUTES
0,8/26/2017 3:56,3:56,8/26/2017,8/26/2017 3:52,3:52,8/26/2017,8/26/2017 3:53,3:53,8/26/2017,8/26/2017 3:56,3:56,8/26/2017,0
1,8/26/2017 8:06,8:06,8/26/2017,8/26/2017 8:04,8:04,8/26/2017,8/26/2017 8:04,8:04,8/26/2017,8/26/2017 14:03,14:03,8/26/2017,357
2,8/27/2017 1:50,1:50,8/27/2017,8/27/2017 1:49,1:49,8/27/2017,8/27/2017 1:49,1:49,8/27/2017,8/30/2017 8:55,8:55,8/30/2017,4745
3,8/27/2017 8:49,8:49,8/27/2017,8/27/2017 8:49,8:49,8/27/2017,8/27/2017 8:49,8:49,8/27/2017,8/30/2017 9:20,9:20,8/30/2017,4351
4,8/27/2017 11:55,11:55,8/27/2017,8/27/2017 11:53,11:53,8/27/2017,8/27/2017 11:54,11:54,8/27/2017,8/30/2017 8:53,8:53,8/30/2017,4138
5,8/27/2017 20:44,20:44,8/27/2017,8/27/2017 20:44,20:44,8/27/2017,8/27/2017 20:44,20:44,8/27/2017,8/31/2017 17:27,17:27,8/31/2017,5563
6,8/26/2017 8:44,8:44,8/26/2017,8/26/2017 8:36,8:36,8/26/2017,8/26/2017 8:41,8:41,8/26/2017,8/26/2017 15:43,15:43,8/26/2017,419
7,8/26/2017 8:46,8:46,8/26/2017,8/26/2017 8:44,8:44,8/26/2017,8/26/2017 8:45,8:45,8/26/2017,8/26/2017 9:49,9:49,8/26/2017,63
8,8/26/2017 8:47,8:47,8/26/2017,8/26/2017 8:46,8:46,8/26/2017,8/26/2017 8:46,8:46,8/26/2017,8/26/2017 9:48,9:48,8/26/2017,61
9,8/27/2017 0:19,0:19,8/27/2017,8/27/2017 0:18,0:18,8/27/2017,8/27/2017 0:18,0:18,8/27/2017,8/30/2017 10:17,10:17,8/30/2017,4918
10,8/27/2017 0:23,0:23,8/27/2017,8/27/2017 0:22,0:22,8/27/2017,8/27/2017 0:22,0:22,8/27/2017,8/29/2017 20:19,20:19,8/29/2017,4076
11,8/27/2017 0:27,0:27,8/27/2017,8/27/2017 0:26,0:26,8/27/2017,8/27/2017 0:30,0:30,8/27/2017,8/30/2017 17:17,17:17,8/30/2017,5330
12,8/27/2017 3:08,3:08,8/27/2017,8/27/2017 3:07,3:07,8/27/2017,8/27/2017 3:07,3:07,8/27/2017,8/29/2017 15:10,15:10,8/29/2017,3602
13,8/27/2017 5:31,5:31,8/27/2017,8/27/2017 5:30,5:30,8/27/2017,8/27/2017 5:30,5:30,8/27/2017,8/29/2017 15:08,15:08,8/29/2017,3457
14,8/27/2017 5:33,5:33,8/27/2017,8/27/2017 5:31,5:31,8/27/2017,8/27/2017 5:31,5:31,8/27/2017,8/30/2017 8:18,8:18,8/30/2017,4485
15,8/27/2017 5:49,5:49,8/27/2017,8/27/2017 5:49,5:49,8/27/2017,8/27/2017 5:49,5:49,8/27/2017,8/29/2017 13:02,13:02,8/29/2017,3313
16,8/27/2017 5:49,5:49,8/27/2017,8/27/2017 5:49,5:49,8/27/2017,8/27/2017 5:49,5:49,8/27/2017,8/30/2017 11:19,11:19,8/30/2017,4650
17,8/27/2017 5:50,5:50,8/27/2017,8/27/2017 5:49,5:49,8/27/2017,8/27/2017 5:50,5:50,8/27/2017,8/29/2017 13:02,13:02,8/29/2017,3312
18,8/27/2017 8:31,8:31,8/27/2017,8/27/2017 8:29,8:29,8/27/2017,8/27/2017 8:29,8:29,8/27/2017,8/29/2017 15:08,15:08,8/29/2017,3277
19,8/27/2017 9:10,9:10,8/27/2017,8/27/2017 9:09,9:09,8/27/2017,8/27/2017 9:09,9:09,8/27/2017,8/29/2017 15:09,15:09,8/29/2017,3239
20,8/27/2017 19:20,19:20,8/27/2017,8/27/2017 19:20,19:20,8/27/2017,8/27/2017 19:20,19:20,8/27/2017,8/29/2017 15:09,15:09,8/29/2017,2629
21,8/27/2017 19:21,19:21,8/27/2017,8/27/2017 19:21,19:21,8/27/2017,8/27/2017 19:21,19:21,8/27/2017,8/29/2017 20:25,20:25,8/29/2017,2944
22,8/27/2017 23:20,23:20,8/27/2017,8/27/2017 23:19,23:19,8/27/2017,8/27/2017 23:19,23:19,8/27/2017,8/29/2017 20:21,20:21,8/29/2017,2701
23,8/26/2017 21:35,21:35,8/26/2017,8/26/2017 21:30,21:30,8/26/2017,8/26/2017 21:30,21:30,8/26/2017,8/30/2017 9:20,9:20,8/30/2017,5025
24,8/26/2017 21:34,21:34,8/26/2017,8/26/2017 21:33,21:33,8/26/2017,8/26/2017 21:33,21:33,8/26/2017,8/30/2017 10:18,10:18,8/30/2017,5084
25,8/26/2017 23:32,23:32,8/26/2017,8/26/2017 23:31,23:31,8/26/2017,8/26/2017 23:31,23:31,8/26/2017,8/30/2017 8:22,8:22,8/30/2017,4850
26,8/27/2017 5:52,5:52,8/27/2017,8/27/2017 5:51,5:51,8/27/2017,8/27/2017 5:51,5:51,8/27/2017,8/30/2017 7:54,7:54,8/30/2017,4442
27,8/27/2017 8:32,8:32,8/27/2017,8/27/2017 8:31,8:31,8/27/2017,8/27/2017 8:32,8:32,8/27/2017,8/30/2017 7:53,7:53,8/30/2017,4281
28,8/27/2017 8:34,8:34,8/27/2017,8/27/2017 8:33,8:33,8/27/2017,8/27/2017 8:33,8:33,8/27/2017,8/30/2017 7:55,7:55,8/30/2017,4281
29,8/26/2017 1:25,1:25,8/26/2017,8/26/2017 1:24,1:24,8/26/2017,8/26/2017 1:25,1:25,8/26/2017,8/26/2017 3:45,3:45,8/26/2017,140
30,8/26/2017 20:52,20:52,8/26/2017,8/26/2017 20:52,20:52,8/26/2017,8/26/2017 20:52,20:52,8/26/2017,8/27/2017 19:42,19:42,8/27/2017,1370
31,8/26/2017 21:11,21:11,8/26/2017,8/26/2017 21:05,21:05,8/26/2017,8/26/2017 21:05,21:05,8/26/2017,8/28/2017 12:22,12:22,8/28/2017,2351
32,8/26/2017 21:20,21:20,8/26/2017,8/26/2017 21:18,21:18,8/26/2017,8/26/2017 21:19,21:19,8/26/2017,8/26/2017 22:50,22:50,8/26/2017,90
33,8/26/2017 22:21,22:21,8/26/2017,8/26/2017 22:19,22:19,8/26/2017,8/26/2017 22:19,22:19,8/26/2017,8/29/2017 15:38,15:38,8/29/2017,3917
34,8/26/2017 22:22,22:22,8/26/2017,8/26/2017 22:21,22:21,8/26/2017,8/26/2017 22:21,22:21,8/26/2017,8/30/2017 8:25,8:25,8/30/2017,4923
35,8/26/2017 22:43,22:43,8/26/2017,8/26/2017 22:41,22:41,8/26/2017,8/26/2017 22:41,22:41,8/26/2017,8/29/2017 20:07,20:07,8/29/2017,4164
36,8/27/2017 11:48,11:48,8/27/2017,8/27/2017 11:47,11:47,8/27/2017,8/27/2017 11:47,11:47,8/27/2017,8/31/2017 9:43,9:43,8/31/2017,5635
37,8/29/2017 15:28,15:28,8/29/2017,8/29/2017 15:28,15:28,8/29/2017,8/29/2017 15:28,15:28,8/29/2017,8/30/2017 5:01,5:01,8/30/2017,813
38,8/27/2017 20:53,20:53,8/27/2017,8/27/2017 20:48,20:48,8/27/2017,8/27/2017 21:03,21:03,8/27/2017,8/31/2017 15:16,15:16,8/31/2017,5423
39,8/26/2017 21:23,21:23,8/26/2017,8/26/2017 21:22,21:22,8/26/2017,8/26/2017 21:22,21:22,8/26/2017,8/30/2017 18:27,18:27,8/30/2017,5584
40,8/26/2017 21:24,21:24,8/26/2017,8/26/2017 21:23,21:23,8/26/2017,8/26/2017 21:23,21:23,8/26/2017,8/30/2017 18:27,18:27,8/30/2017,5583
41,8/28/2017 23:29,23:29,8/28/2017,8/28/2017 23:28,23:28,8/28/2017,8/28/2017 23:28,23:28,8/28/2017,8/30/2017 18:32,18:32,8/30/2017,2583
42,8/28/2017 23:30,23:30,8/28/2017,8/28/2017 23:29,23:29,8/28/2017,8/28/2017 23:29,23:29,8/28/2017,8/30/2017 18:32,18:32,8/30/2017,2582
43,8/27/2017 20:04,20:04,8/27/2017,8/27/2017 20:02,20:02,8/27/2017,8/27/2017 20:03,20:03,8/27/2017,8/31/2017 6:54,6:54,8/31/2017,4970
44,8/27/2017 20:09,20:09,8/27/2017,8/27/2017 20:06,20:06,8/27/2017,8/27/2017 20:07,20:07,8/27/2017,8/31/2017 6:52,6:52,8/31/2017,4963
45,8/28/2017 16:01,16:01,8/28/2017,8/28/2017 16:00,16:00,8/28/2017,8/28/2017 16:06,16:06,8/28/2017,8/31/2017 17:32,17:32,8/31/2017,4411
46,8/28/2017 16:07,16:07,8/28/2017,8/28/2017 16:06,16:06,8/28/2017,8/28/2017 16:06,16:06,8/28/2017,8/31/2017 17:36,17:36,8/31/2017,4409
47,8/27/2017 19:17,19:17,8/27/2017,8/27/2017 19:15,19:15,8/27/2017,8/27/2017 19:15,19:15,8/27/2017,8/31/2017 17:44,17:44,8/31/2017,5667
48,8/27/2017 19:18,19:18,8/27/2017,8/27/2017 19:18,19:18,8/27/2017,8/27/2017 19:18,19:18,8/27/2017,8/31/2017 17:46,17:46,8/31/2017,5668
49,8/28/2017 11:24,11:24,8/28/2017,8/28/2017 11:23,11:23,8/28/2017,8/28/2017 11:23,11:23,8/28/2017,8/31/2017 17:43,17:43,8/31/2017,4699
50,8/27/2017 12:56,12:56,8/27/2017,8/27/2017 12:55,12:55,8/27/2017,8/27/2017 12:55,12:55,8/27/2017,8/30/2017 18:33,18:33,8/30/2017,4657
51,8/27/2017 12:58,12:58,8/27/2017,8/27/2017 12:58,12:58,8/27/2017,8/27/2017 12:58,12:58,8/27/2017,8/30/2017 18:35,18:35,8/30/2017,4657
52,8/29/2017 1:54,1:54,8/29/2017,8/29/2017 1:51,1:51,8/29/2017,8/29/2017 1:52,1:52,8/29/2017,8/31/2017 13:46,13:46,8/31/2017,3592
53,8/28/2017 23:06,23:06,8/28/2017,8/28/2017 23:05,23:05,8/28/2017,8/28/2017 23:05,23:05,8/28/2017,8/31/2017 17:57,17:57,8/31/2017,4011
54,8/26/2017 19:54,19:54,8/26/2017,8/26/2017 19:52,19:52,8/26/2017,8/26/2017 19:52,19:52,8/26/2017,8/30/2017 18:36,18:36,8/30/2017,5682
55,8/26/2017 19:56,19:56,8/26/2017,8/26/2017 19:55,19:55,8/26/2017,8/26/2017 19:55,19:55,8/26/2017,8/30/2017 18:37,18:37,8/30/2017,5681
56,8/27/2017 4:10,4:10,8/27/2017,8/27/2017 4:05,4:05,8/27/2017,8/27/2017 4:05,4:05,8/27/2017,8/31/2017 17:59,17:59,8/31/2017,6589
57,8/27/2017 15:23,15:23,8/27/2017,8/27/2017 15:23,15:23,8/27/2017,8/27/2017 15:23,15:23,8/27/2017,8/31/2017 8:27,8:27,8/31/2017,5344
58,8/28/2017 7:28,7:28,8/28/2017,8/28/2017 7:25,7:25,8/28/2017,8/28/2017 7:25,7:25,8/28/2017,8/31/2017 18:01,18:01,8/31/2017,4953
59,8/27/2017 1:21,1:21,8/27/2017,8/27/2017 1:19,1:19,8/27/2017,8/27/2017 1:19,1:19,8/27/2017,8/30/2017 15:05,15:05,8/30/2017,5144
60,8/28/2017 7:15,7:15,8/28/2017,8/28/2017 7:13,7:13,8/28/2017,8/28/2017 7:13,7:13,8/28/2017,8/31/2017 18:31,18:31,8/31/2017,4996
61,8/28/2017 15:58,15:58,8/28/2017,8/28/2017 15:57,15:57,8/28/2017,8/28/2017 15:57,15:57,8/28/2017,8/31/2017 18:32,18:32,8/31/2017,4474
62,8/28/2017 16:00,16:00,8/28/2017,8/28/2017 15:59,15:59,8/28/2017,8/28/2017 15:59,15:59,8/28/2017,8/31/2017 18:12,18:12,8/31/2017,4452
63,8/27/2017 1:57,1:57,8/27/2017,8/27/2017 1:56,1:56,8/27/2017,8/27/2017 1:56,1:56,8/27/2017,8/30/2017 16:27,16:27,8/30/2017,5190
64,8/28/2017 8:55,8:55,8/28/2017,8/28/2017 8:53,8:53,8/28/2017,8/28/2017 8:53,8:53,8/28/2017,8/30/2017 16:27,16:27,8/30/2017,3332
65,8/26/2017 8:25,8:25,8/26/2017,8/26/2017 8:19,8:19,8/26/2017,8/26/2017 8:23,8:23,8/26/2017,8/26/2017 15:38,15:38,8/26/2017,433
66,8/28/2017 16:13,16:13,8/28/2017,8/28/2017 16:13,16:13,8/28/2017,8/28/2017 16:13,16:13,8/28/2017,8/31/2017 18:38,18:38,8/31/2017,4465
67,8/28/2017 16:14,16:14,8/28/2017,8/28/2017 16:14,16:14,8/28/2017,8/28/2017 16:14,16:14,8/28/2017,8/31/2017 18:38,18:38,8/31/2017,4464
68,8/28/2017 16:19,16:19,8/28/2017,8/28/2017 16:19,16:19,8/28/2017,8/28/2017 16:19,16:19,8/28/2017,8/31/2017 18:41,18:41,8/31/2017,4462
69,8/28/2017 16:20,16:20,8/28/2017,8/28/2017 16:19,16:19,8/28/2017,8/28/2017 16:19,16:19,8/28/2017,8/31/2017 18:40,18:40,8/31/2017,4460
70,8/28/2017 23:02,23:02,8/28/2017,8/28/2017 22:58,22:58,8/28/2017,8/28/2017 22:58,22:58,8/28/2017,8/31/2017 19:04,19:04,8/31/2017,4082
71,8/26/2017 16:21,16:21,8/26/2017,8/26/2017 16:17,16:17,8/26/2017,8/26/2017 16:18,16:18,8/26/2017,8/30/2017 16:29,16:29,8/30/2017,5768
72,8/26/2017 16:23,16:23,8/26/2017,8/26/2017 16:22,16:22,8/26/2017,8/26/2017 16:26,16:26,8/26/2017,8/30/2017 16:30,16:30,8/30/2017,5767
73,8/26/2017 20:28,20:28,8/26/2017,8/26/2017 20:27,20:27,8/26/2017,8/26/2017 20:27,20:27,8/26/2017,8/30/2017 16:28,16:28,8/30/2017,5520
74,8/26/2017 20:28,20:28,8/26/2017,8/26/2017 20:28,20:28,8/26/2017,8/26/2017 20:28,20:28,8/26/2017,8/30/2017 16:29,16:29,8/30/2017,5521
75,8/28/2017 23:06,23:06,8/28/2017,8/28/2017 23:03,23:03,8/28/2017,8/28/2017 23:03,23:03,8/28/2017,8/30/2017 18:47,18:47,8/30/2017,2621
76,8/28/2017 23:07,23:07,8/28/2017,8/28/2017 23:06,23:06,8/28/2017,8/28/2017 23:06,23:06,8/28/2017,8/30/2017 18:48,18:48,8/30/2017,2621
77,8/27/2017 2:59,2:59,8/27/2017,8/27/2017 2:57,2:57,8/27/2017,8/27/2017 2:57,2:57,8/27/2017,8/31/2017 19:09,19:09,8/31/2017,6730
78,8/28/2017 0:41,0:41,8/28/2017,8/28/2017 0:40,0:40,8/28/2017,8/28/2017 0:40,0:40,8/28/2017,8/30/2017 15:14,15:14,8/30/2017,3753
79,8/28/2017 22:19,22:19,8/28/2017,8/28/2017 22:14,22:14,8/28/2017,8/28/2017 22:14,22:14,8/28/2017,8/30/2017 15:02,15:02,8/30/2017,2443
80,8/28/2017 22:23,22:23,8/28/2017,8/28/2017 22:20,22:20,8/28/2017,8/28/2017 22:20,22:20,8/28/2017,8/30/2017 15:02,15:02,8/30/2017,2439
81,8/26/2017 23:56,23:56,8/26/2017,8/26/2017 23:56,23:56,8/26/2017,8/26/2017 23:56,23:56,8/26/2017,8/31/2017 6:55,6:55,8/31/2017,6179
82,8/28/2017 13:33,13:33,8/28/2017,8/28/2017 13:30,13:30,8/28/2017,8/28/2017 13:30,13:30,8/28/2017,8/31/2017 6:54,6:54,8/31/2017,3921
83,8/28/2017 19:18,19:18,8/28/2017,8/28/2017 19:16,19:16,8/28/2017,8/28/2017 19:16,19:16,8/28/2017,8/31/2017 17:50,17:50,8/31/2017,4232
84,8/28/2017 15:59,15:59,8/28/2017,8/28/2017 15:58,15:58,8/28/2017,8/28/2017 15:58,15:58,8/28/2017,8/31/2017 15:10,15:10,8/31/2017,4271
85,8/28/2017 16:04,16:04,8/28/2017,8/28/2017 16:04,16:04,8/28/2017,8/28/2017 16:04,16:04,8/28/2017,8/31/2017 19:16,19:16,8/31/2017,4512
86,8/28/2017 16:14,16:14,8/28/2017,8/28/2017 16:10,16:10,8/28/2017,8/28/2017 16:10,16:10,8/28/2017,8/31/2017 15:08,15:08,8/31/2017,4254
87,8/28/2017 16:15,16:15,8/28/2017,8/28/2017 16:14,16:14,8/28/2017,8/28/2017 16:14,16:14,8/28/2017,8/31/2017 20:38,20:38,8/31/2017,4583
88,8/26/2017 23:04,23:04,8/26/2017,8/26/2017 23:04,23:04,8/26/2017,8/26/2017 23:04,23:04,8/26/2017,8/30/2017 5:06,5:06,8/30/2017,4682
89,8/26/2017 23:18,23:18,8/26/2017,8/26/2017 23:17,23:17,8/26/2017,8/26/2017 23:17,23:17,8/26/2017,8/30/2017 18:20,18:20,8/30/2017,5462
90,8/26/2017 23:39,23:39,8/26/2017,8/26/2017 23:38,23:38,8/26/2017,8/26/2017 23:38,23:38,8/26/2017,8/29/2017 15:20,15:20,8/29/2017,3821
91,8/26/2017 23:41,23:41,8/26/2017,8/26/2017 23:40,23:40,8/26/2017,8/26/2017 23:40,23:40,8/26/2017,8/30/2017 18:19,18:19,8/30/2017,5438
92,8/26/2017 23:47,23:47,8/26/2017,8/26/2017 23:43,23:43,8/26/2017,8/26/2017 23:43,23:43,8/26/2017,8/28/2017 11:15,11:15,8/28/2017,2128
93,8/27/2017 0:26,0:26,8/27/2017,8/27/2017 0:25,0:25,8/27/2017,8/27/2017 0:25,0:25,8/27/2017,8/30/2017 17:12,17:12,8/30/2017,5326
94,8/27/2017 0:24,0:24,8/27/2017,8/27/2017 0:24,0:24,8/27/2017,8/27/2017 0:29,0:29,8/27/2017,8/30/2017 17:16,17:16,8/30/2017,5332
95,8/27/2017 5:48,5:48,8/27/2017,8/27/2017 5:48,5:48,8/27/2017,8/27/2017 5:48,5:48,8/27/2017,8/30/2017 5:06,5:06,8/30/2017,4278
96,8/27/2017 8:04,8:04,8/27/2017,8/27/2017 8:03,8:03,8/27/2017,8/27/2017 8:03,8:03,8/27/2017,8/29/2017 15:19,15:19,8/29/2017,3315
97,8/27/2017 8:35,8:35,8/27/2017,8/27/2017 8:34,8:34,8/27/2017,8/27/2017 8:34,8:34,8/27/2017,8/29/2017 15:21,15:21,8/29/2017,3286
98,8/27/2017 8:56,8:56,8/27/2017,8/27/2017 8:55,8:55,8/27/2017,8/27/2017 8:55,8:55,8/27/2017,8/30/2017 5:07,5:07,8/30/2017,4091
99,8/27/2017 9:31,9:31,8/27/2017,8/27/2017 9:30,9:30,8/27/2017,8/27/2017 9:30,9:30,8/27/2017,8/29/2017 15:17,15:17,8/29/2017,3226
100,8/27/2017 10:50,10:50,8/27/2017,8/27/2017 10:49,10:49,8/27/2017,8/27/2017 10:49,10:49,8/27/2017,8/30/2017 6:24,6:24,8/30/2017,4054
101,8/27/2017 11:34,11:34,8/27/2017,8/27/2017 11:34,11:34,8/27/2017,8/27/2017 11:34,11:34,8/27/2017,8/30/2017 5:05,5:05,8/30/2017,3931
102,8/27/2017 11:35,11:35,8/27/2017,8/27/2017 11:34,11:34,8/27/2017,8/27/2017 11:34,11:34,8/27/2017,8/29/2017 13:06,13:06,8/29/2017,2971
103,8/28/2017 1:10,1:10,8/28/2017,8/28/2017 1:09,1:09,8/28/2017,8/28/2017 1:09,1:09,8/28/2017,8/29/2017 13:06,13:06,8/29/2017,2156
104,8/28/2017 1:11,1:11,8/28/2017,8/28/2017 1:09,1:09,8/28/2017,8/28/2017 1:09,1:09,8/28/2017,8/30/2017 5:03,5:03,8/30/2017,3112
105,8/28/2017 1:11,1:11,8/28/2017,8/28/2017 1:11,1:11,8/28/2017,8/28/2017 1:11,1:11,8/28/2017,8/30/2017 5:04,5:04,8/30/2017,3113
106,8/28/2017 1:12,1:12,8/28/2017,8/28/2017 1:10,1:10,8/28/2017,8/28/2017 14:07,14:07,8/28/2017,8/30/2017 5:04,5:04,8/30/2017,3112
107,8/30/2017 5:09,5:09,8/30/2017,8/30/2017 5:08,5:08,8/30/2017,8/30/2017 5:08,5:08,8/30/2017,8/30/2017 14:06,14:06,8/30/2017,537
108,8/26/2017 2:47,2:47,8/26/2017,8/26/2017 2:44,2:44,8/26/2017,8/26/2017 2:44,2:44,8/26/2017,8/29/2017 19:21,19:21,8/29/2017,5314
109,8/27/2017 21:27,21:27,8/27/2017,8/27/2017 21:25,21:25,8/27/2017,8/27/2017 21:25,21:25,8/27/2017,8/30/2017 8:58,8:58,8/30/2017,3571
110,8/27/2017 22:04,22:04,8/27/2017,8/27/2017 22:02,22:02,8/27/2017,8/27/2017 22:02,22:02,8/27/2017,8/30/2017 10:05,10:05,8/30/2017,3601
111,8/27/2017 22:41,22:41,8/27/2017,8/27/2017 22:40,22:40,8/27/2017,8/27/2017 22:40,22:40,8/27/2017,8/29/2017 19:20,19:20,8/29/2017,2679
112,8/27/2017 22:14,22:14,8/27/2017,8/27/2017 22:11,22:11,8/27/2017,8/27/2017 22:52,22:52,8/27/2017,8/30/2017 15:22,15:22,8/30/2017,3908
113,8/27/2017 22:20,22:20,8/27/2017,8/27/2017 22:19,22:19,8/27/2017,8/27/2017 22:53,22:53,8/27/2017,8/29/2017 12:03,12:03,8/29/2017,2263
114,8/28/2017 9:39,9:39,8/28/2017,8/28/2017 9:36,9:36,8/28/2017,8/28/2017 9:36,9:36,8/28/2017,8/29/2017 11:05,11:05,8/29/2017,1526
115,8/28/2017 9:43,9:43,8/28/2017,8/28/2017 9:41,9:41,8/28/2017,8/28/2017 9:41,9:41,8/28/2017,8/31/2017 2:45,2:45,8/31/2017,3902
116,8/28/2017 12:09,12:09,8/28/2017,8/28/2017 12:06,12:06,8/28/2017,8/28/2017 12:07,12:07,8/28/2017,8/31/2017 20:58,20:58,8/31/2017,4849
117,8/28/2017 16:03,16:03,8/28/2017,8/28/2017 15:59,15:59,8/28/2017,8/28/2017 15:59,15:59,8/28/2017,8/31/2017 13:20,13:20,8/31/2017,4157
118,8/28/2017 16:02,16:02,8/28/2017,8/28/2017 16:02,16:02,8/28/2017,8/28/2017 16:02,16:02,8/28/2017,8/30/2017 10:06,10:06,8/30/2017,2524
119,8/28/2017 16:03,16:03,8/28/2017,8/28/2017 16:02,16:02,8/28/2017,8/28/2017 16:02,16:02,8/28/2017,8/29/2017 22:32,22:32,8/29/2017,1829
120,8/28/2017 16:06,16:06,8/28/2017,8/28/2017 16:05,16:05,8/28/2017,8/28/2017 16:05,16:05,8/28/2017,8/31/2017 20:31,20:31,8/31/2017,4585
121,8/28/2017 16:06,16:06,8/28/2017,8/28/2017 16:05,16:05,8/28/2017,8/28/2017 16:05,16:05,8/28/2017,8/31/2017 20:31,20:31,8/31/2017,4585
122,8/26/2017 5:04,5:04,8/26/2017,8/26/2017 5:01,5:01,8/26/2017,8/26/2017 5:02,5:02,8/26/2017,8/26/2017 7:06,7:06,8/26/2017,122
123,8/26/2017 5:08,5:08,8/26/2017,8/26/2017 5:06,5:06,8/26/2017,8/26/2017 5:07,5:07,8/26/2017,8/26/2017 7:06,7:06,8/26/2017,118
124,8/26/2017 8:45,8:45,8/26/2017,8/26/2017 8:43,8:43,8/26/2017,8/26/2017 8:43,8:43,8/26/2017,8/26/2017 9:40,9:40,8/26/2017,55
125,8/26/2017 8:49,8:49,8/26/2017,8/26/2017 8:46,8:46,8/26/2017,8/26/2017 9:03,9:03,8/26/2017,8/26/2017 9:42,9:42,8/26/2017,53
126,8/26/2017 11:00,11:00,8/26/2017,8/26/2017 10:45,10:45,8/26/2017,8/26/2017 10:50,10:50,8/26/2017,8/26/2017 13:26,13:26,8/26/2017,146
127,8/26/2017 11:37,11:37,8/26/2017,8/26/2017 11:34,11:34,8/26/2017,8/26/2017 11:34,11:34,8/26/2017,8/26/2017 14:02,14:02,8/26/2017,145
128,8/26/2017 11:43,11:43,8/26/2017,8/26/2017 11:41,11:41,8/26/2017,8/26/2017 11:41,11:41,8/26/2017,8/31/2017 10:41,10:41,8/31/2017,7138
129,8/26/2017 19:16,19:16,8/26/2017,8/26/2017 19:14,19:14,8/26/2017,8/26/2017 19:14,19:14,8/26/2017,8/31/2017 10:08,10:08,8/31/2017,6652
130,8/26/2017 20:00,20:00,8/26/2017,8/26/2017 19:58,19:58,8/26/2017,8/26/2017 19:59,19:59,8/26/2017,8/26/2017 21:05,21:05,8/26/2017,65
131,8/26/2017 21:53,21:53,8/26/2017,8/26/2017 21:52,21:52,8/26/2017,8/26/2017 21:52,21:52,8/26/2017,8/31/2017 10:43,10:43,8/31/2017,6530
132,8/26/2017 23:49,23:49,8/26/2017,8/26/2017 23:48,23:48,8/26/2017,8/26/2017 23:49,23:49,8/26/2017,8/29/2017 15:17,15:17,8/29/2017,3808
133,8/26/2017 23:54,23:54,8/26/2017,8/26/2017 23:53,23:53,8/26/2017,8/26/2017 23:54,23:54,8/26/2017,8/29/2017 20:02,20:02,8/29/2017,4088
134,8/26/2017 23:59,23:59,8/26/2017,8/26/2017 23:59,23:59,8/26/2017,8/27/2017 0:00,0:00,8/27/2017,8/29/2017 19:53,19:53,8/29/2017,4074
135,8/27/2017 5:25,5:25,8/27/2017,8/27/2017 5:24,5:24,8/27/2017,8/27/2017 5:24,5:24,8/27/2017,8/29/2017 19:57,19:57,8/29/2017,3752
136,8/27/2017 5:33,5:33,8/27/2017,8/27/2017 5:32,5:32,8/27/2017,8/27/2017 5:32,5:32,8/27/2017,8/29/2017 19:57,19:57,8/29/2017,3744
137,8/27/2017 5:35,5:35,8/27/2017,8/27/2017 5:33,5:33,8/27/2017,8/27/2017 5:34,5:34,8/27/2017,8/29/2017 20:02,20:02,8/29/2017,3747
138,8/28/2017 9:23,9:23,8/28/2017,8/28/2017 9:21,9:21,8/28/2017,8/28/2017 9:21,9:21,8/28/2017,8/31/2017 12:42,12:42,8/31/2017,4519
139,8/28/2017 16:21,16:21,8/28/2017,8/28/2017 16:19,16:19,8/28/2017,8/28/2017 16:19,16:19,8/28/2017,8/29/2017 19:59,19:59,8/29/2017,1658
140,8/28/2017 16:21,16:21,8/28/2017,8/28/2017 16:21,16:21,8/28/2017,8/28/2017 16:21,16:21,8/28/2017,8/30/2017 11:41,11:41,8/30/2017,2600
141,8/29/2017 2:03,2:03,8/29/2017,8/29/2017 2:01,2:01,8/29/2017,8/29/2017 2:02,2:02,8/29/2017,8/31/2017 10:38,10:38,8/31/2017,3395
142,8/29/2017 2:06,2:06,8/29/2017,8/29/2017 2:04,2:04,8/29/2017,8/29/2017 2:05,2:05,8/29/2017,8/31/2017 21:15,21:15,8/31/2017,4029
143,8/31/2017 14:24,14:24,8/31/2017,8/31/2017 14:23,14:23,8/31/2017,8/31/2017 14:23,14:23,8/31/2017,9/1/2017 14:57,14:57,9/1/2017,1473
144,8/31/2017 14:51,14:51,8/31/2017,8/31/2017 14:49,14:49,8/31/2017,8/31/2017 14:50,14:50,8/31/2017,8/31/2017 21:11,21:11,8/31/2017,380
145,8/26/2017 21:57,21:57,8/26/2017,8/26/2017 21:56,21:56,8/26/2017,8/26/2017 21:56,21:56,8/26/2017,8/28/2017 12:52,12:52,8/28/2017,2335
146,8/26/2017 21:58,21:58,8/26/2017,8/26/2017 21:57,21:57,8/26/2017,8/26/2017 21:57,21:57,8/26/2017,8/28/2017 13:05,13:05,8/28/2017,2347
147,8/26/2017 23:32,23:32,8/26/2017,8/26/2017 23:30,23:30,8/26/2017,8/26/2017 23:30,23:30,8/26/2017,8/29/2017 19:36,19:36,8/29/2017,4084
148,8/27/2017 2:10,2:10,8/27/2017,8/27/2017 2:07,2:07,8/27/2017,8/27/2017 2:07,2:07,8/27/2017,8/29/2017 15:34,15:34,8/29/2017,3684
149,8/27/2017 8:20,8:20,8/27/2017,8/27/2017 8:18,8:18,8/27/2017,8/27/2017 8:18,8:18,8/27/2017,8/29/2017 15:20,15:20,8/29/2017,3300
150,8/27/2017 8:43,8:43,8/27/2017,8/27/2017 8:36,8:36,8/27/2017,8/27/2017 8:36,8:36,8/27/2017,8/29/2017 19:34,19:34,8/29/2017,3531
151,8/27/2017 14:40,14:40,8/27/2017,8/27/2017 14:37,14:37,8/27/2017,8/27/2017 14:37,14:37,8/27/2017,8/29/2017 19:35,19:35,8/29/2017,3175
152,8/27/2017 14:41,14:41,8/27/2017,8/27/2017 14:40,14:40,8/27/2017,8/27/2017 14:40,14:40,8/27/2017,8/29/2017 19:36,19:36,8/29/2017,3175
153,8/27/2017 15:09,15:09,8/27/2017,8/27/2017 15:03,15:03,8/27/2017,8/27/2017 15:04,15:04,8/27/2017,8/29/2017 19:33,19:33,8/29/2017,3144
154,8/27/2017 15:14,15:14,8/27/2017,8/27/2017 15:10,15:10,8/27/2017,8/27/2017 15:10,15:10,8/27/2017,8/29/2017 19:38,19:38,8/29/2017,3144
155,8/27/2017 22:35,22:35,8/27/2017,8/27/2017 22:34,22:34,8/27/2017,8/27/2017 22:34,22:34,8/27/2017,8/29/2017 19:05,19:05,8/29/2017,2670
156,8/27/2017 22:36,22:36,8/27/2017,8/27/2017 22:35,22:35,8/27/2017,8/27/2017 22:36,22:36,8/27/2017,8/29/2017 19:06,19:06,8/29/2017,2670
157,8/27/2017 22:38,22:38,8/27/2017,8/27/2017 22:38,22:38,8/27/2017,8/27/2017 22:38,22:38,8/27/2017,8/29/2017 17:20,17:20,8/29/2017,2562
158,8/29/2017 17:19,17:19,8/29/2017,8/29/2017 17:18,17:18,8/29/2017,8/29/2017 17:18,17:18,8/29/2017,9/5/2017 13:11,13:11,9/5/2017,9832
159,8/29/2017 17:20,17:20,8/29/2017,8/29/2017 17:19,17:19,8/29/2017,8/29/2017 17:20,17:20,8/29/2017,9/5/2017 13:14,13:14,9/5/2017,9834
160,8/29/2017 17:27,17:27,8/29/2017,8/29/2017 17:21,17:21,8/29/2017,8/29/2017 17:21,17:21,8/29/2017,8/31/2017 13:28,13:28,8/31/2017,2641
161,8/26/2017 9:21,9:21,8/26/2017,8/26/2017 9:15,9:15,8/26/2017,8/26/2017 9:20,9:20,8/26/2017,8/26/2017 13:55,13:55,8/26/2017,274
162,8/26/2017 9:23,9:23,8/26/2017,8/26/2017 9:21,9:21,8/26/2017,8/26/2017 9:21,9:21,8/26/2017,8/26/2017 15:39,15:39,8/26/2017,376
163,8/26/2017 9:31,9:31,8/26/2017,8/26/2017 9:30,9:30,8/26/2017,8/26/2017 9:30,9:30,8/26/2017,8/28/2017 16:39,16:39,8/28/2017,3308
164,8/26/2017 10:13,10:13,8/26/2017,8/26/2017 10:11,10:11,8/26/2017,8/26/2017 10:11,10:11,8/26/2017,8/26/2017 15:39,15:39,8/26/2017,326
165,8/26/2017 10:21,10:21,8/26/2017,8/26/2017 10:18,10:18,8/26/2017,8/26/2017 10:18,10:18,8/26/2017,8/26/2017 15:38,15:38,8/26/2017,317
166,8/27/2017 0:06,0:06,8/27/2017,8/27/2017 0:05,0:05,8/27/2017,8/27/2017 0:05,0:05,8/27/2017,8/28/2017 12:44,12:44,8/28/2017,2198
167,8/27/2017 7:25,7:25,8/27/2017,8/27/2017 7:22,7:22,8/27/2017,8/27/2017 7:22,7:22,8/27/2017,8/28/2017 12:47,12:47,8/28/2017,1762
168,8/27/2017 11:52,11:52,8/27/2017,8/27/2017 11:50,11:50,8/27/2017,8/27/2017 11:50,11:50,8/27/2017,8/31/2017 17:00,17:00,8/31/2017,6068
169,8/27/2017 12:41,12:41,8/27/2017,8/27/2017 12:40,12:40,8/27/2017,8/27/2017 12:40,12:40,8/27/2017,8/28/2017 12:08,12:08,8/28/2017,1407
170,8/27/2017 12:44,12:44,8/27/2017,8/27/2017 12:42,12:42,8/27/2017,8/27/2017 12:42,12:42,8/27/2017,8/29/2017 20:30,20:30,8/29/2017,3346
171,8/27/2017 15:24,15:24,8/27/2017,8/27/2017 15:23,15:23,8/27/2017,8/27/2017 15:23,15:23,8/27/2017,8/28/2017 12:05,12:05,8/28/2017,1241
172,8/27/2017 15:29,15:29,8/27/2017,8/27/2017 15:25,15:25,8/27/2017,8/27/2017 15:25,15:25,8/27/2017,8/30/2017 11:38,11:38,8/30/2017,4089
173,8/27/2017 18:49,18:49,8/27/2017,8/27/2017 18:48,18:48,8/27/2017,8/27/2017 18:48,18:48,8/27/2017,8/29/2017 20:48,20:48,8/29/2017,2999
174,8/27/2017 18:50,18:50,8/27/2017,8/27/2017 18:49,18:49,8/27/2017,8/27/2017 18:49,18:49,8/27/2017,8/29/2017 20:46,20:46,8/29/2017,2996
175,8/28/2017 22:15,22:15,8/28/2017,8/28/2017 22:09,22:09,8/28/2017,8/28/2017 22:09,22:09,8/28/2017,8/29/2017 22:11,22:11,8/29/2017,1436
176,8/28/2017 23:42,23:42,8/28/2017,8/28/2017 23:39,23:39,8/28/2017,8/28/2017 23:39,23:39,8/28/2017,8/30/2017 11:39,11:39,8/30/2017,2157
177,8/29/2017 7:00,7:00,8/29/2017,8/29/2017 6:55,6:55,8/29/2017,8/29/2017 6:57,6:57,8/29/2017,8/31/2017 13:36,13:36,8/31/2017,3276
178,8/26/2017 22:49,22:49,8/26/2017,8/26/2017 22:49,22:49,8/26/2017,8/26/2017 22:49,22:49,8/26/2017,8/29/2017 14:40,14:40,8/29/2017,3831
179,8/27/2017 1:31,1:31,8/27/2017,8/27/2017 1:30,1:30,8/27/2017,8/27/2017 1:30,1:30,8/27/2017,8/29/2017 18:58,18:58,8/29/2017,3927
180,8/27/2017 3:38,3:38,8/27/2017,8/27/2017 3:35,3:35,8/27/2017,8/27/2017 3:35,3:35,8/27/2017,8/31/2017 13:24,13:24,8/31/2017,6346
181,8/27/2017 5:04,5:04,8/27/2017,8/27/2017 5:04,5:04,8/27/2017,8/27/2017 5:04,5:04,8/27/2017,8/29/2017 18:58,18:58,8/29/2017,3714
182,8/27/2017 5:42,5:42,8/27/2017,8/27/2017 5:42,5:42,8/27/2017,8/27/2017 5:42,5:42,8/27/2017,8/29/2017 15:35,15:35,8/29/2017,3473
183,8/27/2017 8:37,8:37,8/27/2017,8/27/2017 8:36,8:36,8/27/2017,8/27/2017 8:36,8:36,8/27/2017,8/31/2017 3:12,3:12,8/31/2017,5435
184,8/27/2017 8:38,8:38,8/27/2017,8/27/2017 8:37,8:37,8/27/2017,8/27/2017 8:37,8:37,8/27/2017,8/31/2017 2:52,2:52,8/31/2017,5414
185,8/27/2017 18:31,18:31,8/27/2017,8/27/2017 18:29,18:29,8/27/2017,8/27/2017 18:30,18:30,8/27/2017,8/27/2017 21:37,21:37,8/27/2017,186
186,8/27/2017 18:33,18:33,8/27/2017,8/27/2017 18:32,18:32,8/27/2017,8/27/2017 18:32,18:32,8/27/2017,8/29/2017 19:38,19:38,8/29/2017,2945
187,8/27/2017 18:34,18:34,8/27/2017,8/27/2017 18:33,18:33,8/27/2017,8/27/2017 18:34,18:34,8/27/2017,8/28/2017 11:18,11:18,8/28/2017,1004
188,8/27/2017 18:36,18:36,8/27/2017,8/27/2017 18:34,18:34,8/27/2017,8/27/2017 18:35,18:35,8/27/2017,8/28/2017 11:16,11:16,8/28/2017,1000
189,8/27/2017 18:36,18:36,8/27/2017,8/27/2017 18:35,18:35,8/27/2017,8/27/2017 18:35,18:35,8/27/2017,8/27/2017 20:38,20:38,8/27/2017,122
190,8/27/2017 18:37,18:37,8/27/2017,8/27/2017 18:37,18:37,8/27/2017,8/27/2017 18:37,18:37,8/27/2017,8/30/2017 10:25,10:25,8/30/2017,3828
191,8/27/2017 18:39,18:39,8/27/2017,8/27/2017 18:38,18:38,8/27/2017,8/27/2017 18:38,18:38,8/27/2017,8/30/2017 10:24,10:24,8/30/2017,3825
192,8/27/2017 18:41,18:41,8/27/2017,8/27/2017 18:41,18:41,8/27/2017,8/27/2017 18:41,18:41,8/27/2017,8/28/2017 11:19,11:19,8/28/2017,998
193,8/27/2017 22:24,22:24,8/27/2017,8/27/2017 22:24,22:24,8/27/2017,8/27/2017 22:24,22:24,8/27/2017,8/29/2017 15:35,15:35,8/29/2017,2471
194,8/26/2017 7:04,7:04,8/26/2017,8/26/2017 7:03,7:03,8/26/2017,8/26/2017 7:03,7:03,8/26/2017,8/26/2017 15:28,15:28,8/26/2017,504
195,8/26/2017 7:56,7:56,8/26/2017,8/26/2017 7:55,7:55,8/26/2017,8/26/2017 7:55,7:55,8/26/2017,8/26/2017 14:58,14:58,8/26/2017,422
196,8/26/2017 8:36,8:36,8/26/2017,8/26/2017 8:35,8:35,8/26/2017,8/26/2017 8:35,8:35,8/26/2017,8/26/2017 13:55,13:55,8/26/2017,319
197,8/26/2017 9:14,9:14,8/26/2017,8/26/2017 9:13,9:13,8/26/2017,8/26/2017 9:14,9:14,8/26/2017,8/26/2017 15:00,15:00,8/26/2017,346
198,8/26/2017 22:34,22:34,8/26/2017,8/26/2017 22:33,22:33,8/26/2017,8/26/2017 22:33,22:33,8/26/2017,8/29/2017 20:01,20:01,8/29/2017,4167
199,8/26/2017 22:36,22:36,8/26/2017,8/26/2017 22:32,22:32,8/26/2017,8/26/2017 22:33,22:33,8/26/2017,8/27/2017 19:26,19:26,8/27/2017,1250
200,8/26/2017 22:38,22:38,8/26/2017,8/26/2017 22:36,22:36,8/26/2017,8/26/2017 22:36,22:36,8/26/2017,8/27/2017 19:32,19:32,8/27/2017,1254
201,8/26/2017 22:40,22:40,8/26/2017,8/26/2017 22:36,22:36,8/26/2017,8/26/2017 22:37,22:37,8/26/2017,8/27/2017 19:33,19:33,8/27/2017,1253
202,8/26/2017 22:38,22:38,8/26/2017,8/26/2017 22:38,22:38,8/26/2017,8/26/2017 22:38,22:38,8/26/2017,8/27/2017 19:28,19:28,8/27/2017,1250
203,8/26/2017 23:34,23:34,8/26/2017,8/26/2017 23:33,23:33,8/26/2017,8/26/2017 23:33,23:33,8/26/2017,8/29/2017 20:18,20:18,8/29/2017,4124
204,8/26/2017 23:41,23:41,8/26/2017,8/26/2017 23:39,23:39,8/26/2017,8/26/2017 23:40,23:40,8/26/2017,8/27/2017 19:22,19:22,8/27/2017,1181
205,8/27/2017 7:43,7:43,8/27/2017,8/27/2017 7:41,7:41,8/27/2017,8/27/2017 7:42,7:42,8/27/2017,8/29/2017 20:45,20:45,8/29/2017,3662
206,8/27/2017 7:44,7:44,8/27/2017,8/27/2017 7:43,7:43,8/27/2017,8/27/2017 7:43,7:43,8/27/2017,8/29/2017 20:46,20:46,8/29/2017,3662
207,8/27/2017 12:48,12:48,8/27/2017,8/27/2017 12:47,12:47,8/27/2017,8/27/2017 12:47,12:47,8/27/2017,8/29/2017 20:54,20:54,8/29/2017,3366
208,8/27/2017 15:55,15:55,8/27/2017,8/27/2017 15:55,15:55,8/27/2017,8/27/2017 15:55,15:55,8/27/2017,8/29/2017 15:40,15:40,8/29/2017,2865
209,8/27/2017 15:56,15:56,8/27/2017,8/27/2017 15:55,15:55,8/27/2017,8/27/2017 15:55,15:55,8/27/2017,8/29/2017 20:08,20:08,8/29/2017,3132
210,8/27/2017 16:14,16:14,8/27/2017,8/27/2017 16:12,16:12,8/27/2017,8/27/2017 16:12,16:12,8/27/2017,8/30/2017 2:10,2:10,8/30/2017,3476
211,8/27/2017 18:01,18:01,8/27/2017,8/27/2017 17:58,17:58,8/27/2017,8/27/2017 17:58,17:58,8/27/2017,8/31/2017 2:40,2:40,8/31/2017,4839
212,8/27/2017 18:05,18:05,8/27/2017,8/27/2017 18:04,18:04,8/27/2017,8/27/2017 18:04,18:04,8/27/2017,8/31/2017 2:07,2:07,8/31/2017,4802
213,8/27/2017 18:26,18:26,8/27/2017,8/27/2017 18:25,18:25,8/27/2017,8/27/2017 18:25,18:25,8/27/2017,8/29/2017 18:42,18:42,8/29/2017,2896
214,8/27/2017 18:27,18:27,8/27/2017,8/27/2017 18:27,18:27,8/27/2017,8/27/2017 18:27,18:27,8/27/2017,8/29/2017 18:42,18:42,8/29/2017,2895
215,8/31/2017 9:13,9:13,8/31/2017,8/31/2017 9:12,9:12,8/31/2017,8/31/2017 9:12,9:12,8/31/2017,8/31/2017 20:42,20:42,8/31/2017,689
216,8/26/2017 22:47,22:47,8/26/2017,8/26/2017 22:46,22:46,8/26/2017,8/26/2017 22:47,22:47,8/26/2017,8/29/2017 15:09,15:09,8/29/2017,3862
217,8/26/2017 23:03,23:03,8/26/2017,8/26/2017 23:00,23:00,8/26/2017,8/26/2017 23:00,23:00,8/26/2017,8/29/2017 15:26,15:26,8/29/2017,3863
218,8/26/2017 23:02,23:02,8/26/2017,8/26/2017 23:01,23:01,8/26/2017,8/26/2017 23:01,23:01,8/26/2017,8/29/2017 15:25,15:25,8/29/2017,3863
219,8/26/2017 23:03,23:03,8/26/2017,8/26/2017 23:02,23:02,8/26/2017,8/26/2017 23:02,23:02,8/26/2017,8/29/2017 15:26,15:26,8/29/2017,3863
220,8/26/2017 23:20,23:20,8/26/2017,8/26/2017 23:19,23:19,8/26/2017,8/26/2017 23:19,23:19,8/26/2017,8/29/2017 15:25,15:25,8/29/2017,3845
221,8/26/2017 10:28,10:28,8/26/2017,8/26/2017 10:27,10:27,8/26/2017,8/26/2017 10:27,10:27,8/26/2017,8/26/2017 10:42,10:42,8/26/2017,14
222,8/26/2017 22:49,22:49,8/26/2017,8/26/2017 22:49,22:49,8/26/2017,8/26/2017 22:49,22:49,8/26/2017,8/29/2017 15:23,15:23,8/29/2017,3874
223,8/26/2017 23:05,23:05,8/26/2017,8/26/2017 23:03,23:03,8/26/2017,8/26/2017 23:03,23:03,8/26/2017,8/29/2017 15:30,15:30,8/29/2017,3865
224,8/26/2017 23:06,23:06,8/26/2017,8/26/2017 23:05,23:05,8/26/2017,8/26/2017 23:05,23:05,8/26/2017,8/29/2017 15:27,15:27,8/29/2017,3861
225,8/26/2017 23:29,23:29,8/26/2017,8/26/2017 23:28,23:28,8/26/2017,8/26/2017 23:28,23:28,8/26/2017,8/29/2017 15:23,15:23,8/29/2017,3834
226,8/27/2017 0:12,0:12,8/27/2017,8/27/2017 0:10,0:10,8/27/2017,8/27/2017 0:10,0:10,8/27/2017,8/29/2017 15:17,15:17,8/29/2017,3785
227,8/27/2017 14:12,14:12,8/27/2017,8/27/2017 14:11,14:11,8/27/2017,8/27/2017 14:11,14:11,8/27/2017,8/29/2017 15:14,15:14,8/29/2017,2942
228,8/27/2017 14:13,14:13,8/27/2017,8/27/2017 14:12,14:12,8/27/2017,8/27/2017 14:12,14:12,8/27/2017,8/29/2017 15:11,15:11,8/29/2017,2938
229,8/27/2017 19:53,19:53,8/27/2017,8/27/2017 19:52,19:52,8/27/2017,8/27/2017 19:52,19:52,8/27/2017,8/29/2017 15:12,15:12,8/29/2017,2599
230,8/27/2017 19:54,19:54,8/27/2017,8/27/2017 19:53,19:53,8/27/2017,8/27/2017 19:53,19:53,8/27/2017,8/29/2017 15:10,15:10,8/29/2017,2596
231,8/26/2017 23:37,23:37,8/26/2017,8/26/2017 23:36,23:36,8/26/2017,8/26/2017 23:36,23:36,8/26/2017,8/29/2017 15:24,15:24,8/29/2017,3827
232,8/26/2017 23:38,23:38,8/26/2017,8/26/2017 23:38,23:38,8/26/2017,8/26/2017 23:38,23:38,8/26/2017,8/29/2017 15:24,15:24,8/29/2017,3826
233,8/26/2017 23:40,23:40,8/26/2017,8/26/2017 23:40,23:40,8/26/2017,8/26/2017 23:40,23:40,8/26/2017,8/29/2017 15:25,15:25,8/29/2017,3825
234,8/26/2017 23:42,23:42,8/26/2017,8/26/2017 23:41,23:41,8/26/2017,8/26/2017 23:41,23:41,8/26/2017,8/29/2017 15:19,15:19,8/29/2017,3817
235,8/26/2017 23:46,23:46,8/26/2017,8/26/2017 23:45,23:45,8/26/2017,8/26/2017 23:45,23:45,8/26/2017,8/29/2017 15:18,15:18,8/29/2017,3812
236,8/27/2017 0:37,0:37,8/27/2017,8/27/2017 0:35,0:35,8/27/2017,8/27/2017 0:36,0:36,8/27/2017,8/29/2017 15:13,15:13,8/29/2017,3756
237,8/27/2017 7:37,7:37,8/27/2017,8/27/2017 7:36,7:36,8/27/2017,8/27/2017 7:36,7:36,8/27/2017,8/29/2017 15:16,15:16,8/29/2017,3339
238,8/26/2017 21:30,21:30,8/26/2017,8/26/2017 21:29,21:29,8/26/2017,8/26/2017 21:29,21:29,8/26/2017,8/29/2017 15:13,15:13,8/29/2017,3943
239,8/26/2017 21:40,21:40,8/26/2017,8/26/2017 21:38,21:38,8/26/2017,8/26/2017 21:38,21:38,8/26/2017,8/29/2017 15:14,15:14,8/29/2017,3934
240,8/26/2017 21:41,21:41,8/26/2017,8/26/2017 21:39,21:39,8/26/2017,8/26/2017 21:39,21:39,8/26/2017,8/29/2017 15:11,15:11,8/29/2017,3930
241,8/26/2017 21:42,21:42,8/26/2017,8/26/2017 21:41,21:41,8/26/2017,8/26/2017 21:41,21:41,8/26/2017,8/26/2017 22:58,22:58,8/26/2017,76
242,8/26/2017 22:10,22:10,8/26/2017,8/26/2017 22:09,22:09,8/26/2017,8/26/2017 22:09,22:09,8/26/2017,8/29/2017 15:12,15:12,8/29/2017,3902
243,8/26/2017 22:13,22:13,8/26/2017,8/26/2017 22:11,22:11,8/26/2017,8/26/2017 22:11,22:11,8/26/2017,8/26/2017 22:19,22:19,8/26/2017,6
244,8/27/2017 14:47,14:47,8/27/2017,8/27/2017 14:45,14:45,8/27/2017,8/27/2017 14:46,14:46,8/27/2017,8/29/2017 15:12,15:12,8/29/2017,2905
245,8/27/2017 15:05,15:05,8/27/2017,8/27/2017 15:04,15:04,8/27/2017,8/27/2017 15:04,15:04,8/27/2017,8/29/2017 15:15,15:15,8/29/2017,2890
246,8/25/2017 22:22,22:22,8/25/2017,8/25/2017 22:19,22:19,8/25/2017,8/25/2017 22:19,22:19,8/25/2017,8/30/2017 18:50,18:50,8/30/2017,6988
247,8/26/2017 5:10,5:10,8/26/2017,8/26/2017 5:09,5:09,8/26/2017,8/26/2017 5:09,5:09,8/26/2017,8/26/2017 7:40,7:40,8/26/2017,150
248,8/26/2017 5:11,5:11,8/26/2017,8/26/2017 5:10,5:10,8/26/2017,8/26/2017 5:10,5:10,8/26/2017,8/26/2017 7:44,7:44,8/26/2017,153
249,8/26/2017 13:49,13:49,8/26/2017,8/26/2017 13:46,13:46,8/26/2017,8/26/2017 13:46,13:46,8/26/2017,8/26/2017 15:38,15:38,8/26/2017,109
250,8/26/2017 19:08,19:08,8/26/2017,8/26/2017 19:01,19:01,8/26/2017,8/26/2017 19:01,19:01,8/26/2017,8/26/2017 23:12,23:12,8/26/2017,244
251,8/26/2017 19:50,19:50,8/26/2017,8/26/2017 19:48,19:48,8/26/2017,8/26/2017 19:48,19:48,8/26/2017,8/26/2017 23:28,23:28,8/26/2017,218
252,8/27/2017 7:46,7:46,8/27/2017,8/27/2017 7:45,7:45,8/27/2017,8/27/2017 7:45,7:45,8/27/2017,8/31/2017 8:32,8:32,8/31/2017,5806
253,8/27/2017 11:52,11:52,8/27/2017,8/27/2017 11:50,11:50,8/27/2017,8/27/2017 11:50,11:50,8/27/2017,8/30/2017 18:48,18:48,8/30/2017,4736
254,8/27/2017 11:54,11:54,8/27/2017,8/27/2017 11:53,11:53,8/27/2017,8/27/2017 11:53,11:53,8/27/2017,8/30/2017 18:51,18:51,8/30/2017,4737
255,8/28/2017 7:48,7:48,8/28/2017,8/28/2017 7:48,7:48,8/28/2017,8/28/2017 7:48,7:48,8/28/2017,8/31/2017 8:31,8:31,8/31/2017,4363
256,8/28/2017 23:25,23:25,8/28/2017,8/28/2017 23:24,23:24,8/28/2017,8/28/2017 23:24,23:24,8/28/2017,8/30/2017 18:49,18:49,8/30/2017,2604
257,8/28/2017 23:24,23:24,8/28/2017,8/28/2017 23:23,23:23,8/28/2017,8/28/2017 23:24,23:24,8/28/2017,8/30/2017 18:49,18:49,8/30/2017,2605
258,8/28/2017 23:23,23:23,8/28/2017,8/28/2017 23:10,23:10,8/28/2017,8/28/2017 23:24,23:24,8/28/2017,8/31/2017 20:48,20:48,8/31/2017,4165
259,8/26/2017 9:13,9:13,8/26/2017,8/26/2017 9:12,9:12,8/26/2017,8/26/2017 9:14,9:14,8/26/2017,8/26/2017 9:47,9:47,8/26/2017,34
260,8/26/2017 22:09,22:09,8/26/2017,8/26/2017 22:08,22:08,8/26/2017,8/26/2017 22:08,22:08,8/26/2017,8/30/2017 9:14,9:14,8/30/2017,4985
261,8/27/2017 1:03,1:03,8/27/2017,8/27/2017 1:02,1:02,8/27/2017,8/27/2017 1:03,1:03,8/27/2017,8/27/2017 1:49,1:49,8/27/2017,46
262,8/27/2017 1:07,1:07,8/27/2017,8/27/2017 1:06,1:06,8/27/2017,8/27/2017 1:06,1:06,8/27/2017,8/29/2017 22:23,22:23,8/29/2017,4156
263,8/27/2017 1:18,1:18,8/27/2017,8/27/2017 1:17,1:17,8/27/2017,8/27/2017 1:17,1:17,8/27/2017,8/27/2017 1:49,1:49,8/27/2017,31
264,8/27/2017 5:37,5:37,8/27/2017,8/27/2017 5:36,5:36,8/27/2017,8/27/2017 5:37,5:37,8/27/2017,8/31/2017 21:01,21:01,8/31/2017,6684
265,8/27/2017 6:14,6:14,8/27/2017,8/27/2017 6:13,6:13,8/27/2017,8/27/2017 6:13,6:13,8/27/2017,8/29/2017 22:08,22:08,8/29/2017,3834
266,8/27/2017 7:02,7:02,8/27/2017,8/27/2017 7:01,7:01,8/27/2017,8/27/2017 7:01,7:01,8/27/2017,8/29/2017 20:20,20:20,8/29/2017,3678
267,8/27/2017 7:03,7:03,8/27/2017,8/27/2017 7:02,7:02,8/27/2017,8/27/2017 7:02,7:02,8/27/2017,8/29/2017 20:20,20:20,8/29/2017,3677
268,8/27/2017 20:36,20:36,8/27/2017,8/27/2017 20:35,20:35,8/27/2017,8/27/2017 20:35,20:35,8/27/2017,8/29/2017 15:52,15:52,8/29/2017,2596
269,8/27/2017 20:37,20:37,8/27/2017,8/27/2017 20:36,20:36,8/27/2017,8/27/2017 20:36,20:36,8/27/2017,8/29/2017 15:49,15:49,8/29/2017,2592
270,8/27/2017 22:19,22:19,8/27/2017,8/27/2017 22:19,22:19,8/27/2017,8/27/2017 22:19,22:19,8/27/2017,8/29/2017 19:54,19:54,8/29/2017,2735
271,8/28/2017 20:30,20:30,8/28/2017,8/28/2017 20:28,20:28,8/28/2017,8/28/2017 20:28,20:28,8/28/2017,8/31/2017 21:01,21:01,8/31/2017,4351
272,8/28/2017 23:50,23:50,8/28/2017,8/28/2017 23:49,23:49,8/28/2017,8/28/2017 23:49,23:49,8/28/2017,8/31/2017 21:12,21:12,8/31/2017,4162
273,8/29/2017 2:10,2:10,8/29/2017,8/29/2017 2:09,2:09,8/29/2017,8/29/2017 2:10,2:10,8/29/2017,8/30/2017 17:27,17:27,8/30/2017,2357
274,8/26/2017 2:02,2:02,8/26/2017,8/26/2017 1:58,1:58,8/26/2017,8/26/2017 1:58,1:58,8/26/2017,8/26/2017 4:00,4:00,8/26/2017,118
275,8/26/2017 21:27,21:27,8/26/2017,8/26/2017 21:24,21:24,8/26/2017,8/26/2017 21:25,21:25,8/26/2017,8/29/2017 15:37,15:37,8/29/2017,3970
276,8/26/2017 21:29,21:29,8/26/2017,8/26/2017 21:27,21:27,8/26/2017,8/26/2017 21:27,21:27,8/26/2017,8/28/2017 10:58,10:58,8/28/2017,2249
277,8/26/2017 21:38,21:38,8/26/2017,8/26/2017 21:37,21:37,8/26/2017,8/26/2017 21:37,21:37,8/26/2017,8/26/2017 23:00,23:00,8/26/2017,82
278,8/26/2017 21:39,21:39,8/26/2017,8/26/2017 21:38,21:38,8/26/2017,8/26/2017 21:38,21:38,8/26/2017,8/28/2017 11:06,11:06,8/28/2017,2247
279,8/26/2017 21:40,21:40,8/26/2017,8/26/2017 21:39,21:39,8/26/2017,8/26/2017 21:39,21:39,8/26/2017,8/26/2017 22:59,22:59,8/26/2017,79
280,8/26/2017 21:42,21:42,8/26/2017,8/26/2017 21:41,21:41,8/26/2017,8/26/2017 21:41,21:41,8/26/2017,8/26/2017 22:28,22:28,8/26/2017,46
281,8/26/2017 21:45,21:45,8/26/2017,8/26/2017 21:44,21:44,8/26/2017,8/26/2017 21:44,21:44,8/26/2017,8/28/2017 11:01,11:01,8/28/2017,2236
282,8/26/2017 21:59,21:59,8/26/2017,8/26/2017 21:57,21:57,8/26/2017,8/26/2017 21:57,21:57,8/26/2017,8/29/2017 15:45,15:45,8/29/2017,3946
283,8/26/2017 22:13,22:13,8/26/2017,8/26/2017 22:09,22:09,8/26/2017,8/26/2017 22:09,22:09,8/26/2017,8/30/2017 9:11,9:11,8/30/2017,4978
284,8/26/2017 22:57,22:57,8/26/2017,8/26/2017 22:53,22:53,8/26/2017,8/26/2017 22:53,22:53,8/26/2017,8/30/2017 10:23,10:23,8/30/2017,5006
285,8/27/2017 5:31,5:31,8/27/2017,8/27/2017 5:31,5:31,8/27/2017,8/27/2017 5:31,5:31,8/27/2017,8/29/2017 19:53,19:53,8/29/2017,3742
286,8/27/2017 5:59,5:59,8/27/2017,8/27/2017 5:58,5:58,8/27/2017,8/27/2017 5:58,5:58,8/27/2017,8/29/2017 16:01,16:01,8/29/2017,3482
287,8/27/2017 6:00,6:00,8/27/2017,8/27/2017 5:59,5:59,8/27/2017,8/27/2017 5:59,5:59,8/27/2017,8/29/2017 19:52,19:52,8/29/2017,3712
288,8/28/2017 1:43,1:43,8/28/2017,8/28/2017 1:42,1:42,8/28/2017,8/28/2017 1:43,1:43,8/28/2017,8/28/2017 11:04,11:04,8/28/2017,561
289,8/28/2017 10:14,10:14,8/28/2017,8/28/2017 10:08,10:08,8/28/2017,8/28/2017 10:08,10:08,8/28/2017,8/31/2017 8:31,8:31,8/31/2017,4217
290,8/27/2017 18:38,18:38,8/27/2017,8/27/2017 18:38,18:38,8/27/2017,8/27/2017 18:38,18:38,8/27/2017,8/29/2017 19:33,19:33,8/29/2017,2935
291,8/27/2017 18:39,18:39,8/27/2017,8/27/2017 18:39,18:39,8/27/2017,8/27/2017 18:39,18:39,8/27/2017,8/28/2017 23:55,23:55,8/28/2017,1756
292,8/25/2017 14:37,14:37,8/25/2017,8/25/2017 14:34,14:34,8/25/2017,8/25/2017 14:34,14:34,8/25/2017,8/27/2017 19:02,19:02,8/27/2017,3145
293,8/25/2017 14:37,14:37,8/25/2017,8/25/2017 14:34,14:34,8/25/2017,8/25/2017 14:34,14:34,8/25/2017,8/27/2017 19:03,19:03,8/27/2017,3146
294,8/26/2017 10:17,10:17,8/26/2017,8/26/2017 9:58,9:58,8/26/2017,8/26/2017 9:58,9:58,8/26/2017,8/26/2017 15:38,15:38,8/26/2017,321
295,8/28/2017 17:34,17:34,8/28/2017,8/28/2017 17:32,17:32,8/28/2017,8/28/2017 17:32,17:32,8/28/2017,8/28/2017 21:03,21:03,8/28/2017,209
296,8/26/2017 10:56,10:56,8/26/2017,8/26/2017 10:53,10:53,8/26/2017,8/26/2017 10:53,10:53,8/26/2017,8/26/2017 15:04,15:04,8/26/2017,248
297,8/26/2017 10:56,10:56,8/26/2017,8/26/2017 10:54,10:54,8/26/2017,8/26/2017 10:54,10:54,8/26/2017,8/26/2017 15:04,15:04,8/26/2017,248
298,8/26/2017 19:05,19:05,8/26/2017,8/26/2017 19:03,19:03,8/26/2017,8/26/2017 19:03,19:03,8/26/2017,8/29/2017 22:08,22:08,8/29/2017,4503
299,8/26/2017 19:06,19:06,8/26/2017,8/26/2017 19:05,19:05,8/26/2017,8/26/2017 19:05,19:05,8/26/2017,8/26/2017 19:24,19:24,8/26/2017,18
300,8/26/2017 23:20,23:20,8/26/2017,8/26/2017 23:19,23:19,8/26/2017,8/26/2017 23:19,23:19,8/26/2017,8/29/2017 22:50,22:50,8/29/2017,4290
301,8/26/2017 23:22,23:22,8/26/2017,8/26/2017 23:21,23:21,8/26/2017,8/26/2017 23:21,23:21,8/26/2017,8/30/2017 19:53,19:53,8/30/2017,5551
302,8/26/2017 23:23,23:23,8/26/2017,8/26/2017 23:22,23:22,8/26/2017,8/26/2017 23:22,23:22,8/26/2017,8/30/2017 19:56,19:56,8/30/2017,5553
303,8/28/2017 23:03,23:03,8/28/2017,8/28/2017 23:02,23:02,8/28/2017,8/28/2017 23:02,23:02,8/28/2017,8/29/2017 16:13,16:13,8/29/2017,1030
304,8/27/2017 15:34,15:34,8/27/2017,8/27/2017 15:33,15:33,8/27/2017,8/27/2017 15:33,15:33,8/27/2017,8/30/2017 9:03,9:03,8/30/2017,3929
305,8/28/2017 18:58,18:58,8/28/2017,8/28/2017 18:54,18:54,8/28/2017,8/28/2017 18:54,18:54,8/28/2017,8/31/2017 8:57,8:57,8/31/2017,3719
306,8/28/2017 19:00,19:00,8/28/2017,8/28/2017 18:58,18:58,8/28/2017,8/28/2017 18:58,18:58,8/28/2017,8/31/2017 8:56,8:56,8/31/2017,3716
307,8/26/2017 7:13,7:13,8/26/2017,8/26/2017 7:12,7:12,8/26/2017,8/26/2017 7:12,7:12,8/26/2017,8/26/2017 8:32,8:32,8/26/2017,79
308,8/26/2017 19:59,19:59,8/26/2017,8/26/2017 19:59,19:59,8/26/2017,8/26/2017 19:59,19:59,8/26/2017,8/31/2017 20:01,20:01,8/31/2017,7202
309,8/26/2017 22:02,22:02,8/26/2017,8/26/2017 22:00,22:00,8/26/2017,8/26/2017 22:00,22:00,8/26/2017,8/30/2017 7:09,7:09,8/30/2017,4867
310,8/26/2017 23:30,23:30,8/26/2017,8/26/2017 23:29,23:29,8/26/2017,8/26/2017 23:29,23:29,8/26/2017,8/29/2017 17:58,17:58,8/29/2017,3988
311,8/27/2017 7:05,7:05,8/27/2017,8/27/2017 7:03,7:03,8/27/2017,8/27/2017 7:03,7:03,8/27/2017,8/27/2017 12:24,12:24,8/27/2017,319
312,8/27/2017 7:09,7:09,8/27/2017,8/27/2017 7:05,7:05,8/27/2017,8/27/2017 7:05,7:05,8/27/2017,8/27/2017 12:30,12:30,8/27/2017,321
313,8/27/2017 7:10,7:10,8/27/2017,8/27/2017 7:09,7:09,8/27/2017,8/27/2017 7:09,7:09,8/27/2017,8/31/2017 7:33,7:33,8/31/2017,5783
314,8/27/2017 11:39,11:39,8/27/2017,8/27/2017 11:38,11:38,8/27/2017,8/27/2017 11:38,11:38,8/27/2017,8/31/2017 7:28,7:28,8/31/2017,5509
315,8/27/2017 12:25,12:25,8/27/2017,8/27/2017 12:24,12:24,8/27/2017,8/27/2017 12:24,12:24,8/27/2017,8/27/2017 16:18,16:18,8/27/2017,233
316,8/27/2017 12:43,12:43,8/27/2017,8/27/2017 12:41,12:41,8/27/2017,8/27/2017 12:42,12:42,8/27/2017,8/29/2017 7:43,7:43,8/29/2017,2580
317,8/27/2017 12:44,12:44,8/27/2017,8/27/2017 12:43,12:43,8/27/2017,8/27/2017 12:43,12:43,8/27/2017,8/29/2017 7:45,7:45,8/29/2017,2581
318,8/27/2017 14:04,14:04,8/27/2017,8/27/2017 14:03,14:03,8/27/2017,8/27/2017 14:03,14:03,8/27/2017,8/28/2017 7:26,7:26,8/28/2017,1042
319,8/27/2017 14:04,14:04,8/27/2017,8/27/2017 14:04,14:04,8/27/2017,8/27/2017 14:04,14:04,8/27/2017,8/28/2017 9:50,9:50,8/28/2017,1186
320,8/27/2017 22:14,22:14,8/27/2017,8/27/2017 22:13,22:13,8/27/2017,8/27/2017 22:13,22:13,8/27/2017,8/31/2017 2:38,2:38,8/31/2017,4584
321,8/28/2017 14:38,14:38,8/28/2017,8/28/2017 14:36,14:36,8/28/2017,8/28/2017 14:36,14:36,8/28/2017,8/29/2017 11:00,11:00,8/29/2017,1222
322,8/28/2017 17:19,17:19,8/28/2017,8/28/2017 17:18,17:18,8/28/2017,8/28/2017 17:18,17:18,8/28/2017,8/30/2017 18:42,18:42,8/30/2017,2963
323,8/28/2017 17:52,17:52,8/28/2017,8/28/2017 17:52,17:52,8/28/2017,8/28/2017 17:52,17:52,8/28/2017,8/31/2017 20:03,20:03,8/31/2017,4451
324,8/28/2017 19:07,19:07,8/28/2017,8/28/2017 19:06,19:06,8/28/2017,8/28/2017 19:06,19:06,8/28/2017,8/30/2017 14:32,14:32,8/30/2017,2605
325,8/29/2017 1:50,1:50,8/29/2017,8/29/2017 1:49,1:49,8/29/2017,8/29/2017 1:49,1:49,8/29/2017,8/30/2017 10:55,10:55,8/30/2017,1985
326,8/27/2017 0:40,0:40,8/27/2017,8/27/2017 0:38,0:38,8/27/2017,8/27/2017 0:39,0:39,8/27/2017,8/30/2017 15:06,15:06,8/30/2017,5186
327,8/27/2017 0:41,0:41,8/27/2017,8/27/2017 0:40,0:40,8/27/2017,8/27/2017 0:40,0:40,8/27/2017,8/30/2017 15:09,15:09,8/30/2017,5188
328,8/27/2017 1:00,1:00,8/27/2017,8/27/2017 0:58,0:58,8/27/2017,8/27/2017 0:58,0:58,8/27/2017,8/30/2017 15:07,15:07,8/30/2017,5167
329,8/27/2017 1:05,1:05,8/27/2017,8/27/2017 1:03,1:03,8/27/2017,8/27/2017 1:03,1:03,8/27/2017,8/30/2017 15:06,15:06,8/30/2017,5161
330,8/29/2017 1:48,1:48,8/29/2017,8/29/2017 1:47,1:47,8/29/2017,8/29/2017 1:47,1:47,8/29/2017,8/29/2017 15:12,15:12,8/29/2017,804
331,8/27/2017 1:03,1:03,8/27/2017,8/27/2017 1:03,1:03,8/27/2017,8/27/2017 1:03,1:03,8/27/2017,8/31/2017 6:56,6:56,8/31/2017,6113
332,8/27/2017 22:35,22:35,8/27/2017,8/27/2017 22:34,22:34,8/27/2017,8/27/2017 22:34,22:34,8/27/2017,8/30/2017 11:03,11:03,8/30/2017,3628
333,8/28/2017 17:29,17:29,8/28/2017,8/28/2017 17:29,17:29,8/28/2017,8/28/2017 17:29,17:29,8/28/2017,8/31/2017 13:56,13:56,8/31/2017,4107
334,8/29/2017 1:55,1:55,8/29/2017,8/29/2017 1:54,1:54,8/29/2017,8/29/2017 1:57,1:57,8/29/2017,8/31/2017 16:56,16:56,8/31/2017,3781
335,8/28/2017 10:36,10:36,8/28/2017,8/28/2017 10:33,10:33,8/28/2017,8/28/2017 10:33,10:33,8/28/2017,8/31/2017 16:58,16:58,8/31/2017,4702
336,8/26/2017 21:19,21:19,8/26/2017,8/26/2017 21:16,21:16,8/26/2017,8/26/2017 21:17,21:17,8/26/2017,8/31/2017 17:06,17:06,8/31/2017,6947
337,8/26/2017 21:45,21:45,8/26/2017,8/26/2017 21:40,21:40,8/26/2017,8/26/2017 21:40,21:40,8/26/2017,8/31/2017 14:07,14:07,8/31/2017,6742
338,8/27/2017 6:48,6:48,8/27/2017,8/27/2017 6:45,6:45,8/27/2017,8/27/2017 6:45,6:45,8/27/2017,8/31/2017 17:14,17:14,8/31/2017,6386
339,8/27/2017 6:49,6:49,8/27/2017,8/27/2017 6:48,6:48,8/27/2017,8/27/2017 6:48,6:48,8/27/2017,8/31/2017 17:18,17:18,8/31/2017,6389
340,8/27/2017 9:50,9:50,8/27/2017,8/27/2017 9:48,9:48,8/27/2017,8/27/2017 15:38,15:38,8/27/2017,8/31/2017 14:02,14:02,8/31/2017,6012
341,8/27/2017 13:51,13:51,8/27/2017,8/27/2017 13:35,13:35,8/27/2017,8/27/2017 15:39,15:39,8/27/2017,8/31/2017 16:59,16:59,8/31/2017,5948
342,8/27/2017 20:14,20:14,8/27/2017,8/27/2017 20:12,20:12,8/27/2017,8/27/2017 20:14,20:14,8/27/2017,8/31/2017 13:23,13:23,8/31/2017,5349
343,8/25/2017 14:44,14:44,8/25/2017,8/25/2017 14:39,14:39,8/25/2017,8/25/2017 14:40,14:40,8/25/2017,8/27/2017 19:10,19:10,8/27/2017,3146
344,8/25/2017 14:48,14:48,8/25/2017,8/25/2017 14:47,14:47,8/25/2017,8/25/2017 14:47,14:47,8/25/2017,8/27/2017 19:13,19:13,8/27/2017,3145
345,8/26/2017 10:55,10:55,8/26/2017,8/26/2017 10:53,10:53,8/26/2017,8/26/2017 10:53,10:53,8/26/2017,8/30/2017 15:04,15:04,8/30/2017,6009
346,8/26/2017 10:56,10:56,8/26/2017,8/26/2017 10:55,10:55,8/26/2017,8/26/2017 10:55,10:55,8/26/2017,8/30/2017 15:05,15:05,8/30/2017,6009
347,8/28/2017 23:23,23:23,8/28/2017,8/28/2017 23:22,23:22,8/28/2017,8/28/2017 23:23,23:23,8/28/2017,8/31/2017 17:25,17:25,8/31/2017,3962
348,8/28/2017 23:24,23:24,8/28/2017,8/28/2017 23:23,23:23,8/28/2017,8/28/2017 23:23,23:23,8/28/2017,8/31/2017 17:23,17:23,8/31/2017,3959
349,8/27/2017 15:21,15:21,8/27/2017,8/27/2017 15:20,15:20,8/27/2017,8/27/2017 15:21,15:21,8/27/2017,8/29/2017 11:58,11:58,8/29/2017,2677
350,8/27/2017 15:22,15:22,8/27/2017,8/27/2017 15:21,15:21,8/27/2017,8/27/2017 15:38,15:38,8/27/2017,8/29/2017 11:54,11:54,8/29/2017,2672
351,8/27/2017 19:46,19:46,8/27/2017,8/27/2017 19:46,19:46,8/27/2017,8/27/2017 19:46,19:46,8/27/2017,8/29/2017 22:04,22:04,8/29/2017,3018
352,8/27/2017 19:47,19:47,8/27/2017,8/27/2017 19:46,19:46,8/27/2017,8/27/2017 19:46,19:46,8/27/2017,8/30/2017 13:25,13:25,8/30/2017,3938
353,8/27/2017 19:54,19:54,8/27/2017,8/27/2017 19:53,19:53,8/27/2017,8/27/2017 19:53,19:53,8/27/2017,8/30/2017 13:24,13:24,8/30/2017,3930
354,8/27/2017 19:54,19:54,8/27/2017,8/27/2017 19:54,19:54,8/27/2017,8/27/2017 19:54,19:54,8/27/2017,8/30/2017 13:26,13:26,8/30/2017,3932
355,8/28/2017 11:39,11:39,8/28/2017,8/28/2017 11:38,11:38,8/28/2017,8/28/2017 11:38,11:38,8/28/2017,8/29/2017 8:02,8:02,8/29/2017,1223
356,8/29/2017 8:05,8:05,8/29/2017,8/29/2017 8:02,8:02,8/29/2017,8/29/2017 8:02,8:02,8/29/2017,8/30/2017 13:25,13:25,8/30/2017,1760
357,8/29/2017 8:11,8:11,8/29/2017,8/29/2017 8:05,8:05,8/29/2017,8/29/2017 8:05,8:05,8/29/2017,8/30/2017 16:21,16:21,8/30/2017,1930
358,8/27/2017 1:35,1:35,8/27/2017,8/27/2017 1:34,1:34,8/27/2017,8/27/2017 1:34,1:34,8/27/2017,8/29/2017 22:14,22:14,8/29/2017,4119
359,8/27/2017 12:58,12:58,8/27/2017,8/27/2017 12:55,12:55,8/27/2017,8/27/2017 12:55,12:55,8/27/2017,8/29/2017 22:16,22:16,8/29/2017,3438
360,8/27/2017 18:51,18:51,8/27/2017,8/27/2017 18:50,18:50,8/27/2017,8/27/2017 18:51,18:51,8/27/2017,8/29/2017 23:44,23:44,8/29/2017,3173
361,8/27/2017 18:52,18:52,8/27/2017,8/27/2017 18:51,18:51,8/27/2017,8/27/2017 18:51,18:51,8/27/2017,8/29/2017 23:43,23:43,8/29/2017,3171
362,8/27/2017 18:54,18:54,8/27/2017,8/27/2017 18:54,18:54,8/27/2017,8/27/2017 18:54,18:54,8/27/2017,8/29/2017 23:44,23:44,8/29/2017,3170
363,8/27/2017 18:55,18:55,8/27/2017,8/27/2017 18:55,18:55,8/27/2017,8/27/2017 18:55,18:55,8/27/2017,8/29/2017 23:41,23:41,8/29/2017,3166
364,8/28/2017 3:22,3:22,8/28/2017,8/28/2017 3:14,3:14,8/28/2017,8/28/2017 3:15,3:15,8/28/2017,8/29/2017 23:43,23:43,8/29/2017,2661
365,8/28/2017 3:29,3:29,8/28/2017,8/28/2017 3:25,3:25,8/28/2017,8/28/2017 3:25,3:25,8/28/2017,8/29/2017 23:44,23:44,8/29/2017,2655
366,8/29/2017 9:01,9:01,8/29/2017,8/29/2017 8:57,8:57,8/29/2017,8/29/2017 8:57,8:57,8/29/2017,8/29/2017 23:43,23:43,8/29/2017,882
367,8/26/2017 8:08,8:08,8/26/2017,8/26/2017 8:07,8:07,8/26/2017,8/26/2017 8:07,8:07,8/26/2017,8/26/2017 14:03,14:03,8/26/2017,355
368,8/26/2017 8:24,8:24,8/26/2017,8/26/2017 8:23,8:23,8/26/2017,8/26/2017 8:24,8:24,8/26/2017,8/26/2017 9:49,9:49,8/26/2017,85
369,8/26/2017 8:24,8:24,8/26/2017,8/26/2017 8:24,8:24,8/26/2017,8/26/2017 8:24,8:24,8/26/2017,8/26/2017 9:13,9:13,8/26/2017,49
370,8/26/2017 23:02,23:02,8/26/2017,8/26/2017 23:01,23:01,8/26/2017,8/26/2017 23:01,23:01,8/26/2017,8/29/2017 10:37,10:37,8/29/2017,3575
371,8/26/2017 23:23,23:23,8/26/2017,8/26/2017 23:22,23:22,8/26/2017,8/26/2017 23:22,23:22,8/26/2017,8/29/2017 12:59,12:59,8/29/2017,3696
372,8/26/2017 23:31,23:31,8/26/2017,8/26/2017 23:30,23:30,8/26/2017,8/26/2017 23:31,23:31,8/26/2017,8/27/2017 12:24,12:24,8/27/2017,773
373,8/27/2017 0:15,0:15,8/27/2017,8/27/2017 0:10,0:10,8/27/2017,8/27/2017 0:18,0:18,8/27/2017,8/29/2017 10:25,10:25,8/29/2017,3490
374,8/27/2017 0:29,0:29,8/27/2017,8/27/2017 0:29,0:29,8/27/2017,8/27/2017 0:29,0:29,8/27/2017,8/27/2017 12:24,12:24,8/27/2017,715
375,8/27/2017 0:30,0:30,8/27/2017,8/27/2017 0:30,0:30,8/27/2017,8/27/2017 0:30,0:30,8/27/2017,8/29/2017 13:00,13:00,8/29/2017,3630
376,8/27/2017 2:07,2:07,8/27/2017,8/27/2017 2:06,2:06,8/27/2017,8/27/2017 2:06,2:06,8/27/2017,8/29/2017 21:59,21:59,8/29/2017,4072
377,8/27/2017 9:08,9:08,8/27/2017,8/27/2017 9:07,9:07,8/27/2017,8/27/2017 9:07,9:07,8/27/2017,8/29/2017 10:37,10:37,8/29/2017,2969
378,8/27/2017 9:35,9:35,8/27/2017,8/27/2017 9:33,9:33,8/27/2017,8/27/2017 9:34,9:34,8/27/2017,8/27/2017 12:23,12:23,8/27/2017,168
379,8/27/2017 11:13,11:13,8/27/2017,8/27/2017 11:11,11:11,8/27/2017,8/27/2017 11:11,11:11,8/27/2017,8/29/2017 21:58,21:58,8/29/2017,3525
380,8/27/2017 13:07,13:07,8/27/2017,8/27/2017 13:07,13:07,8/27/2017,8/27/2017 13:07,13:07,8/27/2017,8/30/2017 9:32,9:32,8/30/2017,4105
381,8/27/2017 16:58,16:58,8/27/2017,8/27/2017 16:57,16:57,8/27/2017,8/27/2017 16:57,16:57,8/27/2017,8/29/2017 14:39,14:39,8/29/2017,2741
382,8/27/2017 17:25,17:25,8/27/2017,8/27/2017 17:24,17:24,8/27/2017,8/27/2017 17:24,17:24,8/27/2017,8/30/2017 9:29,9:29,8/30/2017,3844
383,8/27/2017 17:44,17:44,8/27/2017,8/27/2017 17:43,17:43,8/27/2017,8/27/2017 17:43,17:43,8/27/2017,8/30/2017 9:28,9:28,8/30/2017,3824
384,8/27/2017 22:12,22:12,8/27/2017,8/27/2017 22:11,22:11,8/27/2017,8/27/2017 22:11,22:11,8/27/2017,8/29/2017 21:59,21:59,8/29/2017,2867
385,8/27/2017 23:29,23:29,8/27/2017,8/27/2017 23:28,23:28,8/27/2017,8/27/2017 23:28,23:28,8/27/2017,8/29/2017 10:32,10:32,8/29/2017,2103
386,8/29/2017 14:34,14:34,8/29/2017,8/29/2017 14:33,14:33,8/29/2017,8/29/2017 14:33,14:33,8/29/2017,8/30/2017 9:31,9:31,8/30/2017,1137
387,8/29/2017 14:45,14:45,8/29/2017,8/29/2017 14:44,14:44,8/29/2017,8/29/2017 14:44,14:44,8/29/2017,8/30/2017 9:30,9:30,8/30/2017,1125
388,8/29/2017 14:52,14:52,8/29/2017,8/29/2017 14:50,14:50,8/29/2017,8/29/2017 14:50,14:50,8/29/2017,8/30/2017 9:31,9:31,8/30/2017,1119
389,8/27/2017 5:06,5:06,8/27/2017,8/27/2017 5:03,5:03,8/27/2017,8/27/2017 5:04,5:04,8/27/2017,8/30/2017 9:23,9:23,8/30/2017,4577
390,8/27/2017 6:39,6:39,8/27/2017,8/27/2017 6:39,6:39,8/27/2017,8/27/2017 6:39,6:39,8/27/2017,8/30/2017 9:23,9:23,8/30/2017,4484
391,8/27/2017 7:02,7:02,8/27/2017,8/27/2017 7:02,7:02,8/27/2017,8/27/2017 7:02,7:02,8/27/2017,8/30/2017 9:22,9:22,8/30/2017,4460
392,8/27/2017 16:36,16:36,8/27/2017,8/27/2017 16:35,16:35,8/27/2017,8/27/2017 16:38,16:38,8/27/2017,8/30/2017 9:21,9:21,8/30/2017,3885
393,8/27/2017 17:21,17:21,8/27/2017,8/27/2017 17:20,17:20,8/27/2017,8/27/2017 17:20,17:20,8/27/2017,8/30/2017 9:21,9:21,8/30/2017,3840
394,8/26/2017 1:40,1:40,8/26/2017,8/26/2017 1:39,1:39,8/26/2017,8/26/2017 1:39,1:39,8/26/2017,8/26/2017 3:41,3:41,8/26/2017,121
395,8/26/2017 1:44,1:44,8/26/2017,8/26/2017 1:43,1:43,8/26/2017,8/26/2017 1:43,1:43,8/26/2017,8/26/2017 3:41,3:41,8/26/2017,117
396,8/26/2017 20:22,20:22,8/26/2017,8/26/2017 20:21,20:21,8/26/2017,8/26/2017 20:21,20:21,8/26/2017,8/26/2017 20:27,20:27,8/26/2017,5
397,8/26/2017 20:23,20:23,8/26/2017,8/26/2017 20:22,20:22,8/26/2017,8/26/2017 20:22,20:22,8/26/2017,8/26/2017 20:28,20:28,8/26/2017,5
398,8/26/2017 20:50,20:50,8/26/2017,8/26/2017 20:49,20:49,8/26/2017,8/26/2017 20:49,20:49,8/26/2017,8/29/2017 22:11,22:11,8/29/2017,4401
399,8/26/2017 20:50,20:50,8/26/2017,8/26/2017 20:50,20:50,8/26/2017,8/26/2017 20:50,20:50,8/26/2017,8/29/2017 22:11,22:11,8/29/2017,4401
400,8/26/2017 21:16,21:16,8/26/2017,8/26/2017 21:15,21:15,8/26/2017,8/26/2017 21:15,21:15,8/26/2017,8/29/2017 10:40,10:40,8/29/2017,3684
401,8/26/2017 21:18,21:18,8/26/2017,8/26/2017 21:17,21:17,8/26/2017,8/26/2017 21:17,21:17,8/26/2017,8/29/2017 10:39,10:39,8/29/2017,3681
402,8/26/2017 21:50,21:50,8/26/2017,8/26/2017 21:50,21:50,8/26/2017,8/26/2017 21:50,21:50,8/26/2017,8/30/2017 6:05,6:05,8/30/2017,4815
403,8/26/2017 21:51,21:51,8/26/2017,8/26/2017 21:51,21:51,8/26/2017,8/26/2017 21:51,21:51,8/26/2017,8/27/2017 17:19,17:19,8/27/2017,1168
404,8/26/2017 22:01,22:01,8/26/2017,8/26/2017 22:01,22:01,8/26/2017,8/26/2017 22:01,22:01,8/26/2017,8/28/2017 12:03,12:03,8/28/2017,2282
405,8/26/2017 22:26,22:26,8/26/2017,8/26/2017 22:26,22:26,8/26/2017,8/26/2017 22:26,22:26,8/26/2017,8/26/2017 23:28,23:28,8/26/2017,62
406,8/26/2017 22:36,22:36,8/26/2017,8/26/2017 22:36,22:36,8/26/2017,8/26/2017 22:36,22:36,8/26/2017,8/29/2017 22:08,22:08,8/29/2017,4292
407,8/26/2017 22:41,22:41,8/26/2017,8/26/2017 22:40,22:40,8/26/2017,8/26/2017 22:40,22:40,8/26/2017,8/26/2017 22:40,22:40,8/26/2017,-1
408,8/26/2017 23:53,23:53,8/26/2017,8/26/2017 23:49,23:49,8/26/2017,8/26/2017 23:49,23:49,8/26/2017,8/29/2017 12:56,12:56,8/29/2017,3663
409,8/26/2017 23:54,23:54,8/26/2017,8/26/2017 23:53,23:53,8/26/2017,8/26/2017 23:53,23:53,8/26/2017,8/29/2017 12:45,12:45,8/29/2017,3651
410,8/27/2017 0:04,0:04,8/27/2017,8/27/2017 0:04,0:04,8/27/2017,8/27/2017 0:04,0:04,8/27/2017,8/29/2017 10:33,10:33,8/29/2017,3509
411,8/27/2017 1:10,1:10,8/27/2017,8/27/2017 1:10,1:10,8/27/2017,8/27/2017 1:10,1:10,8/27/2017,8/30/2017 5:16,5:16,8/30/2017,4566
412,8/27/2017 8:08,8:08,8/27/2017,8/27/2017 8:07,8:07,8/27/2017,8/27/2017 8:08,8:08,8/27/2017,8/31/2017 10:37,10:37,8/31/2017,5909
413,8/27/2017 8:29,8:29,8/27/2017,8/27/2017 8:28,8:28,8/27/2017,8/27/2017 8:28,8:28,8/27/2017,8/27/2017 12:10,12:10,8/27/2017,221
414,8/27/2017 9:00,9:00,8/27/2017,8/27/2017 8:56,8:56,8/27/2017,8/27/2017 8:56,8:56,8/27/2017,8/29/2017 12:57,12:57,8/29/2017,3117
415,8/27/2017 12:06,12:06,8/27/2017,8/27/2017 12:06,12:06,8/27/2017,8/27/2017 12:06,12:06,8/27/2017,8/30/2017 8:37,8:37,8/30/2017,4111
416,8/28/2017 20:53,20:53,8/28/2017,8/28/2017 20:52,20:52,8/28/2017,8/28/2017 20:52,20:52,8/28/2017,8/30/2017 9:29,9:29,8/30/2017,2196
417,8/28/2017 20:55,20:55,8/28/2017,8/28/2017 20:53,20:53,8/28/2017,8/28/2017 20:53,20:53,8/28/2017,8/30/2017 5:14,5:14,8/30/2017,1939
418,8/28/2017 21:19,21:19,8/28/2017,8/28/2017 21:18,21:18,8/28/2017,8/28/2017 21:18,21:18,8/28/2017,8/30/2017 9:30,9:30,8/30/2017,2171
419,8/26/2017 21:27,21:27,8/26/2017,8/26/2017 21:26,21:26,8/26/2017,8/26/2017 21:27,21:27,8/26/2017,8/26/2017 22:08,22:08,8/26/2017,41
420,8/26/2017 22:20,22:20,8/26/2017,8/26/2017 22:19,22:19,8/26/2017,8/26/2017 22:19,22:19,8/26/2017,8/29/2017 11:33,11:33,8/29/2017,3673
421,8/27/2017 0:55,0:55,8/27/2017,8/27/2017 0:55,0:55,8/27/2017,8/27/2017 0:55,0:55,8/27/2017,8/28/2017 9:47,9:47,8/28/2017,1972
422,8/27/2017 1:46,1:46,8/27/2017,8/27/2017 1:40,1:40,8/27/2017,8/27/2017 1:40,1:40,8/27/2017,8/31/2017 9:22,9:22,8/31/2017,6216
423,8/27/2017 1:54,1:54,8/27/2017,8/27/2017 1:53,1:53,8/27/2017,8/27/2017 1:53,1:53,8/27/2017,8/29/2017 14:18,14:18,8/29/2017,3624
424,8/27/2017 4:53,4:53,8/27/2017,8/27/2017 4:52,4:52,8/27/2017,8/27/2017 4:52,4:52,8/27/2017,8/29/2017 13:04,13:04,8/29/2017,3371
425,8/27/2017 7:59,7:59,8/27/2017,8/27/2017 7:56,7:56,8/27/2017,8/27/2017 7:56,7:56,8/27/2017,8/28/2017 12:24,12:24,8/28/2017,1705
426,8/27/2017 8:02,8:02,8/27/2017,8/27/2017 8:01,8:01,8/27/2017,8/27/2017 8:01,8:01,8/27/2017,8/29/2017 13:00,13:00,8/29/2017,3178
427,8/27/2017 8:46,8:46,8/27/2017,8/27/2017 8:46,8:46,8/27/2017,8/27/2017 8:46,8:46,8/27/2017,8/29/2017 12:42,12:42,8/29/2017,3116
428,8/27/2017 8:48,8:48,8/27/2017,8/27/2017 8:47,8:47,8/27/2017,8/27/2017 8:47,8:47,8/27/2017,8/29/2017 11:38,11:38,8/29/2017,3050
429,8/27/2017 8:52,8:52,8/27/2017,8/27/2017 8:50,8:50,8/27/2017,8/27/2017 8:51,8:51,8/27/2017,8/29/2017 13:01,13:01,8/29/2017,3129
430,8/27/2017 9:39,9:39,8/27/2017,8/27/2017 9:38,9:38,8/27/2017,8/27/2017 9:38,9:38,8/27/2017,8/29/2017 13:02,13:02,8/29/2017,3083
431,8/27/2017 11:04,11:04,8/27/2017,8/27/2017 11:00,11:00,8/27/2017,8/27/2017 11:00,11:00,8/27/2017,8/29/2017 14:18,14:18,8/29/2017,3074
432,8/27/2017 11:20,11:20,8/27/2017,8/27/2017 11:17,11:17,8/27/2017,8/27/2017 11:19,11:19,8/27/2017,8/28/2017 9:49,9:49,8/28/2017,1349
433,8/27/2017 11:22,11:22,8/27/2017,8/27/2017 11:20,11:20,8/27/2017,8/27/2017 11:22,11:22,8/27/2017,8/29/2017 13:01,13:01,8/29/2017,2979
434,8/27/2017 11:38,11:38,8/27/2017,8/27/2017 11:38,11:38,8/27/2017,8/27/2017 11:38,11:38,8/27/2017,8/29/2017 14:18,14:18,8/29/2017,3040
435,8/27/2017 11:47,11:47,8/27/2017,8/27/2017 11:46,11:46,8/27/2017,8/27/2017 11:46,11:46,8/27/2017,8/29/2017 12:57,12:57,8/29/2017,2950
436,8/27/2017 11:54,11:54,8/27/2017,8/27/2017 11:53,11:53,8/27/2017,8/27/2017 11:53,11:53,8/27/2017,8/29/2017 13:00,13:00,8/29/2017,2946
437,8/27/2017 12:08,12:08,8/27/2017,8/27/2017 12:08,12:08,8/27/2017,8/27/2017 12:08,12:08,8/27/2017,8/29/2017 13:04,13:04,8/29/2017,2936
438,8/25/2017 14:39,14:39,8/25/2017,8/25/2017 14:37,14:37,8/25/2017,8/25/2017 14:37,14:37,8/25/2017,8/30/2017 15:08,15:08,8/30/2017,7229
439,8/27/2017 8:17,8:17,8/27/2017,8/27/2017 8:15,8:15,8/27/2017,8/27/2017 8:15,8:15,8/27/2017,8/30/2017 9:06,9:06,8/30/2017,4369
440,8/26/2017 20:50,20:50,8/26/2017,8/26/2017 20:49,20:49,8/26/2017,8/26/2017 20:49,20:49,8/26/2017,8/27/2017 1:15,1:15,8/27/2017,265
441,8/26/2017 20:53,20:53,8/26/2017,8/26/2017 20:51,20:51,8/26/2017,8/26/2017 20:51,20:51,8/26/2017,8/27/2017 1:15,1:15,8/27/2017,262
442,8/27/2017 20:56,20:56,8/27/2017,8/27/2017 20:54,20:54,8/27/2017,8/27/2017 20:54,20:54,8/27/2017,8/31/2017 11:11,11:11,8/31/2017,5175
443,8/25/2017 23:41,23:41,8/25/2017,8/25/2017 23:37,23:37,8/25/2017,8/25/2017 23:37,23:37,8/25/2017,8/26/2017 13:39,13:39,8/26/2017,838
444,8/26/2017 6:40,6:40,8/26/2017,8/26/2017 6:30,6:30,8/26/2017,8/26/2017 6:31,6:31,8/26/2017,8/26/2017 13:40,13:40,8/26/2017,420
445,8/26/2017 8:36,8:36,8/26/2017,8/26/2017 8:29,8:29,8/26/2017,8/26/2017 8:34,8:34,8/26/2017,8/29/2017 19:45,19:45,8/29/2017,4989
446,8/26/2017 9:42,9:42,8/26/2017,8/26/2017 9:41,9:41,8/26/2017,8/26/2017 9:41,9:41,8/26/2017,8/26/2017 14:00,14:00,8/26/2017,258
447,8/26/2017 21:23,21:23,8/26/2017,8/26/2017 21:21,21:21,8/26/2017,8/26/2017 21:21,21:21,8/26/2017,8/31/2017 10:42,10:42,8/31/2017,6559
448,8/27/2017 1:10,1:10,8/27/2017,8/27/2017 1:09,1:09,8/27/2017,8/27/2017 1:09,1:09,8/27/2017,8/31/2017 11:10,11:10,8/31/2017,6360
449,8/27/2017 6:24,6:24,8/27/2017,8/27/2017 6:23,6:23,8/27/2017,8/27/2017 6:23,6:23,8/27/2017,8/31/2017 11:08,11:08,8/31/2017,6044
450,8/29/2017 8:12,8:12,8/29/2017,8/29/2017 8:10,8:10,8/29/2017,8/29/2017 8:10,8:10,8/29/2017,8/29/2017 22:21,22:21,8/29/2017,849
451,8/30/2017 19:34,19:34,8/30/2017,8/30/2017 19:33,19:33,8/30/2017,8/30/2017 19:33,19:33,8/30/2017,8/31/2017 13:27,13:27,8/31/2017,1073
452,8/27/2017 2:47,2:47,8/27/2017,8/27/2017 2:46,2:46,8/27/2017,8/27/2017 2:46,2:46,8/27/2017,8/29/2017 19:35,19:35,8/29/2017,3888
453,8/27/2017 2:48,2:48,8/27/2017,8/27/2017 2:47,2:47,8/27/2017,8/27/2017 2:47,2:47,8/27/2017,8/31/2017 13:39,13:39,8/31/2017,6411
454,8/28/2017 22:41,22:41,8/28/2017,8/28/2017 22:38,22:38,8/28/2017,8/28/2017 22:38,22:38,8/28/2017,8/31/2017 19:59,19:59,8/31/2017,4158
455,8/28/2017 23:21,23:21,8/28/2017,8/28/2017 23:20,23:20,8/28/2017,8/28/2017 23:20,23:20,8/28/2017,8/31/2017 19:54,19:54,8/31/2017,4113
456,8/28/2017 23:29,23:29,8/28/2017,8/28/2017 23:25,23:25,8/28/2017,8/28/2017 23:31,23:31,8/28/2017,8/30/2017 18:51,18:51,8/30/2017,2602
457,8/29/2017 1:01,1:01,8/29/2017,8/29/2017 0:59,0:59,8/29/2017,8/29/2017 1:00,1:00,8/29/2017,8/30/2017 18:52,18:52,8/30/2017,2511
458,8/29/2017 1:02,1:02,8/29/2017,8/29/2017 1:01,1:01,8/29/2017,8/29/2017 1:01,1:01,8/29/2017,8/30/2017 18:53,18:53,8/30/2017,2511
459,8/31/2017 13:53,13:53,8/31/2017,8/31/2017 13:52,13:52,8/31/2017,8/31/2017 13:52,13:52,8/31/2017,8/31/2017 19:47,19:47,8/31/2017,354
460,8/26/2017 21:22,21:22,8/26/2017,8/26/2017 21:21,21:21,8/26/2017,8/26/2017 21:21,21:21,8/26/2017,8/29/2017 10:40,10:40,8/29/2017,3678
461,8/26/2017 21:29,21:29,8/26/2017,8/26/2017 21:28,21:28,8/26/2017,8/26/2017 21:28,21:28,8/26/2017,8/29/2017 13:13,13:13,8/29/2017,3824
462,8/26/2017 21:38,21:38,8/26/2017,8/26/2017 21:37,21:37,8/26/2017,8/26/2017 21:37,21:37,8/26/2017,8/28/2017 17:23,17:23,8/28/2017,2625
463,8/26/2017 22:19,22:19,8/26/2017,8/26/2017 22:18,22:18,8/26/2017,8/26/2017 22:18,22:18,8/26/2017,8/29/2017 12:45,12:45,8/29/2017,3746
464,8/26/2017 22:55,22:55,8/26/2017,8/26/2017 22:54,22:54,8/26/2017,8/26/2017 22:54,22:54,8/26/2017,8/29/2017 12:43,12:43,8/29/2017,3708
465,8/27/2017 3:29,3:29,8/27/2017,8/27/2017 3:28,3:28,8/27/2017,8/27/2017 3:28,3:28,8/27/2017,8/29/2017 13:06,13:06,8/29/2017,3457
466,8/27/2017 7:35,7:35,8/27/2017,8/27/2017 7:34,7:34,8/27/2017,8/27/2017 7:34,7:34,8/27/2017,8/29/2017 13:12,13:12,8/29/2017,3217
467,8/29/2017 15:46,15:46,8/29/2017,8/29/2017 15:44,15:44,8/29/2017,8/29/2017 15:44,15:44,8/29/2017,8/29/2017 16:27,16:27,8/29/2017,41
