ROADWAY_NAME,LATITUDE_IB_CW,LATITUDE_OB_CCW,LONGITUDE_IB_CW,LONGITUDE_OB_CCW,COUNTY_NAME,TOTAL_MINUTES,ENTER_DATE,ENTER_TIME,CLEAR_DATE,CLEAR_TIME,elev_meters,Rain_Totals_mm,Rain_Dist_meters,Highway_Inc_Length_m,Rain_Dist_miles,Rain_Totals_meters
BELTWAY 8-EAST,29.8085,29.8089,-95.1639,-95.1628,Harris,0,8/26/2017,3:56,8/26/2017,3:56,10.1,37.44,550.4545556602061,115.21177383854172,0.34203660352305415,0.03744
BELTWAY 8-EAST,29.6656,29.6656,-95.1558,-95.1556,Harris,357,8/26/2017,8:06,8/26/2017,14:03,8.88,39.75,2892.704124924741,19.361624750806275,1.79744301089434,0.03975
BELTWAY 8-EAST,29.883000000000006,29.883000000000006,-95.1984,-95.1984,Harris,4745,8/27/2017,1:50,8/30/2017,8:55,14.32,8.25,3149.513177316555,0.0,1.9570167579563815,0.00825
BELTWAY 8-EAST,29.883000000000006,29.883000000000006,-95.1984,-95.1984,Harris,4351,8/27/2017,8:49,8/30/2017,9:20,14.32,8.25,3149.513177316555,0.0,1.9570167579563815,0.00825
BELTWAY 8-EAST,29.6498,29.6498,-95.1562,-95.1561,Harris,4138,8/27/2017,11:55,8/30/2017,8:53,9.61,39.75,1241.1437815819738,9.682324899222266,0.7712109912995443,0.03975
BELTWAY 8-EAST,29.8085,29.8089,-95.1639,-95.1628,Harris,5563,8/27/2017,20:44,8/31/2017,17:27,10.1,37.44,550.4545556602061,115.21177383854172,0.34203660352305415,0.03744
BELTWAY 8-NORTH,29.9396,29.9403,-95.3034,-95.3034,Harris,419,8/26/2017,8:44,8/26/2017,15:43,21.48,37.6,2423.7064848346477,77.5960017577287,1.5060213881150628,0.0376
BELTWAY 8-NORTH,29.9392,29.9393,-95.3313,-95.3313,Harris,63,8/26/2017,8:46,8/26/2017,9:49,16.86,34.48,1740.6572048329501,11.085141930489053,1.0815942426435554,0.03448
BELTWAY 8-NORTH,29.9392,29.9393,-95.3313,-95.3313,Harris,61,8/26/2017,8:47,8/26/2017,9:48,16.86,34.48,1740.6572048329501,11.085141930489053,1.0815942426435554,0.03448
BELTWAY 8-NORTH,29.9397,29.9402,-95.296,-95.2957,Harris,4918,8/27/2017,0:19,8/30/2017,10:17,18.34,37.6,2622.023049555344,62.53704838423066,1.6292495883759743,0.0376
BELTWAY 8-NORTH,29.9387,29.9389,-95.3812,-95.3813,Harris,4076,8/27/2017,0:23,8/29/2017,20:19,18.62,9.16,3015.645923835789,24.181224460146364,1.8738355030595004,0.00916
BELTWAY 8-NORTH,29.9387,29.9389,-95.3812,-95.3813,Harris,5330,8/27/2017,0:27,8/30/2017,17:17,18.62,9.16,3015.645923835789,24.181224460146364,1.8738355030595004,0.00916
BELTWAY 8-NORTH,29.9387,29.9389,-95.3812,-95.3813,Harris,3602,8/27/2017,3:08,8/29/2017,15:10,18.62,9.16,3015.645923835789,24.181224460146364,1.8738355030595004,0.00916
BELTWAY 8-NORTH,29.9387,29.9389,-95.3812,-95.3813,Harris,3457,8/27/2017,5:31,8/29/2017,15:08,18.62,9.16,3015.645923835789,24.181224460146364,1.8738355030595004,0.00916
BELTWAY 8-NORTH,29.9387,29.9389,-95.3812,-95.3813,Harris,4485,8/27/2017,5:33,8/30/2017,8:18,18.62,9.16,3015.645923835789,24.181224460146364,1.8738355030595004,0.00916
BELTWAY 8-NORTH,29.9391,29.9394,-95.3972,-95.3971,Harris,3313,8/27/2017,5:49,8/29/2017,13:02,25.75,31.24,2631.0957185997536,34.62849552977258,1.6348870835568738,0.031239999999999997
BELTWAY 8-NORTH,29.9405,29.9407,-95.4138,-95.4138,Harris,4650,8/27/2017,5:49,8/30/2017,11:19,23.53,31.24,1751.2560644330415,22.17028840468177,1.0881800686696204,0.031239999999999997
BELTWAY 8-NORTH,29.9391,29.9394,-95.3972,-95.3971,Harris,3312,8/27/2017,5:50,8/29/2017,13:02,25.75,31.24,2631.0957185997536,34.62849552977258,1.6348870835568738,0.031239999999999997
BELTWAY 8-NORTH,29.9387,29.9389,-95.3812,-95.3813,Harris,3277,8/27/2017,8:31,8/29/2017,15:08,18.62,9.16,3015.645923835789,24.181224460146364,1.8738355030595004,0.00916
BELTWAY 8-NORTH,29.9387,29.9389,-95.3812,-95.3813,Harris,3239,8/27/2017,9:10,8/29/2017,15:09,18.62,9.16,3015.645923835789,24.181224460146364,1.8738355030595004,0.00916
BELTWAY 8-NORTH,29.9387,29.9389,-95.3812,-95.3813,Harris,2629,8/27/2017,19:20,8/29/2017,15:09,18.62,9.16,3015.645923835789,24.181224460146364,1.8738355030595004,0.00916
BELTWAY 8-NORTH,29.9387,29.9389,-95.3812,-95.3813,Harris,2944,8/27/2017,19:21,8/29/2017,20:25,18.62,9.16,3015.645923835789,24.181224460146364,1.8738355030595004,0.00916
BELTWAY 8-NORTH,29.9396,29.9398,-95.4246,-95.4246,Harris,2701,8/27/2017,23:20,8/29/2017,20:21,26.81,31.24,2009.7083301440107,22.170285375328664,1.2487748611508855,0.031239999999999997
BELTWAY 8-SOUTH,29.598883,29.598883,-95.353293,-95.353293,Harris,5025,8/26/2017,21:35,8/30/2017,9:20,16.02,4.76,2768.302229082639,0.0,1.7201432565583485,0.0047599999999999995
BELTWAY 8-SOUTH,29.598883,29.598883,-95.353293,-95.353293,Harris,5084,8/26/2017,21:34,8/30/2017,10:18,16.02,4.76,2768.302229082639,0.0,1.7201432565583485,0.0047599999999999995
BELTWAY 8-SOUTH,29.600908,29.600908,-95.228645,-95.228645,Harris,4850,8/26/2017,23:32,8/30/2017,8:22,10.98,40.0,1199.7810727929989,0.0,0.7455093956251733,0.04
BELTWAY 8-SOUTH,29.605712,29.605712,-95.477028,-95.477028,Harris,4442,8/27/2017,5:52,8/30/2017,7:54,18.66,0.12,3059.6871842467503,0.0,1.9012014735486946,0.00011999999999999999
BELTWAY 8-SOUTH,29.605712,29.605712,-95.477028,-95.477028,Harris,4281,8/27/2017,8:32,8/30/2017,7:53,18.66,0.12,3059.6871842467503,0.0,1.9012014735486946,0.00011999999999999999
BELTWAY 8-SOUTH,29.605712,29.605712,-95.477028,-95.477028,Harris,4281,8/27/2017,8:34,8/30/2017,7:55,18.66,0.12,3059.6871842467503,0.0,1.9012014735486946,0.00011999999999999999
BELTWAY 8-WEST,29.6261,29.6263,-95.5181,-95.5176,Harris,140,8/26/2017,1:25,8/26/2017,3:45,15.5,33.88,4049.6157725059343,53.256487682672706,2.5163145806651244,0.03388
BELTWAY 8-WEST,29.737,29.7369,-95.5575,-95.5577,Harris,1370,8/26/2017,20:52,8/27/2017,19:42,22.51,54.0,1257.4141162702,22.298337305827292,0.7813209085628678,0.054
BELTWAY 8-WEST,29.6535,29.6537,-95.5505,-95.5501,Harris,2351,8/26/2017,21:11,8/28/2017,12:22,21.77,35.64,1149.2778438496566,44.62426397175251,0.7141281440448136,0.03564
BELTWAY 8-WEST,29.6204,29.6207,-95.5085,-95.5084,Harris,90,8/26/2017,21:20,8/26/2017,22:50,20.52,33.88,3922.980000456182,34.635505902913124,2.4376267600066748,0.03388
BELTWAY 8-WEST,29.832,29.832,-95.5637,-95.5639,Harris,3917,8/26/2017,22:21,8/29/2017,15:38,29.93,27.61,5324.266404785169,19.329676687759697,3.308345763730544,0.02761
BELTWAY 8-WEST,29.8673,29.8673,-95.5637,-95.5637,Harris,4923,8/26/2017,22:22,8/30/2017,8:25,31.66,30.04,2338.958114461217,0.0,1.453361192175953,0.03004
BELTWAY 8-WEST,29.832,29.832,-95.5637,-95.5639,Harris,4164,8/26/2017,22:43,8/29/2017,20:07,29.93,27.61,5324.266404785169,19.329676687759697,3.308345763730544,0.02761
BELTWAY 8-WEST,29.7477,29.7477,-95.5577,-95.5579,Harris,5635,8/27/2017,11:48,8/31/2017,9:43,22.43,54.0,907.8634396504037,19.345882305507075,0.5641201878842582,0.054
BELTWAY 8-WEST,29.8503,29.8503,-95.5637,-95.5639,Harris,813,8/29/2017,15:28,8/30/2017,5:01,30.84,27.61,3920.6094570325513,19.32615321388151,2.4361537726132827,0.02761
FM-1960,30.014257,30.014257,-95.4506,-95.4506,Harris,5190,8/27/2017,1:57,8/30/2017,16:27,34.48,29.56,2656.1970252097776,0.0,1.6504843123718593,0.02956
FM-1960,30.022922,30.022922,-95.089959,-95.089959,Harris,3332,8/28/2017,8:55,8/30/2017,16:27,21.46,31.8,4222.7571726559545,0.0,2.623899658901984,0.0318
FM-2920,30.086976,30.086976,-95.65319,-95.65319,Harris,5768,8/26/2017,16:21,8/30/2017,16:29,53.79,25.56,3695.495955657098,0.0,2.2962747278748967,0.02556
FM-2920,30.089319,30.089319,-95.645204,-95.645204,Harris,5767,8/26/2017,16:23,8/30/2017,16:30,53.83,25.56,3368.35882849274,0.0,2.0930011411436835,0.02556
FM-2920,30.06823,30.06823,-95.781016,-95.781016,Harris,5520,8/26/2017,20:28,8/30/2017,16:28,67.28,29.84,4847.742177487101,0.0,3.012247336484369,0.02984
FM-2920,30.06823,30.06823,-95.781016,-95.781016,Harris,5521,8/26/2017,20:28,8/30/2017,16:29,67.28,29.84,4847.742177487101,0.0,3.012247336484369,0.02984
HARDY TOLL ROAD,29.965366,29.965366,-95.380081,-95.380081,Harris,4682,8/26/2017,23:04,8/30/2017,5:06,25.49,31.24,3627.086078609882,0.0,2.2537668010132585,0.031239999999999997
HARDY TOLL ROAD,29.828891,29.828891,-95.354715,-95.354715,Harris,5462,8/26/2017,23:18,8/30/2017,18:20,13.99,9.12,3526.9537886258,0.0,2.1915474806043953,0.00912
HARDY TOLL ROAD,29.965366,29.965366,-95.380081,-95.380081,Harris,3821,8/26/2017,23:39,8/29/2017,15:20,25.49,31.24,3627.086078609882,0.0,2.2537668010132585,0.031239999999999997
HARDY TOLL ROAD,29.828891,29.828891,-95.354715,-95.354715,Harris,5438,8/26/2017,23:41,8/30/2017,18:19,13.99,9.12,3526.9537886258,0.0,2.1915474806043953,0.00912
HARDY TOLL ROAD,29.965366,29.965366,-95.380081,-95.380081,Harris,2128,8/26/2017,23:47,8/28/2017,11:15,25.49,31.24,3627.086078609882,0.0,2.2537668010132585,0.031239999999999997
HARDY TOLL ROAD,29.938813,29.938813,-95.381319,-95.381319,Harris,5326,8/27/2017,0:26,8/30/2017,17:12,18.48,9.16,3026.5495339341655,0.0,1.88061069226602,0.00916
HARDY TOLL ROAD,29.938813,29.938813,-95.381319,-95.381319,Harris,5332,8/27/2017,0:24,8/30/2017,17:16,18.48,9.16,3026.5495339341655,0.0,1.88061069226602,0.00916
HARDY TOLL ROAD,29.870716,29.870716,-95.364874,-95.364874,Harris,4278,8/27/2017,5:48,8/30/2017,5:06,22.56,34.76,3065.182519261292,0.0,1.9046161164184237,0.03476
HARDY TOLL ROAD,29.870716,29.870716,-95.364874,-95.364874,Harris,3315,8/27/2017,8:04,8/29/2017,15:19,22.56,34.76,3065.182519261292,0.0,1.9046161164184237,0.03476
HARDY TOLL ROAD,29.938813,29.938813,-95.381319,-95.381319,Harris,3286,8/27/2017,8:35,8/29/2017,15:21,18.48,9.16,3026.5495339341655,0.0,1.88061069226602,0.00916
HARDY TOLL ROAD,29.902209000000006,29.902209000000006,-95.372782,-95.372782,Harris,4091,8/27/2017,8:56,8/30/2017,5:07,22.94,35.44,2362.237221646633,0.0,1.4678261587619756,0.03544
HARDY TOLL ROAD,29.996,29.996,-95.396977,-95.396977,Harris,3226,8/27/2017,9:31,8/29/2017,15:17,30.3,31.28,4470.66318566489,0.0,2.7779413137681503,0.03128
HARDY TOLL ROAD,30.026642,30.026642,-95.40443,-95.40443,Harris,4054,8/27/2017,10:50,8/30/2017,6:24,23.17,31.28,1039.5080903903913,0.0,0.6459203814662318,0.03128
HARDY TOLL ROAD,29.996,29.996,-95.396977,-95.396977,Harris,3931,8/27/2017,11:34,8/30/2017,5:05,30.3,31.28,4470.66318566489,0.0,2.7779413137681503,0.03128
HARDY TOLL ROAD,29.996,29.996,-95.396977,-95.396977,Harris,2971,8/27/2017,11:35,8/29/2017,13:06,30.3,31.28,4470.66318566489,0.0,2.7779413137681503,0.03128
HARDY TOLL ROAD,30.022584,30.022584,-95.404613,-95.404613,Harris,2156,8/28/2017,1:10,8/29/2017,13:06,28.44,31.28,1439.504011363263,0.0,0.8944663237712155,0.03128
HARDY TOLL ROAD,30.026642,30.026642,-95.40443,-95.40443,Harris,3112,8/28/2017,1:11,8/30/2017,5:03,23.17,31.28,1039.5080903903913,0.0,0.6459203814662318,0.03128
HARDY TOLL ROAD,30.105703,30.105703,-95.435041,-95.435041,Harris,3113,8/28/2017,1:11,8/30/2017,5:04,41.25,29.52,466.9598705895934,0.0,0.2901554115152468,0.02952
HARDY TOLL ROAD,30.087770000000006,30.087770000000006,-95.412876,-95.412876,Harris,3112,8/28/2017,1:12,8/30/2017,5:04,32.55,29.4,2945.219448016348,0.0,1.8300745198145008,0.0294
HARDY TOLL ROAD,30.026642,30.026642,-95.40443,-95.40443,Harris,537,8/30/2017,5:09,8/30/2017,14:06,23.17,31.28,1039.5080903903913,0.0,0.6459203814662318,0.03128
IH-10 EAST,29.79234172,29.79233977,-95.07967835,-95.07967835,Harris,122,8/26/2017,5:04,8/26/2017,7:06,1.12,45.1,3845.17822408932,0.2161554525581494,2.389282977467415,0.0451
IH-10 EAST,29.79234172,29.79233977,-95.07967835,-95.07967835,Harris,118,8/26/2017,5:08,8/26/2017,7:06,1.12,45.1,3845.17822408932,0.2161554525581494,2.389282977467415,0.0451
IH-10 EAST,29.7707,29.7706,-95.2137,-95.2137,Harris,55,8/26/2017,8:45,8/26/2017,9:40,6.85,40.6,366.13494633420794,11.084858629846153,0.22750570812343907,0.040600000000000004
IH-10 EAST,29.7707,29.7706,-95.2137,-95.2137,Harris,53,8/26/2017,8:49,8/26/2017,9:42,6.85,40.6,366.13494633420794,11.084858629846153,0.22750570812343907,0.040600000000000004
IH-10 EAST,29.7707,29.7706,-95.2137,-95.2137,Harris,146,8/26/2017,11:00,8/26/2017,13:26,6.85,40.6,366.13494633420794,11.084858629846153,0.22750570812343907,0.040600000000000004
IH-10 EAST,29.7713,29.7711,-95.1534,-95.1534,Harris,145,8/26/2017,11:37,8/26/2017,14:02,4.33,38.9,358.9965100574324,22.169719105186566,0.2230700894634288,0.0389
IH-10 EAST,29.79234172,29.79233977,-95.07967835,-95.07967835,Harris,7138,8/26/2017,11:43,8/31/2017,10:41,1.12,45.1,3845.17822408932,0.2161554525581494,2.389282977467415,0.0451
IH-10 EAST,29.77143124,29.77146849,-95.19704627,-95.19704627,Harris,6652,8/26/2017,19:16,8/31/2017,10:08,-0.12,41.28,1042.2202705773389,4.129110340583707,0.6476056521025578,0.041280000000000004
IH-10 EAST,29.7781,29.7779,-95.284,-95.284,Harris,65,8/26/2017,20:00,8/26/2017,21:05,12.03,42.52,1624.5331162565956,22.169741919214918,1.0094380792773923,0.04252
IH-10 EAST,29.79234172,29.79233977,-95.07967835,-95.07967835,Harris,6530,8/26/2017,21:53,8/31/2017,10:43,1.12,45.1,3845.17822408932,0.2161554525581494,2.389282977467415,0.0451
IH-10 EAST,29.7771,29.7768,-95.2719,-95.272,Harris,3808,8/26/2017,23:49,8/29/2017,15:17,9.36,42.52,808.1885615969471,34.63207155494241,0.502185090072071,0.04252
IH-10 EAST,29.7743,29.7741,-95.3152,-95.3152,Harris,4088,8/26/2017,23:54,8/29/2017,20:02,7.76,34.88,3617.775355562736,22.1697291694622,2.247981385932862,0.03488
IH-10 EAST,29.7743,29.7741,-95.3152,-95.3152,Harris,4074,8/26/2017,23:59,8/29/2017,19:53,7.76,34.88,3617.775355562736,22.1697291694622,2.247981385932862,0.03488
IH-10 EAST,29.7743,29.7741,-95.3152,-95.3152,Harris,3752,8/27/2017,5:25,8/29/2017,19:57,7.76,34.88,3617.775355562736,22.1697291694622,2.247981385932862,0.03488
IH-10 EAST,29.770047,29.770047,-95.343522,-95.343522,Harris,3744,8/27/2017,5:33,8/29/2017,19:57,12.44,34.0,3433.109389516947,0.0,2.133235274445331,0.034
IH-10 EAST,29.770047,29.770047,-95.343522,-95.343522,Harris,3747,8/27/2017,5:35,8/29/2017,20:02,12.44,34.0,3433.109389516947,0.0,2.133235274445331,0.034
IH-10 EAST,29.7852,29.785,-95.1066,-95.1066,Harris,4519,8/28/2017,9:23,8/31/2017,12:42,2.54,39.44,4372.9339544453915,22.169765744437353,2.717215184848852,0.039439999999999996
IH-10 EAST,29.7708,29.7706,-95.1865,-95.1865,Harris,1658,8/28/2017,16:21,8/29/2017,19:59,5.43,41.28,2014.3513930449321,22.169717427590523,1.251659926681264,0.041280000000000004
IH-10 EAST,29.7738,29.7736,-95.2474,-95.2474,Harris,2600,8/28/2017,16:21,8/30/2017,11:41,8.58,39.1,1734.6086362729093,22.169727492895486,1.0778358363860736,0.0391
IH-10 EAST,29.7911,29.7908,-95.0573,-95.0573,Harris,3395,8/29/2017,2:03,8/31/2017,10:38,4.32,45.1,1677.1450990971343,33.25467806454454,1.042129649780988,0.0451
IH-10 EAST,29.808000000000003,29.8077,-94.9653,-94.9653,Harris,4029,8/29/2017,2:06,8/31/2017,21:15,10.53,43.88,5279.996475221085,33.254763158399754,3.2808377048170465,0.04388
IH-10 EAST,29.808000000000003,29.8077,-94.9653,-94.9653,Harris,1473,8/31/2017,14:24,9/1/2017,14:57,10.53,43.88,5279.996475221085,33.254763158399754,3.2808377048170465,0.04388
IH-10 EAST,29.77143124,29.77146849,-95.19704627,-95.19704627,Harris,380,8/31/2017,14:51,8/31/2017,21:11,-0.12,41.28,1042.2202705773389,4.129110340583707,0.6476056521025578,0.041280000000000004
IH-10 KATY,29.78419,29.78419,-95.5439,-95.5439,Harris,2335,8/26/2017,21:57,8/28/2017,12:52,25.23,34.4,2607.230213953727,0.0,1.6200577464816266,0.0344
IH-10 KATY,29.78426,29.78426,-95.5629,-95.5629,Harris,2347,8/26/2017,21:58,8/28/2017,13:05,20.27,34.4,936.186582613354,0.0,0.581719372995055,0.0344
IH-10 KATY,29.7776,29.7779,-95.3811,-95.3811,Harris,4084,8/26/2017,23:32,8/29/2017,19:36,9.86,34.0,2035.455007125206,33.25461162073751,1.2647731045228403,0.034
IH-10 KATY,29.7805,29.7806,-95.4539,-95.4539,Harris,3684,8/27/2017,2:10,8/29/2017,15:34,15.22,34.68,1407.3222637097276,11.084875238109818,0.8744695128634572,0.03468
IH-10 KATY,29.7839,29.7841,-95.4681,-95.4681,Harris,3300,8/27/2017,8:20,8/29/2017,15:20,19.28,8.0,2499.5310034208237,22.16976205281548,1.5531365596297768,0.008
IH-10 KATY,29.78426,29.78426,-95.5629,-95.5629,Harris,3531,8/27/2017,8:43,8/29/2017,19:34,20.27,34.4,936.186582613354,0.0,0.581719372995055,0.0344
IH-10 KATY,29.7773,29.7776,-95.418,-95.4179,Harris,3175,8/27/2017,14:40,8/29/2017,19:35,11.5,33.24,2105.4379274273892,34.63206055658596,1.3082584751472583,0.03324
IH-10 KATY,29.7773,29.7776,-95.418,-95.4179,Harris,3175,8/27/2017,14:41,8/29/2017,19:36,11.5,33.24,2105.4379274273892,34.63206055658596,1.3082584751472583,0.03324
IH-10 KATY,29.7771,29.7774,-95.4062,-95.4062,Harris,3144,8/27/2017,15:09,8/29/2017,19:33,11.54,33.24,1894.3740698059144,33.25460910405349,1.1771094742987915,0.03324
IH-10 KATY,29.7771,29.7774,-95.4062,-95.4062,Harris,3144,8/27/2017,15:14,8/29/2017,19:38,11.54,33.24,1894.3740698059144,33.25460910405349,1.1771094742987915,0.03324
IH-10 KATY,29.78452,29.78452,-95.68834,-95.68834,Harris,2670,8/27/2017,22:35,8/29/2017,19:05,31.71,32.04,2488.5506973591946,0.0,1.5463137137611316,0.03204
IH-10 KATY,29.78494,29.78494,-95.69556,-95.69556,Harris,2670,8/27/2017,22:36,8/29/2017,19:06,34.84,32.04,2097.360802150007,0.0,1.303239582183801,0.03204
IH-10 KATY,29.78546,29.78546,-95.77682,-95.77682,Harris,2562,8/27/2017,22:38,8/29/2017,17:20,40.64,5.55,1741.4149355140025,0.0,1.0820650746602358,0.00555
IH-10 KATY,29.784561,29.784561,-95.617545,-95.617545,Harris,9832,8/29/2017,17:19,9/5/2017,13:11,23.19,0.23,647.9543506929678,0.0,0.402620167405457,0.00023
IH-10 KATY,29.784561,29.784561,-95.617545,-95.617545,Harris,9834,8/29/2017,17:20,9/5/2017,13:14,23.19,0.23,647.9543506929678,0.0,0.402620167405457,0.00023
IH-10 KATY,29.78467,29.78467,-95.64467,-95.64467,Harris,2641,8/29/2017,17:27,8/31/2017,13:28,26.86,36.48,1655.124280649772,0.0,1.0284465475683084,0.03648
IH-45 GULF,29.6975,29.6973,-95.2886,-95.2892,Harris,3831,8/26/2017,22:49,8/29/2017,14:40,11.94,37.6,2550.464731991753,62.15476662011638,1.584785311276988,0.0376
IH-45 GULF,29.74454,29.74454,-95.36246,-95.36246,Harris,3927,8/27/2017,1:31,8/29/2017,18:58,8.14,6.8,4013.9808045290524,0.0,2.4941720381279904,0.0068
IH-45 GULF,29.749740000000006,29.749740000000006,-95.3719,-95.3719,Harris,6346,8/27/2017,3:38,8/31/2017,13:24,13.67,33.24,3737.451577942581,0.0,2.3223447429154866,0.03324
IH-45 GULF,29.72223,29.72223,-95.32756,-95.32756,Harris,3714,8/27/2017,5:04,8/29/2017,18:58,5.65,41.92,341.81552848779285,0.0,0.21239432246169423,0.04192
IH-45 GULF,29.75771,29.75771,-95.37486,-95.37486,Harris,3473,8/27/2017,5:42,8/29/2017,15:35,9.82,33.24,3279.731807960209,0.0,2.037930863730942,0.03324
IH-45 GULF,29.599,29.599,-95.1976,-95.1978,Harris,5435,8/27/2017,8:37,8/31/2017,3:12,10.34,42.0,1935.968500350503,19.374365918441725,1.2029550551967156,0.042
IH-45 GULF,29.599,29.599,-95.1976,-95.1978,Harris,5414,8/27/2017,8:38,8/31/2017,2:52,10.34,42.0,1935.968500350503,19.374365918441725,1.2029550551967156,0.042
IH-45 GULF,29.6691,29.6689,-95.2622,-95.2625,Harris,186,8/27/2017,18:31,8/27/2017,21:37,9.92,44.88,1972.587689104382,36.53611475560866,1.2257091641714772,0.04488
IH-45 GULF,29.641,29.6408,-95.2432,-95.2434,Harris,2945,8/27/2017,18:33,8/29/2017,19:38,11.18,44.6,2186.920347195429,29.43692788218701,1.3588893034649079,0.0446
IH-45 GULF,29.5867,29.5866,-95.1843,-95.1844,Harris,1004,8/27/2017,18:34,8/28/2017,11:18,9.82,42.0,442.03001500218204,14.721808191536002,0.2746647174265925,0.042
IH-45 GULF,29.5867,29.5866,-95.1843,-95.1844,Harris,1000,8/27/2017,18:36,8/28/2017,11:16,9.82,42.0,442.03001500218204,14.721808191536002,0.2746647174265925,0.042
IH-45 GULF,29.5536,29.5535,-95.154,-95.1542,Harris,122,8/27/2017,18:36,8/27/2017,20:38,10.14,52.3,1414.2983508684933,22.328647598001748,0.878804252458451,0.0523
IH-45 GULF,29.5696,29.5695,-95.1688,-95.1689,Harris,3828,8/27/2017,18:37,8/30/2017,10:25,10.3,39.23,2264.233136842102,14.722861376227723,1.4069292437428553,0.039229999999999994
IH-45 GULF,29.5696,29.5695,-95.1688,-95.1689,Harris,3825,8/27/2017,18:39,8/30/2017,10:24,10.3,39.23,2264.233136842102,14.722861376227723,1.4069292437428553,0.039229999999999994
IH-45 GULF,29.5536,29.5535,-95.154,-95.1542,Harris,998,8/27/2017,18:41,8/28/2017,11:19,10.14,52.3,1414.2983508684933,22.328647598001748,0.878804252458451,0.0523
IH-45 GULF,29.75771,29.75771,-95.37486,-95.37486,Harris,2471,8/27/2017,22:24,8/29/2017,15:35,9.82,33.24,3279.731807960209,0.0,2.037930863730942,0.03324
IH-45 NORTH,29.78995188,29.78995793,-95.37180814,-95.37180814,Harris,504,8/26/2017,7:04,8/26/2017,15:28,9.92,34.0,418.30391813198815,0.6706359076169226,0.2599220043272216,0.034
IH-45 NORTH,29.78995188,29.78995793,-95.37180814,-95.37180814,Harris,422,8/26/2017,7:56,8/26/2017,14:58,9.92,34.0,418.30391813198815,0.6706359076169226,0.2599220043272216,0.034
IH-45 NORTH,29.99780858,29.99778517,-95.42550385,-95.42550385,Harris,319,8/26/2017,8:36,8/26/2017,13:55,32.74,31.08,4282.828000968529,2.5950548092743713,2.6612259411092523,0.03108
IH-45 NORTH,29.84572,29.84572,-95.39297,-95.39297,Harris,346,8/26/2017,9:14,8/26/2017,15:00,20.12,35.44,656.326582873578,0.0,0.4078224312972105,0.03544
IH-45 NORTH,29.78995188,29.78995793,-95.37180814,-95.37180814,Harris,4167,8/26/2017,22:34,8/29/2017,20:01,9.92,34.0,418.30391813198815,0.6706359076169226,0.2599220043272216,0.034
IH-45 NORTH,29.83318,29.83318,-95.38438,-95.38438,Harris,1250,8/26/2017,22:36,8/27/2017,19:26,18.25,35.0,1688.2998163966577,0.0,1.0490608697684631,0.035
IH-45 NORTH,29.84572,29.84572,-95.39297,-95.39297,Harris,1254,8/26/2017,22:38,8/27/2017,19:32,20.12,35.44,656.326582873578,0.0,0.4078224312972105,0.03544
IH-45 NORTH,29.87,29.87,-95.4079,-95.4077,Harris,1253,8/26/2017,22:40,8/27/2017,19:33,24.72,9.64,1345.8255749512912,19.32235797991538,0.8362572420509793,0.009640000000000001
IH-45 NORTH,29.84572,29.84572,-95.39297,-95.39297,Harris,1250,8/26/2017,22:38,8/27/2017,19:28,20.12,35.44,656.326582873578,0.0,0.4078224312972105,0.03544
IH-45 NORTH,29.78995188,29.78995793,-95.37180814,-95.37180814,Harris,4124,8/26/2017,23:34,8/29/2017,20:18,9.92,34.0,418.30391813198815,0.6706359076169226,0.2599220043272216,0.034
IH-45 NORTH,29.89821,29.89821,-95.41209,-95.41209,Harris,1181,8/26/2017,23:41,8/27/2017,19:22,23.14,34.6,1606.3126581259737,0.0,0.9981164114856573,0.0346
IH-45 NORTH,29.99780858,29.99778517,-95.42550385,-95.42550385,Harris,3662,8/27/2017,7:43,8/29/2017,20:45,32.74,31.08,4282.828000968529,2.5950548092743713,2.6612259411092523,0.03108
IH-45 NORTH,29.99780858,29.99778517,-95.42550385,-95.42550385,Harris,3662,8/27/2017,7:44,8/29/2017,20:46,32.74,31.08,4282.828000968529,2.5950548092743713,2.6612259411092523,0.03108
IH-45 NORTH,29.89821,29.89821,-95.41209,-95.41209,Harris,3366,8/27/2017,12:48,8/29/2017,20:54,23.14,34.6,1606.3126581259737,0.0,0.9981164114856573,0.0346
IH-45 NORTH,29.87642246,29.87645472,-95.41138178,-95.41138178,Harris,2865,8/27/2017,15:55,8/29/2017,15:40,25.02,9.64,1168.8551296045732,3.5760327014214828,0.7262929054351172,0.009640000000000001
IH-45 NORTH,29.87642246,29.87645472,-95.41138178,-95.41138178,Harris,3132,8/27/2017,15:56,8/29/2017,20:08,25.02,9.64,1168.8551296045732,3.5760327014214828,0.7262929054351172,0.009640000000000001
IH-45 NORTH,29.9407,29.9407,-95.4141,-95.4138,Harris,3476,8/27/2017,16:14,8/30/2017,2:10,23.72,31.24,1725.726137580686,28.963078083719573,1.0723165075836403,0.031239999999999997
IH-45 NORTH,30.05253285,30.05252357,-95.43180167,-95.43180167,Harris,4839,8/27/2017,18:01,8/31/2017,2:40,33.97,31.08,1819.4411760142398,1.0287188870675308,1.1305483327456651,0.03108
IH-45 NORTH,30.05253285,30.05252357,-95.43180167,-95.43180167,Harris,4802,8/27/2017,18:05,8/31/2017,2:07,33.97,31.08,1819.4411760142398,1.0287188870675308,1.1305483327456651,0.03108
IH-45 NORTH,29.91512,29.91512,-95.41241,-95.41241,Harris,2896,8/27/2017,18:26,8/29/2017,18:42,25.09,34.6,2912.6633252866536,0.0,1.8098450830193256,0.0346
IH-45 NORTH,29.91512,29.91512,-95.41241,-95.41241,Harris,2895,8/27/2017,18:27,8/29/2017,18:42,25.09,34.6,2912.6633252866536,0.0,1.8098450830193256,0.0346
IH-45 NORTH,29.76380069,29.76377295,-95.36929675,-95.36929675,Harris,689,8/31/2017,9:13,8/31/2017,20:42,5.37,34.0,3149.4050947702494,3.0749365904980683,1.9569495985757237,0.034
IH-610 EAST LOOP,29.7757,29.7757,-95.2641,-95.2639,Harris,3862,8/26/2017,22:47,8/29/2017,15:09,5.24,42.52,851.327244368941,19.340504297985188,0.528990224817653,0.04252
IH-610 EAST LOOP,29.7695,29.7695,-95.2654,-95.2651,Harris,3863,8/26/2017,23:03,8/29/2017,15:26,4.48,42.52,448.2972185499543,29.012543311200393,0.2785589771670658,0.04252
IH-610 EAST LOOP,29.7383,29.7381,-95.2654,-95.2651,Harris,3863,8/26/2017,23:02,8/29/2017,15:25,4.07,34.4,2387.1946782575064,36.52043837792567,1.4833340033314857,0.0344
IH-610 EAST LOOP,29.7383,29.7381,-95.2654,-95.2651,Harris,3863,8/26/2017,23:03,8/29/2017,15:26,4.07,34.4,2387.1946782575064,36.52043837792567,1.4833340033314857,0.0344
IH-610 EAST LOOP,29.7265,29.7265,-95.2669,-95.2666,Harris,3845,8/26/2017,23:20,8/29/2017,15:25,3.37,34.4,2689.5261269568064,29.024926727303377,1.67119405606061,0.0344
IH-610 NORTH LOOP,29.8043,29.8045,-95.2845,-95.2845,Harris,14,8/26/2017,10:28,8/26/2017,10:42,12.61,37.76,2041.4116470286094,22.16983052223741,1.2684743889613466,0.037759999999999995
IH-610 NORTH LOOP,29.8132,29.8149,-95.3752,-95.3752,Harris,3874,8/26/2017,22:49,8/29/2017,15:23,19.58,9.12,1547.154615422059,188.4438348394471,0.9613573079602986,0.00912
IH-610 NORTH LOOP,29.7844,29.7844,-95.2649,-95.2649,Harris,3865,8/26/2017,23:05,8/29/2017,15:30,9.89,37.76,998.9915816842268,0.0,0.620744590146188,0.037759999999999995
IH-610 NORTH LOOP,29.7844,29.7844,-95.2649,-95.2649,Harris,3861,8/26/2017,23:06,8/29/2017,15:27,9.89,37.76,998.9915816842268,0.0,0.620744590146188,0.037759999999999995
IH-610 NORTH LOOP,29.7755,29.7755,-95.2641,-95.2641,Harris,3834,8/26/2017,23:29,8/29/2017,15:23,5.22,42.52,835.00592687087,0.0,0.5188486283049926,0.04252
IH-610 NORTH LOOP,29.8129,29.8131,-95.3993,-95.3993,Harris,3785,8/27/2017,0:12,8/29/2017,15:17,17.92,35.0,3004.783875911887,22.16985939630024,1.8670861393908866,0.035
IH-610 NORTH LOOP,29.8093,29.8095,-95.3171,-95.3171,Harris,2942,8/27/2017,14:12,8/29/2017,15:14,12.66,36.76,407.6296027215015,22.16984730908553,0.2532892922342902,0.03676
IH-610 NORTH LOOP,29.8093,29.8095,-95.3171,-95.3171,Harris,2938,8/27/2017,14:13,8/29/2017,15:11,12.66,36.76,407.6296027215015,22.16984730908553,0.2532892922342902,0.03676
IH-610 NORTH LOOP,29.8073,29.8076,-95.3018,-95.3018,Harris,2599,8/27/2017,19:53,8/29/2017,15:12,13.23,8.04,847.3199192845844,33.25476114420616,0.5265001884523038,0.008039999999999999
IH-610 NORTH LOOP,29.8073,29.8076,-95.3018,-95.3018,Harris,2596,8/27/2017,19:54,8/29/2017,15:10,13.23,8.04,847.3199192845844,33.25476114420616,0.5265001884523038,0.008039999999999999
IH-610 SOUTH LOOP,29.681,29.6807,-95.3665,-95.3666,Harris,3827,8/26/2017,23:37,8/29/2017,15:24,13.3,6.8,3589.351266363996,34.63418315435299,2.2303194757391807,0.0068
IH-610 SOUTH LOOP,29.6857,29.6856,-95.3408,-95.3408,Harris,3826,8/26/2017,23:38,8/29/2017,15:24,10.95,6.8,2836.927289062173,11.084716178572576,1.76278489189519,0.0068
IH-610 SOUTH LOOP,29.6889,29.6888,-95.3321,-95.332,Harris,3825,8/26/2017,23:40,8/29/2017,15:25,10.67,6.8,2910.5275511903506,14.715504258396493,1.8085179745227562,0.0068
IH-610 SOUTH LOOP,29.6889,29.6888,-95.3321,-95.332,Harris,3817,8/26/2017,23:42,8/29/2017,15:19,10.67,6.8,2910.5275511903506,14.715504258396493,1.8085179745227562,0.0068
IH-610 SOUTH LOOP,29.6971,29.6969,-95.3107,-95.3108,Harris,3812,8/26/2017,23:46,8/29/2017,15:18,10.06,35.2,2539.3123990357135,24.189777023165192,1.577855572851866,0.0352
IH-610 SOUTH LOOP,29.695,29.6948,-95.3192,-95.3191,Harris,3756,8/27/2017,0:37,8/29/2017,15:13,10.49,35.2,2910.6797228876358,24.189851099308992,1.808612529631723,0.0352
IH-610 SOUTH LOOP,29.6793,29.6792,-95.4536,-95.4556,Harris,3339,8/27/2017,7:37,8/29/2017,15:16,16.53,34.4,1325.529641258531,193.9071894402535,0.823645933534739,0.0344
IH-610 WEST LOOP,29.7059,29.7059,-95.4593,-95.4595,Harris,3943,8/26/2017,21:30,8/29/2017,15:13,15.84,30.32,2502.9788630296994,19.35390230415347,1.555278960265611,0.03032
IH-610 WEST LOOP,29.7263,29.7263,-95.4603,-95.4605,Harris,3934,8/26/2017,21:40,8/29/2017,15:14,17.41,30.32,4386.711102999845,19.349989522892276,2.725775908071764,0.03032
IH-610 WEST LOOP,29.7263,29.7263,-95.4603,-95.4605,Harris,3930,8/26/2017,21:41,8/29/2017,15:11,17.41,30.32,4386.711102999845,19.349989522892276,2.725775908071764,0.03032
IH-610 WEST LOOP,29.6892,29.6892,-95.4589,-95.4592,Harris,76,8/26/2017,21:42,8/26/2017,22:58,15.43,34.4,1426.7985756671214,29.035655379290596,0.8865715320448092,0.0344
IH-610 WEST LOOP,29.7167,29.7167,-95.4601,-95.4604,Harris,3902,8/26/2017,22:10,8/29/2017,15:12,15.76,30.32,3458.4886725418337,29.02774670699455,2.1490052297966336,0.03032
IH-610 WEST LOOP,29.7117,29.7116,-95.46,-95.4603,Harris,6,8/26/2017,22:13,8/26/2017,22:19,15.66,30.32,3011.1820281059595,31.0735630938426,1.8710617668478333,0.03032
IH-610 WEST LOOP,29.754,29.754,-95.4555,-95.4557,Harris,2905,8/27/2017,14:47,8/29/2017,15:12,14.66,34.68,3533.441930311204,19.344672655476643,2.1955790249388594,0.03468
IH-610 WEST LOOP,29.754,29.754,-95.4555,-95.4557,Harris,2890,8/27/2017,15:05,8/29/2017,15:15,14.66,34.68,3533.441930311204,19.344672655476643,2.1955790249388594,0.03468
IH-69 Eastex Freeway,29.90271639,29.90269869,-95.31161554,-95.31161554,Harris,34,8/26/2017,9:13,8/26/2017,9:47,20.42,37.6,1753.4287101306159,1.9620592381888484,1.0895300881170313,0.0376
IH-69 Eastex Freeway,29.74062,29.74062,-95.3662,-95.3662,Harris,4985,8/26/2017,22:09,8/30/2017,9:14,7.94,6.8,3738.576806911436,0.0,2.323043927781404,0.0068
IH-69 Eastex Freeway,29.91079293,29.91077165,-95.30958779,-95.30958779,Harris,46,8/27/2017,1:03,8/27/2017,1:49,19.39,37.6,841.2060326023646,2.358908008590207,0.522701195395369,0.0376
IH-69 Eastex Freeway,29.80831125,29.80831499,-95.33613575,-95.33613575,Harris,4156,8/27/2017,1:07,8/29/2017,22:23,14.23,36.76,2244.1932100716535,0.414576076246246,1.394477010553153,0.03676
IH-69 Eastex Freeway,29.80831125,29.80831499,-95.33613575,-95.33613575,Harris,31,8/27/2017,1:18,8/27/2017,1:49,14.23,36.76,2244.1932100716535,0.414576076246246,1.394477010553153,0.03676
IH-69 Eastex Freeway,30.0265,30.0265,-95.2589,-95.2589,Harris,6684,8/27/2017,5:37,8/31/2017,21:01,13.23,33.04,92.10219375248836,0.0,0.05722964993965762,0.03304
IH-69 Eastex Freeway,29.96558299,29.96561492,-95.2844427,-95.2844427,Harris,3834,8/27/2017,6:14,8/29/2017,22:08,22.23,35.8,1206.993105521793,3.53949998337049,0.7499907450003188,0.0358
IH-69 Eastex Freeway,29.9522907,29.95230545,-95.29034617,-95.29034617,Harris,3678,8/27/2017,7:02,8/29/2017,20:20,22.25,35.8,2268.139286283675,1.6350616749449,1.4093564124784228,0.0358
IH-69 Eastex Freeway,29.9522907,29.95230545,-95.29034617,-95.29034617,Harris,3677,8/27/2017,7:03,8/29/2017,20:20,22.25,35.8,2268.139286283675,1.6350616749449,1.4093564124784228,0.0358
IH-69 Eastex Freeway,29.813336600000003,29.81333267,-95.33519053,-95.33519053,Harris,2596,8/27/2017,20:36,8/29/2017,15:52,10.1,36.76,2210.8616694971593,0.43563775989794307,1.3737657514472723,0.03676
IH-69 Eastex Freeway,29.813336600000003,29.81333267,-95.33519053,-95.33519053,Harris,2592,8/27/2017,20:37,8/29/2017,15:49,10.1,36.76,2210.8616694971593,0.43563775989794307,1.3737657514472723,0.03676
IH-69 Eastex Freeway,29.79389311,29.79390242,-95.3397711,-95.3397711,Harris,2735,8/27/2017,22:19,8/29/2017,19:54,13.33,34.0,2767.9339214753745,1.0320039698305459,1.7199144008213125,0.034
IH-69 Eastex Freeway,30.0181,30.018,-95.2624,-95.2624,Harris,4351,8/28/2017,20:30,8/31/2017,21:01,20.67,33.04,1051.1907468734228,11.085274675578919,0.6531796476535923,0.03304
IH-69 Eastex Freeway,30.0265,30.0265,-95.2589,-95.2589,Harris,4162,8/28/2017,23:50,8/31/2017,21:12,13.23,33.04,92.10219375248836,0.0,0.05722964993965762,0.03304
IH-69 Eastex Freeway,29.7444593,29.74444274,-95.36307635,-95.36307635,Harris,2357,8/29/2017,2:10,8/30/2017,17:27,8.56,6.8,4023.7980301422667,1.8356453125246475,2.500272179311736,0.0068
IH-69 SOUTHWEST,29.6613,29.6615,-95.5574,-95.5576,Harris,118,8/26/2017,2:02,8/26/2017,4:00,22.22,35.64,697.1518074264782,29.434398054852565,0.433190049751003,0.03564
IH-69 SOUTHWEST,29.6613,29.6615,-95.5574,-95.5576,Harris,3970,8/26/2017,21:27,8/29/2017,15:37,22.22,35.64,697.1518074264782,29.434398054852565,0.433190049751003,0.03564
IH-69 SOUTHWEST,29.7044,29.7045,-95.5129,-95.5132,Harris,2249,8/26/2017,21:29,8/28/2017,10:58,20.0,35.2,3839.1425567591446,31.075493509737672,2.385532587662516,0.0352
IH-69 SOUTHWEST,29.6921,29.6922,-95.5269,-95.5272,Harris,82,8/26/2017,21:38,8/26/2017,23:00,19.85,35.2,2189.464659268507,31.078790353554858,1.3604702656911805,0.0352
IH-69 SOUTHWEST,29.7238,29.7238,-95.4912,-95.4917,Harris,2247,8/26/2017,21:39,8/28/2017,11:06,19.33,29.96,3342.7331158778843,48.37617290592829,2.0770780615442592,0.02996
IH-69 SOUTHWEST,29.6759,29.6759,-95.5418,-95.5422,Harris,79,8/26/2017,21:40,8/26/2017,22:59,20.5,7.91,1316.227010280393,38.719303870014585,0.8178655466329093,0.00791
IH-69 SOUTHWEST,29.7288,29.7291,-95.4415,-95.4415,Harris,46,8/26/2017,21:42,8/26/2017,22:28,16.72,30.32,4198.054075011489,33.254366140295275,2.608549865666687,0.03032
IH-69 SOUTHWEST,29.7258,29.7261,-95.4765,-95.4765,Harris,2236,8/26/2017,21:45,8/28/2017,11:01,17.77,29.96,3982.9580965942823,33.25435105888336,2.4748954211121315,0.02996
IH-69 SOUTHWEST,29.654,29.654,-95.5655,-95.5656,Harris,3946,8/26/2017,21:59,8/29/2017,15:45,23.04,35.64,437.7992135453452,9.681922907942663,0.2720358192812383,0.03564
IH-69 SOUTHWEST,29.7447,29.7449,-95.3625,-95.3625,Harris,4978,8/26/2017,22:13,8/30/2017,9:11,8.25,6.8,4032.060066208284,22.16963056253332,2.505405970512385,0.0068
IH-69 SOUTHWEST,29.73398479,29.73407684,-95.37158509,-95.37158509,Harris,5006,8/26/2017,22:57,8/30/2017,10:23,8.23,6.8,3380.840160414491,10.203555849622857,2.1007566812406115,0.0068
IH-69 SOUTHWEST,29.7288,29.729,-95.4606,-95.4606,Harris,3742,8/27/2017,5:31,8/29/2017,19:53,17.13,30.32,4648.321032907062,22.16957725899094,2.8883327821193365,0.03032
IH-69 SOUTHWEST,29.7312,29.7309,-95.402,-95.4021,Harris,3482,8/27/2017,5:59,8/29/2017,16:01,9.92,33.88,2775.400582010192,34.63308065451084,1.7245539685798636,0.03388
IH-69 SOUTHWEST,29.7288,29.729,-95.4606,-95.4606,Harris,3712,8/27/2017,6:00,8/29/2017,19:52,17.13,30.32,4648.321032907062,22.16957725899094,2.8883327821193365,0.03032
IH-69 SOUTHWEST,29.654,29.654,-95.5655,-95.5656,Harris,561,8/28/2017,1:43,8/28/2017,11:04,23.04,35.64,437.7992135453452,9.681922907942663,0.2720358192812383,0.03564
NASA RD 1,29.52857,29.52857,-95.13096,-95.13096,Harris,2935,8/27/2017,18:38,8/29/2017,19:33,5.82,52.3,2531.8622648693286,0.0,1.5732262741025713,0.0523
NASA RD 1,29.52857,29.52857,-95.13096,-95.13096,Harris,1756,8/27/2017,18:39,8/28/2017,23:55,5.82,52.3,2531.8622648693286,0.0,1.5732262741025713,0.0523
SH-146,29.70836,29.70836,-95.01126,-95.01126,Harris,209,8/28/2017,17:34,8/28/2017,21:03,2.72,7.6,2065.2693094191122,0.0,1.2832988530849292,0.0076
SH-225,29.7125,29.7123,-95.1973,-95.1973,Harris,248,8/26/2017,10:56,8/26/2017,15:04,7.41,7.24,380.8591821271876,22.169521963693057,0.23665492407290645,0.00724
SH-225,29.7125,29.7123,-95.1973,-95.1973,Harris,248,8/26/2017,10:56,8/26/2017,15:04,7.41,7.24,380.8591821271876,22.169521963693057,0.23665492407290645,0.00724
SH-225,29.7125,29.7123,-95.1973,-95.1973,Harris,4503,8/26/2017,19:05,8/29/2017,22:08,7.41,7.24,380.8591821271876,22.169521963693057,0.23665492407290645,0.00724
SH-225,29.7125,29.7123,-95.1973,-95.1973,Harris,18,8/26/2017,19:06,8/26/2017,19:24,7.41,7.24,380.8591821271876,22.169521963693057,0.23665492407290645,0.00724
SH-225,29.7077,29.7075,-95.2282,-95.2282,Harris,4290,8/26/2017,23:20,8/29/2017,22:50,6.93,42.68,1872.2438641280978,22.16950588053463,1.1633584020123091,0.04268
SH-225,29.7104,29.7102,-95.22,-95.22,Harris,5551,8/26/2017,23:22,8/30/2017,19:53,2.99,42.68,1802.383416790011,22.16951492757483,1.1199491325596087,0.04268
SH-225,29.7104,29.7102,-95.22,-95.22,Harris,5553,8/26/2017,23:23,8/30/2017,19:56,2.99,42.68,1802.383416790011,22.16951492757483,1.1199491325596087,0.04268
SH-225,29.7098,29.7095,-95.2668,-95.2671,Harris,1030,8/28/2017,23:03,8/29/2017,16:13,5.52,0.04,3405.622972185291,44.142657851403385,2.116156006537627,4e-05
SH-249 TOMBALL PARKWAY,30.06681827,30.06683126,-95.62309997,-95.62309997,Harris,3929,8/27/2017,15:34,8/30/2017,9:03,48.23,26.6,473.14143750535067,1.4399878684124023,0.2939964591195858,0.026600000000000002
SH-249 TOMBALL PARKWAY,29.993,29.993,-95.5759,-95.5759,Harris,3719,8/28/2017,18:58,8/31/2017,8:57,39.67,29.0,997.8272700237313,0.0,0.6200211204215701,0.029
SH-249 TOMBALL PARKWAY,29.993,29.993,-95.5759,-95.5759,Harris,3716,8/28/2017,19:00,8/31/2017,8:56,39.67,29.0,997.8272700237313,0.0,0.6200211204215701,0.029
SH-288,29.72221181,29.72221819,-95.37698243,-95.37698243,Harris,79,8/26/2017,7:13,8/26/2017,8:32,9.19,33.88,2179.4995658856446,0.7072088000652744,1.3542782437351149,0.03388
SH-288,29.7338,29.7336,-95.3709,-95.3713,Harris,4867,8/26/2017,22:02,8/30/2017,7:09,8.57,6.8,3324.0211899253654,44.59775160066259,2.0654510098060856,0.0068
SH-288,29.6807,29.6807,-95.381,-95.381,Harris,3988,8/26/2017,23:30,8/29/2017,17:58,9.07,32.84,3175.0266304167903,0.0,1.9728700827273662,0.03284
SH-288,29.668000000000006,29.668000000000006,-95.3828,-95.3828,Harris,319,8/27/2017,7:05,8/27/2017,12:24,14.11,32.84,3646.3701961974753,0.0,2.2657493961499067,0.03284
SH-288,29.6436,29.6436,-95.387,-95.387,Harris,321,8/27/2017,7:09,8/27/2017,12:30,13.68,30.28,1266.52274580411,0.0,0.7869807485560016,0.03028
SH-288,29.59738775,29.59737941,-95.38657375,-95.38657375,Harris,5783,8/27/2017,7:10,8/31/2017,7:33,16.82,4.76,1037.3850531193516,0.9244530144791911,0.6446011872659615,0.0047599999999999995
SH-288,29.59738775,29.59737941,-95.38657375,-95.38657375,Harris,5509,8/27/2017,11:39,8/31/2017,7:28,16.82,4.76,1037.3850531193516,0.9244530144791911,0.6446011872659615,0.0047599999999999995
SH-288,29.668000000000006,29.668000000000006,-95.3828,-95.3828,Harris,233,8/27/2017,12:25,8/27/2017,16:18,14.11,32.84,3646.3701961974753,0.0,2.2657493961499067,0.03284
SH-288,29.7338,29.7336,-95.3709,-95.3713,Harris,2580,8/27/2017,12:43,8/29/2017,7:43,8.57,6.8,3324.0211899253654,44.59775160066259,2.0654510098060856,0.0068
SH-288,29.74228199,29.74238507,-95.36433315,-95.36433315,Harris,2581,8/27/2017,12:44,8/29/2017,7:45,8.22,6.8,3837.694244519232,11.426223330731052,2.3846326481592697,0.0068
SH-288,29.71244999,29.7125576,-95.37849191,-95.37849191,Harris,1042,8/27/2017,14:04,8/28/2017,7:26,10.99,33.88,1424.1108940172132,11.928311478979744,0.8849014840936513,0.03388
SH-288,29.71244999,29.7125576,-95.37849191,-95.37849191,Harris,1186,8/27/2017,14:04,8/28/2017,9:50,10.99,33.88,1424.1108940172132,11.928311478979744,0.8849014840936513,0.03388
SH-288,29.59738775,29.59737941,-95.38657375,-95.38657375,Harris,1222,8/28/2017,14:38,8/29/2017,11:00,16.82,4.76,1037.3850531193516,0.9244530144791911,0.6446011872659615,0.0047599999999999995
SH-6,29.78798,29.78798,-95.6447,-95.6447,Harris,6386,8/27/2017,6:48,8/31/2017,17:14,28.51,36.48,2019.2901687175201,0.0,1.2547287396091327,0.03648
SH-6,29.8132,29.8132,-95.6454,-95.6454,Harris,6389,8/27/2017,6:49,8/31/2017,17:18,30.17,33.44,3249.636079846882,0.0,2.019230245271913,0.03344
SH-99 Lanier Pkwy - North,30.075341,30.075341,-95.556819,-95.556819,Harris,2677,8/27/2017,15:21,8/29/2017,11:58,46.69,27.01,1823.2810948189008,0.0,1.132934347671412,0.027010000000000003
SH-99 Lanier Pkwy - North,30.075341,30.075341,-95.556819,-95.556819,Harris,2672,8/27/2017,15:22,8/29/2017,11:54,46.69,27.01,1823.2810948189008,0.0,1.132934347671412,0.027010000000000003
SH-99 Lanier Pkwy - West,29.998957,29.998957,-95.768975,-95.768975,Harris,4119,8/27/2017,1:35,8/29/2017,22:14,60.99,29.84,4302.9943995258955,0.0,2.6737567602239767,0.02984
SH-99 Lanier Pkwy - West,29.83169623,29.83173346,-95.76066809,-95.76066809,Harris,3438,8/27/2017,12:58,8/29/2017,22:16,41.43,32.84,2488.912945161017,4.1269310262406895,1.5465388041096353,0.03284
SH-99 Lanier Pkwy - West,29.87528467,29.87527727,-95.75652727,-95.75652727,Harris,3173,8/27/2017,18:51,8/29/2017,23:44,44.51,32.96,1251.1568429707067,0.8202925393947743,0.7774328191926069,0.03296
SH-99 Lanier Pkwy - West,29.87528467,29.87527727,-95.75652727,-95.75652727,Harris,3171,8/27/2017,18:52,8/29/2017,23:43,44.51,32.96,1251.1568429707067,0.8202925393947743,0.7774328191926069,0.03296
SH-99 Lanier Pkwy - West,29.904441,29.904441,-95.758593,-95.758593,Harris,3170,8/27/2017,18:54,8/29/2017,23:44,46.7,32.96,3415.521401508398,0.0,2.122306605367403,0.03296
SH-99 Lanier Pkwy - West,29.904441,29.904441,-95.758593,-95.758593,Harris,3166,8/27/2017,18:55,8/29/2017,23:41,46.7,32.96,3415.521401508398,0.0,2.122306605367403,0.03296
SH-99 Lanier Pkwy - West,29.95951111,29.95942823,-95.76972834,-95.76972834,Harris,2661,8/28/2017,3:22,8/29/2017,23:43,47.22,31.88,3859.3341207557787,9.187393844524536,2.3980790438562414,0.03188
SH-99 Lanier Pkwy - West,29.785429,29.785429,-95.777312,-95.777312,Harris,2655,8/28/2017,3:29,8/29/2017,23:44,40.51,5.55,1763.1257622261667,0.0,1.0955555569388313,0.00555
SH-99 Lanier Pkwy - West,29.84622286,29.84623217,-95.75625929,-95.75625929,Harris,882,8/29/2017,9:01,8/29/2017,23:43,43.09,32.84,1762.0118313084552,1.0320121501738875,1.0948633923564228,0.03284
SHT,29.6656,29.6656,-95.1558,-95.1556,Harris,355,8/26/2017,8:08,8/26/2017,14:03,8.88,39.75,2892.704124924741,19.361624750806275,1.79744301089434,0.03975
SHT,29.6815,29.6815,-95.1555,-95.1552,Harris,85,8/26/2017,8:24,8/26/2017,9:49,10.13,43.36,2716.6398952397126,29.0378686109069,1.6880417705846062,0.04336
SHT,29.6839,29.6838,-95.1547,-95.1545,Harris,49,8/26/2017,8:24,8/26/2017,9:13,10.34,43.36,2785.3107125877896,22.307129275844193,1.730711838232093,0.04336
SHT,29.6498,29.6498,-95.1562,-95.1561,Harris,3575,8/26/2017,23:02,8/29/2017,10:37,9.61,39.75,1241.1437815819738,9.682324899222266,0.7712109912995443,0.03975
SHT,29.6656,29.6656,-95.1558,-95.1556,Harris,3696,8/26/2017,23:23,8/29/2017,12:59,8.88,39.75,2892.704124924741,19.361624750806275,1.79744301089434,0.03975
SHT,29.6839,29.6838,-95.1547,-95.1545,Harris,773,8/26/2017,23:31,8/27/2017,12:24,10.34,43.36,2785.3107125877896,22.307129275844193,1.730711838232093,0.04336
SHT,29.6498,29.6498,-95.1562,-95.1561,Harris,3490,8/27/2017,0:15,8/29/2017,10:25,9.61,39.75,1241.1437815819738,9.682324899222266,0.7712109912995443,0.03975
SHT,29.6839,29.6838,-95.1547,-95.1545,Harris,715,8/27/2017,0:29,8/27/2017,12:24,10.34,43.36,2785.3107125877896,22.307129275844193,1.730711838232093,0.04336
SHT,29.6656,29.6656,-95.1558,-95.1556,Harris,3630,8/27/2017,0:30,8/29/2017,13:00,8.88,39.75,2892.704124924741,19.361624750806275,1.79744301089434,0.03975
SHT,29.6815,29.6815,-95.1555,-95.1552,Harris,4072,8/27/2017,2:07,8/29/2017,21:59,10.13,43.36,2716.6398952397126,29.0378686109069,1.6880417705846062,0.04336
SHT,29.6498,29.6498,-95.1562,-95.1561,Harris,2969,8/27/2017,9:08,8/29/2017,10:37,9.61,39.75,1241.1437815819738,9.682324899222266,0.7712109912995443,0.03975
SHT,29.6498,29.6498,-95.1562,-95.1561,Harris,168,8/27/2017,9:35,8/27/2017,12:23,9.61,39.75,1241.1437815819738,9.682324899222266,0.7712109912995443,0.03975
SHT,29.6165,29.6163,-95.1918,-95.1917,Harris,3525,8/27/2017,11:13,8/29/2017,21:58,10.66,39.23,3582.3149110307286,24.192617688096245,2.2259472872367425,0.039229999999999994
SHT,29.85325,29.85325,-95.18693,-95.18693,Harris,4105,8/27/2017,13:07,8/30/2017,9:32,13.78,35.68,3028.0472723468506,0.0,1.8815413437691697,0.035679999999999996
SHT,29.88311,29.88311,-95.19779,-95.19779,Harris,2741,8/27/2017,16:58,8/29/2017,14:39,14.66,8.25,3203.7227857681346,0.0,1.9907010469906585,0.00825
SHT,29.85325,29.85325,-95.18693,-95.18693,Harris,3844,8/27/2017,17:25,8/30/2017,9:29,13.78,35.68,3028.0472723468506,0.0,1.8815413437691697,0.035679999999999996
SHT,29.88311,29.88311,-95.19779,-95.19779,Harris,3824,8/27/2017,17:44,8/30/2017,9:28,14.66,8.25,3203.7227857681346,0.0,1.9907010469906585,0.00825
SHT,29.6165,29.6163,-95.1918,-95.1917,Harris,2867,8/27/2017,22:12,8/29/2017,21:59,10.66,39.23,3582.3149110307286,24.192617688096245,2.2259472872367425,0.039229999999999994
SHT,29.6306,29.6306,-95.1703,-95.1702,Harris,2103,8/27/2017,23:29,8/29/2017,10:32,10.55,39.75,2224.863032977313,9.684161911167852,1.3824657953658839,0.03975
SHT,29.90672,29.90672,-95.202279,-95.202279,Harris,1137,8/29/2017,14:34,8/30/2017,9:31,15.24,8.25,3256.339384348442,0.0,2.023395485581977,0.00825
SHT,29.88311,29.88311,-95.19779,-95.19779,Harris,1125,8/29/2017,14:45,8/30/2017,9:30,14.66,8.25,3203.7227857681346,0.0,1.9907010469906585,0.00825
SHT,29.92455,29.92455,-95.19978,-95.19978,Harris,1119,8/29/2017,14:52,8/30/2017,9:31,15.77,7.84,2979.8242383099714,0.0,1.8515769396163724,0.00784
SHT,29.93473,29.93473,-95.22574,-95.22574,Harris,4577,8/27/2017,5:06,8/30/2017,9:23,16.98,7.84,666.4040518411342,0.0,0.41408428020431565,0.00784
SHT,29.9375,29.9377,-95.4599,-95.4599,Harris,4484,8/27/2017,6:39,8/30/2017,9:23,30.44,30.28,3875.2062601251355,22.170278305144617,2.4079415340195354,0.03028
SHT,29.9377,29.9379,-95.4323,-95.4323,Harris,4460,8/27/2017,7:02,8/30/2017,9:22,27.5,31.24,2573.5755665033457,22.170278978791902,1.599145718071056,0.031239999999999997
SHT,29.93473,29.93473,-95.22574,-95.22574,Harris,3885,8/27/2017,16:36,8/30/2017,9:21,16.98,7.84,666.4040518411342,0.0,0.41408428020431565,0.00784
SHT,29.93473,29.93473,-95.24953,-95.24953,Harris,3840,8/27/2017,17:21,8/30/2017,9:21,18.38,38.88,1138.783794305618,0.0,0.7076074439682367,0.038880000000000005
SHT,29.6264,29.6262,-95.5177,-95.5182,Harris,121,8/26/2017,1:40,8/26/2017,3:41,15.54,33.88,3998.56599298196,53.256444341993,2.4845937182988593,0.03388
SHT,29.6264,29.6262,-95.5177,-95.5182,Harris,117,8/26/2017,1:44,8/26/2017,3:41,15.54,33.88,3998.56599298196,53.256444341993,2.4845937182988593,0.03388
SHT,29.6264,29.6262,-95.5177,-95.5182,Harris,5,8/26/2017,20:22,8/26/2017,20:27,15.54,33.88,3998.56599298196,53.256444341993,2.4845937182988593,0.03388
SHT,29.6264,29.6262,-95.5177,-95.5182,Harris,5,8/26/2017,20:23,8/26/2017,20:28,15.54,33.88,3998.56599298196,53.256444341993,2.4845937182988593,0.03388
SHT,29.6264,29.6262,-95.5177,-95.5182,Harris,4401,8/26/2017,20:50,8/29/2017,22:11,15.54,33.88,3998.56599298196,53.256444341993,2.4845937182988593,0.03388
SHT,29.6264,29.6262,-95.5177,-95.5182,Harris,4401,8/26/2017,20:50,8/29/2017,22:11,15.54,33.88,3998.56599298196,53.256444341993,2.4845937182988593,0.03388
SHT,29.6443,29.644,-95.5389,-95.5392,Harris,3684,8/26/2017,21:16,8/29/2017,10:40,20.93,35.64,2599.0665097968085,44.154790350036784,1.6149850558965693,0.03564
SHT,29.6443,29.644,-95.5389,-95.5392,Harris,3681,8/26/2017,21:18,8/29/2017,10:39,20.93,35.64,2599.0665097968085,44.154790350036784,1.6149850558965693,0.03564
SHT,29.599,29.5987,-95.3535,-95.3533,Harris,4815,8/26/2017,21:50,8/30/2017,6:05,15.81,4.76,2754.23899414533,38.48605706309715,1.711404767498639,0.0047599999999999995
SHT,29.5974,29.597,-95.4264,-95.4265,Harris,1168,8/26/2017,21:51,8/27/2017,17:19,16.78,29.56,3010.879818455288,45.38421846972252,1.8708739824768899,0.02956
SHT,29.60503,29.60503,-95.47413,-95.47413,Harris,2282,8/26/2017,22:01,8/28/2017,12:03,18.01,0.12,2866.3596440891533,0.0,1.7810733094286575,0.00011999999999999999
SHT,29.599,29.5987,-95.3535,-95.3533,Harris,62,8/26/2017,22:26,8/26/2017,23:28,15.81,4.76,2754.23899414533,38.48605706309715,1.711404767498639,0.0047599999999999995
SHT,29.600240000000003,29.600240000000003,-95.26627,-95.26627,Harris,4292,8/26/2017,22:36,8/29/2017,22:08,12.56,34.56,3035.860512585881,0.0,1.8863962661717328,0.03456
SHT,29.6007,29.6004,-95.2475,-95.2474,Harris,-1,8/26/2017,22:41,8/26/2017,22:40,13.82,40.0,2655.1014280706063,34.63594424509446,1.6498035398712807,0.04
SHT,29.6007,29.6004,-95.2475,-95.2474,Harris,3663,8/26/2017,23:53,8/29/2017,12:56,13.82,40.0,2655.1014280706063,34.63594424509446,1.6498035398712807,0.04
SHT,29.60651,29.60651,-95.20528,-95.20528,Harris,3651,8/26/2017,23:54,8/29/2017,12:45,10.01,40.0,2310.250480849335,0.0,1.4355230956522254,0.04
SHT,29.60651,29.60651,-95.20528,-95.20528,Harris,3509,8/27/2017,0:04,8/29/2017,10:33,10.01,40.0,2310.250480849335,0.0,1.4355230956522254,0.04
SHT,29.6004,29.6002,-95.4647,-95.4648,Harris,4566,8/27/2017,1:10,8/30/2017,5:16,18.82,0.12,2597.5902982179937,24.193184502916683,1.6140677805478465,0.00011999999999999999
SHT,29.5976,29.5973,-95.3865,-95.3865,Harris,5909,8/27/2017,8:08,8/31/2017,10:37,16.77,4.76,1051.7622825848491,33.25370589788308,0.6535347834800075,0.0047599999999999995
SHT,29.599,29.5987,-95.3535,-95.3533,Harris,221,8/27/2017,8:29,8/27/2017,12:10,15.81,4.76,2754.23899414533,38.48605706309715,1.711404767498639,0.0047599999999999995
SHT,29.60651,29.60651,-95.20528,-95.20528,Harris,3117,8/27/2017,9:00,8/29/2017,12:57,10.01,40.0,2310.250480849335,0.0,1.4355230956522254,0.04
SHT,29.5976,29.5973,-95.3865,-95.3865,Harris,4111,8/27/2017,12:06,8/30/2017,8:37,16.77,4.76,1051.7622825848491,33.25370589788308,0.6535347834800075,0.0047599999999999995
SHT,29.6009,29.6007,-95.2287,-95.2286,Harris,2196,8/28/2017,20:53,8/30/2017,9:29,10.98,40.0,1201.8595559128487,24.193166903802183,0.7468009051593996,0.04
SHT,29.60503,29.60503,-95.47413,-95.47413,Harris,1939,8/28/2017,20:55,8/30/2017,5:14,18.01,0.12,2866.3596440891533,0.0,1.7810733094286575,0.00011999999999999999
SHT,29.6007,29.6004,-95.2475,-95.2474,Harris,2171,8/28/2017,21:19,8/30/2017,9:30,13.82,40.0,2655.1014280706063,34.63594424509446,1.6498035398712807,0.04
SHT,29.7222,29.7221,-95.5573,-95.5575,Harris,41,8/26/2017,21:27,8/26/2017,22:08,15.94,30.92,2198.250846349866,22.300789123902486,1.3659297492331448,0.030920000000000003
SHT,29.8127,29.8127,-95.5636,-95.5636,Harris,3673,8/26/2017,22:20,8/29/2017,11:33,28.48,34.4,3831.0533992474448,0.0,2.3805062182152756,0.0344
SHT,29.7222,29.7221,-95.5573,-95.5575,Harris,1972,8/27/2017,0:55,8/28/2017,9:47,15.94,30.92,2198.250846349866,22.300789123902486,1.3659297492331448,0.030920000000000003
SHT,29.7844,29.7844,-95.5629,-95.5631,Harris,6216,8/27/2017,1:46,8/31/2017,9:22,20.3,34.4,946.6456537966958,19.338832335530658,0.5882183385259433,0.0344
SHT,29.7728,29.7728,-95.5626,-95.5628,Harris,3624,8/27/2017,1:54,8/29/2017,14:18,16.51,34.4,969.070748424791,19.341061520180425,0.6021526463110378,0.0344
SHT,29.7047,29.7046,-95.5571,-95.5573,Harris,3371,8/27/2017,4:53,8/29/2017,13:04,21.63,30.92,873.5012719493717,22.303686911505544,0.5427685267720087,0.030920000000000003
SHT,29.7277,29.7277,-95.5574,-95.5576,Harris,1705,8/27/2017,7:59,8/28/2017,12:24,23.06,54.0,2124.197698956407,19.34972090884155,1.3199152567483439,0.054
SHT,29.6615,29.6608,-95.5576,-95.5584,Harris,3178,8/27/2017,8:02,8/29/2017,13:00,22.4,35.64,702.9557956359816,109.63174419791754,0.4367964808244736,0.03564
SHT,29.7477,29.7477,-95.5577,-95.5579,Harris,3116,8/27/2017,8:46,8/29/2017,12:42,22.43,54.0,907.8634396504037,19.345882305507075,0.5641201878842582,0.054
SHT,29.788188,29.788188,-95.56313,-95.56313,Harris,3050,8/27/2017,8:48,8/29/2017,11:38,28.92,34.4,1257.5198495044976,0.0,0.7813866081487225,0.0344
SHT,29.8503,29.8503,-95.5637,-95.5639,Harris,3129,8/27/2017,8:52,8/29/2017,13:01,30.84,27.61,3920.6094570325513,19.32615321388151,2.4361537726132827,0.02761
SHT,29.7277,29.7277,-95.5574,-95.5576,Harris,3083,8/27/2017,9:39,8/29/2017,13:02,23.06,54.0,2124.197698956407,19.34972090884155,1.3199152567483439,0.054
SHT,29.7674,29.7673,-95.5617,-95.5618,Harris,3074,8/27/2017,11:04,8/29/2017,14:18,13.98,37.08,722.3181855085471,14.710651217151863,0.4488277121041537,0.037079999999999995
SHT,29.6747,29.6747,-95.5603,-95.5604,Harris,1349,8/27/2017,11:20,8/28/2017,9:49,21.46,35.64,2035.5072645389466,9.679940905298018,1.2648055757743195,0.03564
SHT,29.6747,29.6747,-95.5603,-95.5604,Harris,2979,8/27/2017,11:22,8/29/2017,13:01,21.46,35.64,2035.5072645389466,9.679940905298018,1.2648055757743195,0.03564
SHT,29.7728,29.7728,-95.5626,-95.5628,Harris,3040,8/27/2017,11:38,8/29/2017,14:18,16.51,34.4,969.070748424791,19.341061520180425,0.6021526463110378,0.0344
SHT,29.737,29.7369,-95.5575,-95.5577,Harris,2950,8/27/2017,11:47,8/29/2017,12:57,22.51,54.0,1257.4141162702,22.298337305827292,0.7813209085628678,0.054
SHT,29.832,29.832,-95.5637,-95.5639,Harris,2946,8/27/2017,11:54,8/29/2017,13:00,29.93,27.61,5324.266404785169,19.329676687759697,3.308345763730544,0.02761
SHT,29.7674,29.7673,-95.5617,-95.5618,Harris,2936,8/27/2017,12:08,8/29/2017,13:04,13.98,37.08,722.3181855085471,14.710651217151863,0.4488277121041537,0.037079999999999995
Tomball Tollway,30.06682381,30.06682553,-95.62310109,-95.62310109,Harris,4369,8/27/2017,8:17,8/30/2017,9:06,48.23,26.6,473.7369650181912,0.19066813880185426,0.2943665027602496,0.026600000000000002
US-290 NORTHWEST,30.0632,30.0634,-95.9087,-95.9087,Harris,838,8/25/2017,23:41,8/26/2017,13:39,84.92,25.84,3469.970416264792,22.170701998536014,2.156139654582732,0.02584
US-290 NORTHWEST,29.8379,29.8383,-95.4888,-95.4888,Harris,420,8/26/2017,6:40,8/26/2017,13:40,24.13,9.16,1346.2864524185804,44.339887394328635,0.836543618032304,0.00916
US-290 NORTHWEST,29.8669,29.867,-95.5408,-95.5408,Harris,4989,8/26/2017,8:36,8/29/2017,19:45,28.08,27.61,1098.5526915923165,11.085020323439007,0.6826089957102499,0.02761
US-290 NORTHWEST,29.9007,29.901,-95.5993,-95.5993,Harris,258,8/26/2017,9:42,8/26/2017,14:00,36.08,27.68,2360.7701222959367,33.255231958488515,1.466914545489303,0.02768
US-290 NORTHWEST,29.9031,29.9033,-95.6026,-95.6026,Harris,6559,8/26/2017,21:23,8/31/2017,10:42,36.39,27.68,2377.214627635128,22.17016254413257,1.4771326873776696,0.02768
US-290 NORTHWEST,29.8795,29.8795,-95.569,-95.569,Harris,6360,8/27/2017,1:10,8/31/2017,11:10,28.51,30.04,1513.665261394386,0.0,0.9405479881208655,0.03004
US-290 NORTHWEST,30.0573,30.0576,-95.8911,-95.8911,Harris,6044,8/27/2017,6:24,8/31/2017,11:08,81.02,25.84,4632.025590170381,33.25602338370402,2.8782072634380103,0.02584
US-290 NORTHWEST,29.9629,29.9631,-95.6878,-95.6878,Harris,849,8/29/2017,8:12,8/29/2017,22:21,43.51,28.64,5463.780236308293,22.17036383244043,3.395035639557666,0.028640000000000002
US-290 NORTHWEST,29.9629,29.9631,-95.6878,-95.6878,Harris,1073,8/30/2017,19:34,8/31/2017,13:27,43.51,28.64,5463.780236308293,22.17036383244043,3.395035639557666,0.028640000000000002
US-90,29.83293,29.83293,-95.1752,-95.1752,Harris,3888,8/27/2017,2:47,8/29/2017,19:35,11.37,35.68,1554.824037577314,0.0,0.9661228659486809,0.035679999999999996
US-90,29.8297,29.8296,-95.1824,-95.1824,Harris,6411,8/27/2017,2:48,8/31/2017,13:39,10.79,35.68,2336.4968001391862,11.084957655909292,1.451831802361202,0.035679999999999996
US-90,29.93630994,29.93661569,-95.03167518,-95.03167518,Harris,4158,8/28/2017,22:41,8/31/2017,19:59,16.09,6.68,5489.218316923268,33.89280710600755,3.4108421300376226,0.006679999999999999
WT,29.723540000000003,29.723540000000003,-95.49154,-95.49154,Harris,3678,8/26/2017,21:22,8/29/2017,10:40,19.49,29.96,3355.4684140133036,0.0,2.0849914089301627,0.02996
WT,29.7262465,29.72623478,-95.46252,-95.46252,Harris,3824,8/26/2017,21:29,8/29/2017,13:13,16.21,30.32,4482.2433302918525,1.2991367052041178,2.7851368820412867,0.03032
WT,29.72629294,29.72008225,-95.46037975,-95.46037975,Harris,2625,8/26/2017,21:38,8/28/2017,17:23,17.44,30.32,4389.488503954303,688.4412644140712,2.7275017050141566,0.03032
WT,29.725403000000004,29.725403000000004,-95.468258,-95.468258,Harris,3746,8/26/2017,22:19,8/29/2017,12:45,17.5,29.96,4608.764851048039,0.0,2.8637537102372392,0.02996
WT,29.721239,29.721239,-95.520294,-95.520294,Harris,3708,8/26/2017,22:55,8/29/2017,12:43,19.98,2.36,3340.0146894425416,0.0,2.0753889096691207,0.0023599999999999997
WT,29.718322,29.718322,-95.557403,-95.557403,Harris,3457,8/27/2017,3:29,8/29/2017,13:06,15.57,30.92,1804.7862003102166,0.0,1.1214421530202472,0.030920000000000003
WT,29.719672,29.719672,-95.539047,-95.539047,Harris,3217,8/27/2017,7:35,8/29/2017,13:12,23.1,30.92,3145.734393825959,0.0,1.9546687307536232,0.030920000000000003
WT,29.7262465,29.72623478,-95.46252,-95.46252,Harris,41,8/29/2017,15:46,8/29/2017,16:27,16.21,30.32,4482.2433302918525,1.2991367052041178,2.7851368820412867,0.03032
