,LATITUDE_IB_CW,LATITUDE_OB_CCW,LONGITUDE_IB_CW,LONGITUDE_OB_CCW,COUNTY_NAME,DETECTED_BY,WEATHER_CONDITIONS,WEATHER_RAIN,WEATHER_SNOW_ICE,WEATHER_HAIL,WEATHER_FOG,WEATHER_HIGH_WIND,WEATHER_DUST,WEATHER_SMOKE,WEATHER_OTHER,VISIBILITY,VERIFIED_CCTV,VERIFIED_COMMERCIAL,VERIFIED_MAP,VERIFIED_METRO,VERIFIED_POLICE_CITY,VERIFIED_POLICE_COUNTY,VERIFIED_POLICE_METRO,VERIFIED_POLICE_STATE,VERIFIED_OTHER,RESPONSE_CITY,RESPONSE_CORONER,RESPONSE_COUNTY,RESPONSE_EMS,RESPONSE_FIREDEPT,RESPONSE_HAZMAT,RESPONSE_HCFCD,RESPONSE_MAP,RESPONSE_METRO,RESPONSE_POLICE_CITY,RESPONSE_POLICE_COUNTY,RESPONSE_POLICE_METRO,RESPONSE_POLICE_STATE,RESPONSE_TXDOT,RESPONSE_WRECKER,VEHICLES_INVOLVED,MAINLANES_BLOCKED,FRONTAGE_LANES_BLOCKED,RAMP_LANES_BLOCKED,HOV_LANES_BLOCKED,SHOULDER_LANES_BLOCKED,DETECTION_DATE_TIME,TOTAL_MINUTES,period_Early Morning,period_Evening,period_Late Night,period_Morning,period_Night,period_Noon,TXDOT_ROADWAY_DIRECTION_Eastbound,TXDOT_ROADWAY_DIRECTION_Northbound,TXDOT_ROADWAY_DIRECTION_Southbound,TXDOT_ROADWAY_DIRECTION_Westbound,TXDOT_CROSS_STREET_QUAL_After,TXDOT_CROSS_STREET_QUAL_At,TXDOT_CROSS_STREET_QUAL_Before,TXDOT_LANES_AFFECTED_All Main Lanes,TXDOT_LANES_AFFECTED_Alternate Lanes,toatl_rain
0,29.8085,29.8089,-95.1639,-95.1628,Harris,8,0,0,0,0,0,0,0,0,0,0,1,0,0,0,0,0,0,0,0,0,0,0,0,0,0,0,0,0,0,0,0,0,0,0,0,0,3,0,0,0,2017-08-26 03:52:00,0,0,0,1,0,0,0,0,0,1,0,0,1,0,0,1,14.28
1,29.6656,29.6656,-95.1558,-95.1556,Harris,10,0,0,0,0,0,0,0,0,0,0,0,0,0,0,0,1,0,0,0,0,0,0,0,0,0,0,0,0,0,1,0,0,0,0,0,0,0,1,0,0,2017-08-26 08:04:00,357,0,0,0,1,0,0,0,1,0,0,0,1,0,0,1,0.0
2,29.883000000000003,29.883000000000003,-95.1984,-95.1984,Harris,9,1,1,0,0,0,0,0,0,0,0,0,0,0,0,0,0,0,0,1,0,0,0,0,0,0,0,0,0,0,0,0,0,0,0,0,0,3,0,0,0,2017-08-27 01:49:00,4745,0,0,1,0,0,0,0,1,0,0,0,1,0,0,1,53.6
3,29.883000000000003,29.883000000000003,-95.1984,-95.1984,Harris,10,0,0,0,0,0,0,0,0,0,0,0,0,0,0,0,1,0,0,0,0,0,0,0,0,0,0,0,0,0,1,0,0,0,0,0,0,0,1,0,0,2017-08-27 08:49:00,4351,0,0,0,1,0,0,0,0,1,0,0,1,0,0,1,53.6
4,29.6498,29.6498,-95.1562,-95.1561,Harris,8,1,1,0,0,0,0,0,0,0,1,0,0,0,0,0,1,0,0,0,0,0,0,0,0,0,0,0,0,0,1,0,0,1,0,0,0,3,0,0,0,2017-08-27 11:53:00,4138,0,0,0,1,0,0,0,1,0,0,0,1,0,0,1,27.4
5,29.8085,29.8089,-95.1639,-95.1628,Harris,2,1,1,0,0,0,0,0,0,0,1,1,0,0,0,0,0,0,0,0,0,0,0,0,0,0,0,0,0,0,0,0,0,0,0,0,0,3,0,0,0,2017-08-27 20:44:00,5563,0,0,0,0,1,0,0,0,1,0,0,1,0,0,1,49.16
6,29.9396,29.9403,-95.3034,-95.3034,Harris,9,1,1,0,0,0,0,0,0,0,1,1,0,0,0,0,0,0,0,0,0,0,0,0,0,0,0,0,0,0,0,0,0,1,0,0,0,0,1,0,0,2017-08-26 08:36:00,419,0,0,0,1,0,0,1,0,0,0,0,1,0,0,1,11.69
7,29.9392,29.9393,-95.3313,-95.3313,Harris,9,1,1,0,0,0,0,0,0,0,1,1,0,0,0,0,0,0,0,0,0,0,0,0,0,0,0,0,0,0,0,0,0,1,0,0,0,0,0,0,0,2017-08-26 08:44:00,63,0,0,0,1,0,0,1,0,0,0,0,1,0,1,0,0.89
8,29.9392,29.9393,-95.3313,-95.3313,Harris,9,1,1,0,0,0,0,0,0,0,1,1,0,0,0,0,0,0,0,0,0,0,0,0,0,0,0,0,0,0,0,0,0,1,0,0,0,0,0,0,0,2017-08-26 08:46:00,61,0,0,0,1,0,0,0,0,0,1,0,1,0,1,0,0.89
9,29.9397,29.9402,-95.296,-95.2957,Harris,10,0,0,0,0,0,0,0,0,0,0,1,0,0,0,0,0,0,0,0,0,0,0,0,0,0,0,0,0,0,1,0,0,0,0,0,0,4,0,0,0,2017-08-27 00:18:00,4918,0,0,1,0,0,0,0,0,0,1,0,1,0,0,1,52.080000000000005
10,29.9387,29.9389,-95.3812,-95.3813,Harris,10,0,0,0,0,0,0,0,0,0,0,1,0,0,0,0,0,0,0,0,0,0,0,0,0,0,0,0,0,0,1,0,0,0,0,0,0,4,0,0,0,2017-08-27 00:22:00,4076,0,0,1,0,0,0,1,0,0,0,0,1,0,0,1,24.68
11,29.9387,29.9389,-95.3812,-95.3813,Harris,10,0,0,0,0,0,0,0,0,0,0,1,0,0,0,0,0,0,0,0,0,0,0,0,0,0,0,0,0,0,1,0,0,0,0,0,0,4,1,0,0,2017-08-27 00:26:00,5330,0,0,1,0,0,0,0,0,0,1,0,1,0,0,1,24.68
12,29.9387,29.9389,-95.3812,-95.3813,Harris,9,1,1,0,0,0,0,0,0,0,0,0,0,0,0,0,0,0,0,1,0,0,0,0,0,0,0,0,0,0,0,0,0,0,0,0,0,0,0,0,0,2017-08-27 03:07:00,3602,0,0,1,0,0,0,0,0,0,1,0,1,0,0,1,24.68
13,29.9387,29.9389,-95.3812,-95.3813,Harris,8,0,0,0,0,0,0,0,0,0,0,1,0,0,0,0,0,0,0,0,0,0,0,0,0,0,0,0,0,0,1,0,0,0,0,0,0,0,0,0,0,2017-08-27 05:30:00,3457,1,0,0,0,0,0,1,0,0,0,0,1,0,1,0,24.68
14,29.9387,29.9389,-95.3812,-95.3813,Harris,8,0,0,0,0,0,0,0,0,0,0,1,0,0,0,0,0,0,0,0,0,0,0,0,0,0,0,0,0,0,1,0,0,0,0,0,0,0,0,0,0,2017-08-27 05:31:00,4485,1,0,0,0,0,0,0,0,0,1,0,1,0,1,0,24.68
15,29.9391,29.9394,-95.3972,-95.3971,Harris,10,0,0,0,0,0,0,0,0,0,0,1,0,0,0,0,0,0,0,0,0,0,0,0,0,0,0,0,0,0,0,0,0,0,0,0,0,0,0,0,0,2017-08-27 05:49:00,3313,1,0,0,0,0,0,0,0,0,1,0,1,0,0,1,24.68
16,29.9405,29.9407,-95.4138,-95.4138,Harris,3,0,0,0,0,0,0,0,0,0,0,0,0,0,0,0,1,0,0,0,0,0,0,0,0,0,0,0,0,0,1,0,0,0,0,1,0,0,1,0,0,2017-08-27 05:49:00,4650,1,0,0,0,0,0,1,0,0,0,0,1,0,0,1,48.519999999999996
17,29.9391,29.9394,-95.3972,-95.3971,Harris,10,0,0,0,0,0,0,0,0,0,0,1,0,0,0,0,0,0,0,0,0,0,0,0,0,0,0,0,0,0,1,0,0,0,0,0,0,0,0,0,0,2017-08-27 05:49:00,3312,1,0,0,0,0,0,1,0,0,0,0,1,0,0,1,24.68
18,29.9387,29.9389,-95.3812,-95.3813,Harris,10,0,0,0,0,0,0,0,0,0,0,0,0,0,0,0,1,0,0,0,0,0,0,0,0,0,0,0,0,0,1,0,0,0,0,0,0,0,0,0,2,2017-08-27 08:29:00,3277,0,0,0,1,0,0,1,0,0,0,0,1,0,0,1,24.68
19,29.9387,29.9389,-95.3812,-95.3813,Harris,10,0,0,0,0,0,0,0,0,0,0,0,0,0,0,0,1,0,0,0,0,0,0,0,0,0,0,0,0,0,1,0,0,0,0,0,0,0,2,0,0,2017-08-27 09:09:00,3239,0,0,0,1,0,0,0,0,0,1,0,1,0,1,0,24.68
20,29.9387,29.9389,-95.3812,-95.3813,Harris,9,0,0,0,0,0,0,0,0,0,0,0,0,0,0,0,0,0,0,0,0,0,0,0,0,0,0,0,0,0,0,0,0,0,0,0,0,3,0,0,0,2017-08-27 19:20:00,2629,0,1,0,0,0,0,1,0,0,0,0,1,0,0,1,24.68
21,29.9387,29.9389,-95.3812,-95.3813,Harris,9,0,0,0,0,0,0,0,0,0,0,0,0,0,0,0,0,0,0,0,0,0,0,0,0,0,0,0,0,0,0,0,0,0,0,0,0,3,0,0,0,2017-08-27 19:21:00,2944,0,1,0,0,0,0,0,0,0,1,0,1,0,0,1,24.68
22,29.9396,29.9398,-95.4246,-95.4246,Harris,2,0,0,0,0,0,0,0,0,0,0,1,0,0,0,0,0,0,0,0,0,0,0,0,0,0,0,0,0,0,0,0,0,0,0,0,0,4,0,0,0,2017-08-27 23:19:00,2701,0,0,0,0,1,0,1,0,0,0,0,1,0,0,1,48.519999999999996
23,29.598883,29.598883,-95.35329300000001,-95.35329300000001,Harris,9,1,1,0,0,0,1,0,0,0,1,1,0,0,0,0,0,0,0,0,0,0,0,0,0,0,0,0,0,0,0,0,0,1,0,0,0,2,0,0,0,2017-08-26 21:30:00,5025,0,0,0,0,1,0,1,0,0,0,0,1,0,0,1,9.84
24,29.598883,29.598883,-95.35329300000001,-95.35329300000001,Harris,9,1,1,0,0,0,1,0,0,0,1,0,0,0,0,0,0,0,0,0,0,0,0,0,0,0,0,0,0,0,0,0,0,0,0,0,0,3,0,0,0,2017-08-26 21:33:00,5084,0,0,0,0,1,0,0,0,0,1,0,1,0,0,1,9.84
25,29.600908,29.600908,-95.228645,-95.228645,Harris,9,1,1,0,0,0,0,0,0,0,0,0,0,0,0,0,0,0,0,1,0,0,0,0,0,0,0,0,0,0,0,0,0,0,0,0,0,2,0,0,0,2017-08-26 23:31:00,4850,0,0,0,0,1,0,0,0,0,1,0,1,0,0,1,27.0
26,29.605712,29.605712,-95.477028,-95.477028,Harris,10,0,0,0,0,0,0,0,0,0,0,1,0,0,0,0,0,0,0,0,0,0,0,0,0,0,0,0,0,0,1,0,0,0,0,0,0,0,1,0,0,2017-08-27 05:51:00,4442,1,0,0,0,0,0,0,0,0,1,0,1,0,0,1,22.240000000000002
27,29.605712,29.605712,-95.477028,-95.477028,Harris,10,0,0,0,0,0,0,0,0,0,0,0,0,0,0,0,1,0,0,0,0,0,0,0,0,0,0,0,0,0,0,0,0,0,0,0,0,0,1,0,0,2017-08-27 08:31:00,4281,0,0,0,1,0,0,0,0,0,1,0,1,0,0,1,22.240000000000002
28,29.605712,29.605712,-95.477028,-95.477028,Harris,10,0,0,0,0,0,0,0,0,0,0,0,0,0,0,0,1,0,0,0,0,0,0,0,0,0,0,0,0,0,1,0,0,0,0,0,0,0,1,0,0,2017-08-27 08:33:00,4281,0,0,0,1,0,0,1,0,0,0,0,1,0,0,1,22.240000000000002
29,29.6261,29.6263,-95.5181,-95.5176,Harris,9,1,1,0,0,0,0,0,0,0,1,1,0,0,0,0,0,0,0,0,0,0,0,0,0,0,0,0,0,0,1,0,0,1,0,0,0,0,0,0,0,2017-08-26 01:24:00,140,0,0,1,0,0,0,0,1,0,0,0,1,0,0,1,10.84
30,29.737,29.7369,-95.5575,-95.5577,Harris,9,1,1,0,0,0,0,0,0,0,0,1,0,0,0,0,0,0,0,1,0,0,0,0,0,0,0,0,0,0,0,0,0,0,0,0,0,3,0,0,0,2017-08-26 20:52:00,1370,0,0,0,0,1,0,0,0,1,0,0,1,0,0,1,53.16
31,29.6535,29.6537,-95.5505,-95.5501,Harris,9,1,1,0,0,0,1,0,0,0,1,1,0,0,0,0,0,0,0,0,0,0,0,0,0,0,0,0,0,0,0,0,0,1,0,0,0,0,0,0,0,2017-08-26 21:05:00,2351,0,0,0,0,1,0,0,0,1,0,0,1,0,0,1,16.52
32,29.6204,29.6207,-95.5085,-95.5084,Harris,9,1,1,0,0,0,1,0,0,0,1,1,0,0,0,0,0,0,0,1,0,0,0,0,0,0,0,0,0,0,1,0,0,1,0,0,0,0,0,0,0,2017-08-26 21:18:00,90,0,0,0,0,1,0,0,1,0,0,0,1,0,0,1,9.72
33,29.831999999999997,29.831999999999997,-95.5637,-95.5639,Harris,2,1,1,0,0,0,0,0,0,0,1,1,0,0,0,0,0,0,0,0,0,0,0,0,0,0,0,0,0,0,0,0,0,0,0,0,0,3,0,0,0,2017-08-26 22:19:00,3917,0,0,0,0,1,0,0,0,1,0,0,1,0,0,1,6.68
34,29.8673,29.8673,-95.5637,-95.5637,Harris,9,1,1,0,0,0,0,0,0,0,1,0,0,0,0,0,0,0,0,1,0,0,0,0,0,0,0,0,0,0,0,0,0,0,0,0,0,3,0,0,0,2017-08-26 22:21:00,4923,0,0,0,0,1,0,0,0,1,0,0,1,0,0,1,7.04
35,29.831999999999997,29.831999999999997,-95.5637,-95.5639,Harris,2,1,1,0,0,0,0,0,0,0,1,1,0,0,0,0,0,0,0,0,0,0,0,0,0,0,0,0,0,0,0,0,0,0,0,0,0,3,0,0,0,2017-08-26 22:41:00,4164,0,0,0,0,1,0,0,1,0,0,0,1,0,0,1,6.68
36,29.7477,29.7477,-95.5577,-95.5579,Harris,10,0,0,0,0,0,0,0,0,0,0,0,0,0,0,0,0,0,0,1,0,0,0,0,0,0,0,0,0,0,1,0,0,0,0,0,0,3,0,0,0,2017-08-27 11:47:00,5635,0,0,0,1,0,0,0,1,0,0,0,1,0,0,1,99.56
37,29.8503,29.8503,-95.5637,-95.5639,Harris,8,0,0,0,0,0,0,0,0,0,0,0,0,0,0,0,1,0,0,0,0,0,0,0,0,0,0,0,0,0,0,0,0,0,0,0,0,0,1,0,0,2017-08-29 15:28:00,813,0,0,0,0,0,1,0,1,0,0,0,1,0,0,1,7.359999999999999
38,30.084159999999997,30.084159999999997,-96.03971,-96.03971,Waller,9,1,1,0,0,0,0,0,0,0,1,0,0,0,0,0,0,0,0,0,0,0,0,0,0,0,0,0,0,0,0,0,0,1,0,0,0,0,0,0,0,2017-08-27 20:48:00,5423,0,0,0,0,1,0,1,0,0,0,0,1,0,1,0,0.0
39,29.591007,29.591007,-95.56416899999999,-95.56416899999999,Fort_Bend,8,1,1,0,0,0,1,0,0,0,1,0,0,0,0,0,1,0,0,0,0,0,0,0,0,0,0,0,0,0,0,0,0,0,0,0,0,0,0,0,0,2017-08-26 21:22:00,5584,0,0,0,0,1,0,0,1,0,0,0,1,0,1,0,5.2
40,29.591007,29.591007,-95.56416899999999,-95.56416899999999,Fort_Bend,8,1,1,0,0,0,1,0,0,0,1,0,0,0,0,0,1,0,0,0,0,0,0,0,0,0,0,0,0,0,0,0,0,0,0,0,0,0,0,0,0,2017-08-26 21:23:00,5583,0,0,0,0,1,0,0,0,1,0,0,1,0,1,0,5.2
41,29.699102000000003,29.699102000000003,-95.79223,-95.79223,Fort_Bend,9,1,1,0,0,0,0,0,0,0,1,0,0,0,0,0,0,0,0,0,0,0,0,0,0,0,0,0,0,0,0,0,0,0,0,0,0,0,0,0,0,2017-08-28 23:28:00,2583,0,0,0,0,1,0,1,0,0,0,0,1,0,1,0,22.64
42,29.703190000000003,29.703190000000003,-95.7429,-95.7429,Fort_Bend,9,1,1,0,0,0,0,0,0,0,1,0,0,0,0,0,0,0,0,0,0,0,0,0,0,0,0,0,0,0,0,0,0,0,0,0,0,0,0,0,0,2017-08-28 23:29:00,2582,0,0,0,0,1,0,1,0,0,0,0,1,0,1,0,0.0
43,29.5005,29.5005,-95.34189,-95.34189,Brazoria,8,0,0,0,0,0,0,0,0,0,0,0,0,0,0,0,0,0,1,0,0,0,0,0,0,0,0,0,0,0,0,0,0,0,0,0,0,0,0,0,0,2017-08-27 20:02:00,4970,0,0,0,0,1,0,0,1,0,0,0,1,0,0,1,0.0
44,29.5005,29.5005,-95.34189,-95.34189,Brazoria,8,0,0,0,0,0,0,0,0,0,0,0,0,0,0,0,0,0,1,0,0,0,0,0,0,0,0,0,0,0,0,0,1,0,0,0,0,0,0,0,0,2017-08-27 20:06:00,4963,0,0,0,0,1,0,0,0,1,0,0,1,0,0,1,0.0
45,29.835520000000002,29.835520000000002,-96.03345,-96.03345,Waller,9,1,1,0,0,0,0,0,0,0,1,0,0,0,0,0,0,0,0,0,0,0,0,0,0,0,0,0,0,0,0,0,0,0,0,0,0,0,0,0,0,2017-08-28 16:00:00,4411,0,1,0,0,0,0,1,0,0,0,0,1,0,1,0,0.0
46,29.809009999999997,29.809009999999997,-96.09581999999999,-96.09581999999999,Waller,9,1,1,0,0,0,0,0,0,0,1,0,0,0,0,0,0,0,0,0,0,0,0,0,0,0,0,0,0,0,0,0,0,0,0,0,0,0,0,0,0,2017-08-28 16:06:00,4409,0,1,0,0,0,0,0,0,0,1,0,1,0,1,0,0.0
47,29.07855,29.07855,-95.6892,-95.6892,Brazoria,9,1,1,0,0,0,0,0,0,0,0,0,0,0,0,0,0,0,0,1,0,0,0,0,0,0,0,0,0,0,0,0,0,0,0,0,0,0,0,0,0,2017-08-27 19:15:00,5667,0,1,0,0,0,0,0,1,0,0,0,1,0,1,0,0.0
48,29.07855,29.07855,-95.6892,-95.6892,Brazoria,9,0,0,0,0,0,0,0,0,0,0,0,0,0,0,0,0,0,0,1,0,0,0,0,0,0,0,0,0,0,0,0,0,0,0,0,0,0,0,0,0,2017-08-27 19:18:00,5668,0,1,0,0,0,0,0,0,1,0,0,1,0,1,0,0.0
49,29.09771,29.09771,-95.68999000000001,-95.68999000000001,Brazoria,9,0,0,0,0,0,0,0,0,0,0,0,0,0,0,0,0,0,1,0,0,0,0,0,0,0,0,0,0,0,0,0,0,1,0,0,0,0,0,0,0,2017-08-28 11:23:00,4699,0,0,0,1,0,0,0,1,0,0,0,1,0,1,0,0.0
50,29.313995000000002,29.313995000000002,-95.716061,-95.716061,Fort_Bend,9,1,1,0,0,0,0,0,0,0,0,0,0,0,0,0,0,0,0,1,0,0,0,0,0,0,0,0,0,0,0,0,0,0,0,0,0,0,0,0,0,2017-08-27 12:55:00,4657,0,0,0,0,0,1,0,1,0,0,0,1,0,0,1,0.0
51,29.313995000000002,29.313995000000002,-95.716061,-95.716061,Fort_Bend,9,1,1,0,0,0,0,0,0,0,0,0,0,0,0,0,0,0,0,1,0,0,0,0,0,0,0,0,0,0,0,0,0,0,0,0,0,0,0,0,0,2017-08-27 12:58:00,4657,0,0,0,0,0,1,0,0,1,0,0,1,0,0,1,0.0
52,29.298226,29.298226,-95.73357800000001,-95.73357800000001,Brazoria,9,0,0,0,0,0,0,0,0,0,0,0,0,0,0,0,0,0,1,0,0,0,0,0,0,0,0,0,0,0,0,0,0,1,0,0,0,0,0,0,0,2017-08-29 01:51:00,3592,0,0,1,0,0,0,1,0,0,0,0,1,0,0,1,0.0
53,29.727921000000002,29.727921000000002,-95.84628199999999,-95.84628199999999,Fort_Bend,9,1,1,0,0,0,0,0,0,0,1,0,0,0,0,0,0,0,0,0,0,0,0,0,0,0,0,0,0,0,0,0,0,0,0,0,0,0,0,0,0,2017-08-28 23:05:00,4011,0,0,0,0,1,0,0,0,1,0,0,1,0,1,0,0.0
54,29.662862,29.662862,-95.686577,-95.686577,Fort_Bend,8,1,1,0,0,0,1,0,0,0,1,0,0,0,0,0,1,0,0,0,0,0,0,0,0,0,0,0,0,0,0,0,0,0,0,0,0,0,0,0,0,2017-08-26 19:52:00,5682,0,1,0,0,0,0,0,1,0,0,0,1,0,1,0,7.33
55,29.662862,29.662862,-95.686577,-95.686577,Fort_Bend,8,1,1,0,0,0,1,0,0,0,1,0,0,0,0,0,1,0,0,0,0,0,0,0,0,0,0,0,0,0,0,0,0,0,0,0,0,0,0,0,0,2017-08-26 19:55:00,5681,0,1,0,0,0,0,0,0,1,0,0,1,0,1,0,7.33
56,30.17543,30.17543,-95.87293000000001,-95.87293000000001,Waller,9,0,0,0,0,0,0,0,0,0,0,0,0,0,0,0,0,0,0,0,0,0,0,0,0,0,0,0,0,0,0,0,0,0,0,0,0,0,0,0,0,2017-08-27 04:05:00,6589,1,0,0,0,0,0,1,0,0,0,0,1,0,0,1,24.12
57,30.22439791,30.22439143,-95.54742799,-95.54742799,Montgomery,9,1,1,0,0,0,0,0,0,0,0,0,0,0,0,0,0,0,0,1,0,0,0,0,0,0,0,0,0,0,0,0,0,0,0,0,0,0,0,0,0,2017-08-27 15:23:00,5344,0,0,0,0,0,1,1,0,0,0,0,1,0,1,0,0.0
58,30.109740000000002,30.109740000000002,-96.03251999999999,-96.03251999999999,Waller,9,0,0,0,0,0,0,0,0,0,0,0,0,0,0,0,0,0,0,0,0,0,0,0,0,0,0,0,0,0,0,0,0,1,0,0,0,0,0,0,0,2017-08-28 07:25:00,4953,1,0,0,0,0,0,1,0,0,0,0,1,0,1,0,0.0
59,29.40271,29.40271,-95.03284000000001,-95.03284000000001,Galveston,8,1,1,0,0,0,0,0,0,0,1,0,0,0,0,1,0,0,0,0,0,0,0,0,0,0,0,0,0,0,0,0,0,0,0,0,0,0,0,0,0,2017-08-27 01:19:00,5144,0,0,1,0,0,0,1,0,0,0,0,1,0,1,0,0.0
60,29.95015,29.95015,-96.03907,-96.03907,Waller,9,0,0,0,0,0,0,0,0,0,0,0,0,0,0,0,0,0,0,0,0,0,0,0,0,0,0,0,0,0,0,0,0,1,0,0,0,0,0,0,0,2017-08-28 07:13:00,4996,1,0,0,0,0,0,0,1,0,0,0,1,0,1,0,0.0
61,30.05354,30.05354,-96.08144,-96.08144,Waller,9,0,0,0,0,0,0,0,0,0,0,0,0,0,0,0,0,0,0,1,0,0,0,0,0,0,0,0,0,0,0,0,0,0,0,0,0,0,0,0,0,2017-08-28 15:57:00,4474,0,0,0,0,0,1,0,1,0,0,0,1,0,1,0,0.0
62,30.05354,30.05354,-96.08144,-96.08144,Waller,9,1,1,0,0,0,0,0,0,0,0,0,0,0,0,0,0,0,0,1,0,0,0,0,0,0,0,0,0,0,0,0,0,0,0,0,0,0,0,0,0,2017-08-28 15:59:00,4452,0,0,0,0,0,1,0,0,1,0,0,1,0,0,1,0.0
63,30.014257,30.014257,-95.4506,-95.4506,Harris,9,1,1,0,0,0,0,0,0,0,0,0,0,0,0,0,0,0,0,1,0,0,0,0,0,0,0,0,0,0,0,0,0,0,0,0,0,0,0,0,0,2017-08-27 01:56:00,5190,0,0,1,0,0,0,1,0,0,0,0,1,0,0,1,24.16
64,30.022921999999998,30.022921999999998,-95.089959,-95.089959,Harris,9,0,0,0,0,0,0,0,0,0,0,0,0,0,0,0,0,0,0,0,0,0,0,0,0,0,0,0,0,0,0,0,0,1,0,0,0,0,0,0,0,2017-08-28 08:53:00,3332,0,0,0,1,0,0,1,0,0,0,0,1,0,1,0,21.12
65,30.232540000000004,30.232540000000004,-95.16471,-95.16471,Montgomery,8,0,0,0,0,0,0,0,0,0,0,0,0,0,0,0,1,0,0,0,0,0,0,0,0,0,0,0,0,0,1,0,0,0,0,0,0,0,0,0,0,2017-08-26 08:19:00,433,0,0,0,1,0,0,1,0,0,0,0,1,0,1,0,0.0
66,29.874209999999998,29.874209999999998,-95.89059,-95.89059,Waller,9,1,1,0,0,0,0,0,0,0,0,0,0,0,0,0,0,0,0,1,0,0,0,0,0,0,0,0,0,0,0,0,0,0,0,0,0,0,0,0,0,2017-08-28 16:13:00,4465,0,1,0,0,0,0,0,1,0,0,0,1,0,1,0,0.0
67,29.874209999999998,29.874209999999998,-95.89059,-95.89059,Waller,9,1,1,0,0,0,0,0,0,0,0,0,0,0,0,0,0,0,0,1,0,0,0,0,0,0,0,0,0,0,0,0,0,0,0,0,0,0,0,0,0,2017-08-28 16:14:00,4464,0,1,0,0,0,0,0,0,1,0,0,1,0,0,1,0.0
68,29.78602,29.78602,-95.88961,-95.88961,Waller,9,0,0,0,0,0,0,0,0,0,0,0,0,0,0,0,0,0,0,1,0,0,0,0,0,0,0,0,0,0,0,0,0,0,0,0,0,3,0,0,0,2017-08-28 16:19:00,4462,0,1,0,0,0,0,0,1,0,0,0,1,0,1,0,0.0
69,29.78602,29.78602,-95.88961,-95.88961,Waller,9,1,1,0,0,0,0,0,0,0,0,0,0,0,0,0,0,0,0,1,0,0,0,0,0,0,0,0,0,0,0,0,0,0,0,0,0,0,0,0,0,2017-08-28 16:19:00,4460,0,1,0,0,0,0,0,0,1,0,0,1,0,0,1,0.0
70,29.489656,29.489656,-96.026127,-96.026127,Fort_Bend,10,0,0,0,0,0,0,0,0,0,0,0,0,0,0,0,0,0,0,0,0,0,0,0,0,0,0,0,0,0,0,0,0,0,0,0,0,0,0,0,0,2017-08-28 22:58:00,4082,0,0,0,0,1,0,0,1,0,0,0,1,0,1,0,0.0
71,30.086976,30.086976,-95.65319000000001,-95.65319000000001,Harris,10,1,1,0,0,0,0,0,0,0,0,0,0,0,0,0,0,0,0,0,0,0,0,0,0,0,0,0,0,0,0,0,0,1,0,0,0,0,0,0,0,2017-08-26 16:17:00,5768,0,1,0,0,0,0,1,0,0,0,0,1,0,1,0,6.16
72,30.089319,30.089319,-95.645204,-95.645204,Harris,9,1,1,0,0,0,0,0,0,0,1,0,0,0,0,0,0,0,0,0,0,0,0,0,0,0,0,0,0,0,0,0,0,1,0,0,0,0,0,0,0,2017-08-26 16:22:00,5767,0,1,0,0,0,0,0,0,0,1,0,1,0,1,0,12.44
73,30.06823,30.06823,-95.78101600000001,-95.78101600000001,Harris,9,1,1,0,0,0,0,0,0,0,0,0,0,0,0,0,0,0,0,1,0,0,0,0,0,0,0,0,0,0,0,0,0,0,0,0,0,0,0,0,0,2017-08-26 20:27:00,5520,0,0,0,0,1,0,1,0,0,0,0,1,0,1,0,12.639999999999999
74,30.06823,30.06823,-95.78101600000001,-95.78101600000001,Harris,9,1,1,0,0,0,0,0,0,0,0,0,0,0,0,0,0,0,0,1,0,0,0,0,0,0,0,0,0,0,0,0,0,0,0,0,0,0,0,0,0,2017-08-26 20:28:00,5521,0,0,0,0,1,0,0,0,0,1,0,1,0,1,0,12.639999999999999
75,29.452059999999996,29.452059999999996,-95.790548,-95.790548,Fort_Bend,10,1,0,0,0,0,0,0,0,0,0,0,0,0,0,0,0,0,0,0,0,0,0,0,0,0,0,0,0,0,0,0,0,0,0,0,0,0,0,0,0,2017-08-28 23:03:00,2621,0,0,0,0,1,0,0,1,0,0,0,1,0,1,0,0.0
76,29.475505,29.475505,-95.76467,-95.76467,Fort_Bend,10,0,0,0,0,0,0,0,0,0,0,0,0,0,0,0,0,0,0,0,0,0,0,0,0,0,0,0,0,0,0,0,0,0,0,0,0,0,0,0,0,2017-08-28 23:06:00,2621,0,0,0,0,1,0,0,0,1,0,0,1,0,0,1,0.0
77,30.186320000000002,30.186320000000002,-95.9321,-95.9321,Waller,8,1,1,0,0,0,0,0,0,0,0,0,0,0,0,1,0,0,0,0,0,0,0,0,0,0,0,0,0,0,0,0,0,1,0,0,0,0,0,0,0,2017-08-27 02:57:00,6730,0,0,1,0,0,0,0,1,0,0,0,1,0,1,0,0.0
78,29.46072726,29.46073959,-95.05178991,-95.05178991,Galveston,4,0,0,0,0,0,0,0,0,0,0,0,0,0,0,1,0,0,0,0,0,0,0,0,0,0,0,0,0,0,0,0,0,0,0,0,0,0,0,0,0,2017-08-28 00:40:00,3753,0,0,1,0,0,0,1,0,0,0,0,1,0,1,0,0.0
79,29.533125,29.533125,-95.024913,-95.024913,Galveston,8,1,1,0,0,0,0,0,0,0,1,0,0,0,0,0,0,0,1,0,0,0,0,0,0,0,0,0,0,0,0,0,0,0,0,0,0,0,0,0,0,2017-08-28 22:14:00,2443,0,0,0,0,1,0,0,1,0,0,0,1,0,1,0,54.56
80,29.533125,29.533125,-95.024913,-95.024913,Galveston,8,1,1,0,0,0,0,0,0,0,1,0,0,0,0,0,0,0,1,0,0,0,0,0,0,0,0,0,0,0,0,0,0,0,0,0,0,0,0,0,0,2017-08-28 22:20:00,2439,0,0,0,0,1,0,0,0,1,0,0,1,0,0,1,54.56
81,29.43889,29.43889,-95.47662,-95.47662,Brazoria,9,1,1,0,0,0,0,0,0,0,0,0,0,0,0,0,0,0,0,1,0,0,0,0,0,0,0,0,0,0,0,0,0,0,0,0,0,0,0,0,0,2017-08-26 23:56:00,6179,0,0,0,0,1,0,0,1,0,0,0,1,0,0,1,0.0
82,29.35401,29.35401,-95.46231999999999,-95.46231999999999,Brazoria,9,0,0,0,0,0,0,0,0,0,0,0,0,0,0,0,0,0,1,0,0,0,0,0,0,0,0,0,0,0,0,0,0,1,0,0,0,0,0,0,0,2017-08-28 13:30:00,3921,0,0,0,0,0,1,0,1,0,0,0,1,0,1,0,0.0
83,29.07855,29.07855,-95.6892,-95.6892,Brazoria,8,0,0,0,0,0,0,0,0,0,0,0,0,0,0,0,0,0,1,0,0,0,0,0,0,0,0,0,0,0,0,0,0,0,0,0,1,0,0,0,0,2017-08-28 19:16:00,4232,0,1,0,0,0,0,0,1,0,0,0,1,0,0,1,0.0
84,29.9122,29.9122,-96.07184000000001,-96.07184000000001,Waller,9,1,1,0,0,0,0,0,0,0,1,0,0,0,0,0,0,0,0,0,0,0,0,0,0,0,0,0,0,0,0,0,0,0,0,0,0,0,0,0,0,2017-08-28 15:58:00,4271,0,0,0,0,0,1,1,0,0,0,0,1,0,1,0,0.0
85,29.91527,29.91527,-96.11339,-96.11339,Waller,9,1,1,0,0,0,0,0,0,0,1,0,0,0,0,0,0,0,0,0,0,0,0,0,0,0,0,0,0,0,0,0,0,0,0,0,0,0,0,0,0,2017-08-28 16:04:00,4512,0,1,0,0,0,0,0,0,0,1,0,1,0,1,0,0.0
86,29.87412,29.87412,-95.95993,-95.95993,Waller,9,1,1,0,0,0,0,0,0,0,1,0,0,0,0,0,0,0,0,0,0,0,0,0,0,0,0,0,0,0,0,0,0,0,0,0,0,0,0,0,0,2017-08-28 16:10:00,4254,0,1,0,0,0,0,1,0,0,0,0,1,0,1,0,0.0
87,29.87425,29.87425,-95.89059,-95.89059,Waller,9,1,1,0,0,0,0,0,0,0,1,0,0,0,0,0,0,0,0,0,0,0,0,0,0,0,0,0,0,0,0,0,0,0,0,0,0,0,0,0,0,2017-08-28 16:14:00,4583,0,1,0,0,0,0,1,0,0,0,0,1,0,1,0,0.0
88,29.965365999999996,29.965365999999996,-95.380081,-95.380081,Harris,10,0,0,0,0,0,0,0,0,0,0,0,0,0,0,0,1,0,0,0,0,0,0,0,0,0,0,0,0,0,1,0,0,0,0,0,0,0,1,0,0,2017-08-26 23:04:00,4682,0,0,0,0,1,0,0,1,0,0,0,1,0,0,1,9.4
89,29.828891,29.828891,-95.354715,-95.354715,Harris,8,0,0,0,0,0,0,0,0,0,0,0,0,0,0,0,1,0,0,0,0,0,0,0,0,0,0,0,0,0,1,0,0,0,0,0,0,4,1,0,0,2017-08-26 23:17:00,5462,0,0,0,0,1,0,0,0,1,0,0,1,0,0,1,17.04
90,29.965365999999996,29.965365999999996,-95.380081,-95.380081,Harris,10,0,0,0,0,0,0,0,0,0,0,0,0,0,0,0,0,0,0,1,0,0,0,0,0,0,0,0,0,0,0,0,0,0,0,0,0,0,1,0,0,2017-08-26 23:38:00,3821,0,0,0,0,1,0,0,0,1,0,0,1,0,0,1,9.4
91,29.828891,29.828891,-95.354715,-95.354715,Harris,10,0,0,0,0,0,0,0,0,0,0,0,0,0,0,0,0,0,0,1,0,0,0,0,0,0,0,0,0,0,0,0,0,0,0,0,0,4,1,0,0,2017-08-26 23:40:00,5438,0,0,0,0,1,0,0,1,0,0,0,1,0,0,1,17.04
92,29.965365999999996,29.965365999999996,-95.380081,-95.380081,Harris,10,0,0,0,0,0,0,0,0,0,0,0,0,0,0,0,0,0,0,1,0,0,0,0,0,0,0,0,0,0,0,0,0,0,0,0,0,0,1,0,0,2017-08-26 23:43:00,2128,0,0,0,0,1,0,0,0,1,0,0,1,0,0,1,9.4
93,29.938813,29.938813,-95.38131899999999,-95.38131899999999,Harris,10,0,0,0,0,0,0,0,0,0,0,1,0,0,0,0,0,0,0,0,0,0,0,0,0,0,0,0,0,0,1,0,0,0,0,0,0,4,1,0,0,2017-08-27 00:25:00,5326,0,0,1,0,0,0,0,0,1,0,0,1,0,0,1,24.68
94,29.938813,29.938813,-95.38131899999999,-95.38131899999999,Harris,10,0,0,0,0,0,0,0,0,0,0,1,0,0,0,0,0,0,0,0,0,0,0,0,0,0,0,0,0,0,1,0,0,0,0,0,0,4,1,0,0,2017-08-27 00:24:00,5332,0,0,1,0,0,0,0,1,0,0,0,1,0,0,1,24.68
95,29.870715999999998,29.870715999999998,-95.364874,-95.364874,Harris,10,0,0,0,0,0,0,0,0,0,0,0,0,0,0,0,0,0,0,1,0,0,0,0,0,0,0,0,0,0,0,0,0,0,0,0,1,0,0,0,0,2017-08-27 05:48:00,4278,1,0,0,0,0,0,0,1,0,0,0,1,0,0,1,25.36
96,29.870715999999998,29.870715999999998,-95.364874,-95.364874,Harris,10,0,0,0,0,0,0,0,0,0,0,0,0,0,0,0,1,0,0,0,0,0,0,0,0,0,0,0,0,0,1,0,0,0,0,0,0,0,0,0,2,2017-08-27 08:03:00,3315,0,0,0,1,0,0,0,1,0,0,0,1,0,0,1,25.36
97,29.938813,29.938813,-95.38131899999999,-95.38131899999999,Harris,10,0,0,0,0,0,0,0,0,0,0,0,0,0,0,0,1,0,0,0,0,0,0,0,0,0,0,0,0,0,1,0,0,0,0,0,0,0,1,0,0,2017-08-27 08:34:00,3286,0,0,0,1,0,0,0,0,1,0,0,1,0,0,1,24.68
98,29.902209000000003,29.902209000000003,-95.372782,-95.372782,Harris,10,0,0,0,0,0,0,0,0,0,0,0,0,0,0,0,1,0,0,0,0,0,0,0,0,0,0,0,0,0,1,0,0,0,0,0,0,0,1,0,0,2017-08-27 08:55:00,4091,0,0,0,1,0,0,0,1,0,0,0,1,0,0,1,49.040000000000006
99,29.996,29.996,-95.396977,-95.396977,Harris,10,0,0,0,0,0,0,0,0,0,0,0,0,0,0,0,1,0,0,0,0,0,0,0,0,0,0,0,0,0,1,0,0,0,0,0,0,0,1,0,0,2017-08-27 09:30:00,3226,0,0,0,1,0,0,0,0,1,0,0,1,0,0,1,71.68
100,30.026642,30.026642,-95.40443,-95.40443,Harris,9,0,0,0,0,0,0,0,0,0,0,0,0,0,0,0,0,0,0,1,0,0,0,0,0,0,0,0,0,0,0,0,0,0,0,0,0,0,0,0,0,2017-08-27 10:49:00,4054,0,0,0,1,0,0,0,0,1,0,0,0,1,1,0,23.68
101,29.996,29.996,-95.396977,-95.396977,Harris,10,0,0,0,0,0,0,0,0,0,0,0,0,0,0,0,0,0,0,1,0,0,0,0,0,0,0,0,0,0,1,0,0,0,0,0,0,0,1,0,0,2017-08-27 11:34:00,3931,0,0,0,1,0,0,0,1,0,0,0,1,0,0,1,71.68
102,29.996,29.996,-95.396977,-95.396977,Harris,10,0,0,0,0,0,0,0,0,0,0,0,0,0,0,0,1,0,0,0,0,0,0,0,0,0,0,0,0,0,1,0,0,0,0,0,0,0,1,0,0,2017-08-27 11:34:00,2971,0,0,0,1,0,0,0,0,1,0,0,1,0,0,1,71.68
103,30.022584000000002,30.022584000000002,-95.404613,-95.404613,Harris,8,0,0,0,0,0,0,0,0,0,0,0,0,0,0,0,1,0,0,0,0,0,0,0,0,0,0,0,0,0,1,0,0,0,0,0,0,0,1,0,0,2017-08-28 01:09:00,2156,0,0,1,0,0,0,0,0,1,0,0,1,0,0,1,21.560000000000002
104,30.026642,30.026642,-95.40443,-95.40443,Harris,9,0,0,0,0,0,0,0,0,0,0,0,0,0,0,0,0,0,0,1,0,0,0,0,0,0,0,0,0,0,1,0,0,0,0,0,0,0,1,0,0,2017-08-28 01:09:00,3112,0,0,1,0,0,0,0,1,0,0,0,1,0,1,0,21.560000000000002
105,30.105703000000002,30.105703000000002,-95.435041,-95.435041,Harris,9,0,0,0,0,0,0,0,0,0,0,0,0,0,0,0,0,0,0,1,0,0,0,0,0,0,0,0,0,0,1,0,0,0,0,0,0,0,1,0,0,2017-08-28 01:11:00,3113,0,0,1,0,0,0,0,0,1,0,0,1,0,1,0,20.88
106,30.087770000000003,30.087770000000003,-95.412876,-95.412876,Harris,8,0,0,0,0,0,0,0,0,0,0,0,0,0,0,0,1,0,0,0,0,0,0,0,0,0,0,0,0,0,1,0,0,0,0,0,0,0,1,0,0,2017-08-28 01:10:00,3112,0,0,1,0,0,0,0,0,1,0,0,1,0,0,1,0.0
107,30.026642,30.026642,-95.40443,-95.40443,Harris,10,0,0,0,0,0,0,0,0,0,0,0,0,0,0,0,1,0,0,0,0,0,0,0,0,0,0,0,0,0,1,0,0,0,0,0,0,4,1,0,0,2017-08-30 05:08:00,537,1,0,0,0,0,0,0,0,1,0,0,1,0,0,1,2.36
108,29.779003000000003,29.779003000000003,-95.951424,-95.951424,Waller,8,0,0,0,0,0,0,0,0,0,0,0,0,0,0,0,1,0,0,0,0,0,0,0,0,0,0,0,0,0,0,0,0,1,0,0,0,0,1,0,0,2017-08-26 02:44:00,5314,0,0,1,0,0,0,0,0,0,1,0,1,0,0,1,0.0
109,29.777419000000002,29.777419000000002,-95.83237,-95.83237,Fort_Bend,9,1,1,0,0,0,1,0,0,0,0,1,0,0,0,0,0,0,0,0,0,0,0,0,0,0,0,0,0,0,0,0,0,1,0,0,0,0,0,0,0,2017-08-27 21:25:00,3571,0,0,0,0,1,0,0,0,0,1,0,1,0,0,1,49.32
110,29.779003000000003,29.779003000000003,-95.951424,-95.951424,Waller,2,1,1,0,0,0,1,0,0,0,1,1,0,0,0,0,0,0,0,0,0,0,0,0,0,0,0,0,0,0,0,0,0,1,0,0,0,3,0,0,0,2017-08-27 22:02:00,3601,0,0,0,0,1,0,1,0,0,0,0,1,0,0,1,0.0
111,29.77753,29.77753,-95.819688,-95.819688,Fort_Bend,2,1,1,0,0,0,1,0,0,0,1,1,0,0,0,0,0,0,0,0,0,0,0,0,0,0,0,0,0,0,0,0,0,0,0,0,0,3,0,0,0,2017-08-27 22:40:00,2679,0,0,0,0,1,0,0,0,0,1,0,1,0,0,1,49.32
112,29.7644,29.7644,-96.1527,-96.1527,Austin,10,1,1,0,0,0,1,0,0,0,1,0,0,0,0,0,0,0,0,0,0,0,0,0,0,0,0,0,0,0,0,0,0,0,0,0,0,0,0,0,0,2017-08-27 22:11:00,3908,0,0,0,0,1,0,0,0,0,1,0,1,0,1,0,0.0
113,29.7644,29.7644,-96.1527,-96.1527,Austin,10,1,1,0,0,0,1,0,0,0,1,0,0,0,0,0,0,0,0,0,0,0,0,0,0,0,0,0,0,0,0,0,0,0,0,0,0,0,0,0,0,2017-08-27 22:19:00,2263,0,0,0,0,1,0,1,0,0,0,0,1,0,1,0,0.0
114,29.77735,29.77735,-95.88115,-95.88115,Waller,2,0,0,0,0,0,0,0,0,0,0,1,0,0,0,0,0,0,0,0,0,0,0,0,0,0,0,0,0,0,0,0,0,1,0,0,0,0,0,0,0,2017-08-28 09:36:00,1526,0,0,0,1,0,0,1,0,0,0,0,1,0,1,0,0.0
115,29.77735,29.77735,-95.88115,-95.88115,Waller,9,0,0,0,0,0,0,0,0,0,0,1,0,0,0,0,0,0,0,0,0,0,0,0,0,0,0,0,0,0,0,0,0,1,0,0,2,0,0,0,1,2017-08-28 09:41:00,3902,0,0,0,1,0,0,0,0,0,1,0,1,0,0,1,0.0
116,29.821601,29.821601,-94.899159,-94.899159,Chambers,9,0,0,0,0,0,0,0,0,0,0,0,0,0,0,0,0,0,0,0,0,0,0,0,0,0,0,0,0,0,0,0,0,1,0,0,0,0,0,0,0,2017-08-28 12:06:00,4849,0,0,0,0,0,1,0,0,0,1,0,1,0,1,0,32.44
117,29.782057000000002,29.782057000000002,-95.984576,-95.984576,Waller,10,1,1,0,0,0,1,0,0,0,1,0,0,0,0,0,0,0,0,0,0,0,0,0,0,0,0,0,0,0,0,0,0,0,0,0,0,3,0,0,0,2017-08-28 15:59:00,4157,0,0,0,0,0,1,0,0,0,1,0,1,0,1,0,0.0
118,29.779003000000003,29.779003000000003,-95.951424,-95.951424,Waller,9,1,1,0,0,0,0,0,0,0,0,0,0,0,0,0,0,0,0,1,0,0,0,0,0,0,0,0,0,0,0,0,0,0,0,0,0,3,0,0,0,2017-08-28 16:02:00,2524,0,1,0,0,0,0,1,0,0,0,0,1,0,1,0,0.0
119,29.779003000000003,29.779003000000003,-95.951424,-95.951424,Waller,9,1,1,0,0,0,0,0,0,0,0,0,0,0,0,0,0,0,0,1,0,0,0,0,0,0,0,0,0,0,0,0,0,0,0,0,0,3,0,0,0,2017-08-28 16:02:00,1829,0,1,0,0,0,0,0,0,0,1,0,1,0,1,0,0.0
120,29.7712,29.7712,-96.036,-96.036,Austin,10,1,1,0,0,0,1,0,0,0,1,0,0,0,0,0,0,0,0,0,0,0,0,0,0,0,0,0,0,0,0,0,0,0,0,0,0,3,0,0,0,2017-08-28 16:05:00,4585,0,1,0,0,0,0,1,0,0,0,0,1,0,1,0,0.0
121,29.771227000000003,29.771227000000003,-96.035924,-96.035924,Waller,10,1,1,0,0,0,1,0,0,0,1,0,0,0,0,0,0,0,0,0,0,0,0,0,0,0,0,0,0,0,0,0,0,0,0,0,0,3,0,0,0,2017-08-28 16:05:00,4585,0,1,0,0,0,0,1,0,0,0,0,1,0,1,0,0.0
122,29.79234172,29.79233977,-95.07967835,-95.07967835,Harris,10,1,1,0,0,0,0,0,0,0,1,0,0,0,0,0,0,0,0,0,0,0,0,0,0,0,0,0,0,0,0,0,0,1,0,0,0,0,1,0,0,2017-08-26 05:01:00,122,1,0,0,0,0,0,0,0,0,1,0,1,0,0,1,0.0
123,29.79234172,29.79233977,-95.07967835,-95.07967835,Harris,9,1,1,0,0,0,0,0,0,0,1,0,0,0,0,0,0,0,0,0,0,0,0,0,0,0,0,0,0,0,0,0,0,1,0,0,0,0,1,0,0,2017-08-26 05:06:00,118,1,0,0,0,0,0,1,0,0,0,0,1,0,0,1,0.0
124,29.7707,29.7706,-95.2137,-95.2137,Harris,2,1,1,0,0,0,0,0,0,0,1,1,0,0,0,0,0,0,0,0,0,0,0,0,0,0,0,0,0,0,0,0,0,0,0,0,0,3,0,0,0,2017-08-26 08:43:00,55,0,0,0,1,0,0,0,0,0,1,0,1,0,0,1,0.0
125,29.7707,29.7706,-95.2137,-95.2137,Harris,2,1,1,0,0,0,0,0,0,0,1,1,0,0,0,0,0,0,0,0,0,0,0,0,0,0,0,0,0,0,0,0,0,0,0,0,0,2,0,0,0,2017-08-26 08:46:00,53,0,0,0,1,0,0,1,0,0,0,0,1,0,0,1,0.0
126,29.7707,29.7706,-95.2137,-95.2137,Harris,2,0,0,0,0,0,0,0,0,0,0,1,0,0,0,0,0,0,0,0,0,0,0,0,0,0,0,0,0,0,0,0,0,0,0,0,0,0,1,0,0,2017-08-26 10:45:00,146,0,0,0,1,0,0,1,0,0,0,0,1,0,0,1,0.0
127,29.7713,29.7711,-95.1534,-95.1534,Harris,6,0,0,0,0,0,0,0,0,0,0,1,0,1,0,0,0,0,0,0,0,0,0,0,0,0,0,1,0,0,0,0,0,1,0,0,0,3,0,0,0,2017-08-26 11:34:00,145,0,0,0,1,0,0,1,0,0,0,0,1,0,0,1,6.64
128,29.79234172,29.79233977,-95.07967835,-95.07967835,Harris,6,1,1,0,0,0,0,0,0,0,1,0,0,0,0,0,0,0,0,0,0,0,0,0,0,0,0,0,0,0,0,0,0,1,0,0,0,3,0,0,0,2017-08-26 11:41:00,7138,0,0,0,1,0,0,1,0,0,0,0,1,0,0,1,0.0
129,29.77143124,29.77146849,-95.19704627,-95.19704627,Harris,9,1,1,0,0,0,0,0,0,0,1,0,0,0,0,0,0,0,0,0,0,0,0,0,0,0,0,0,0,0,0,0,0,1,0,0,0,0,0,0,0,2017-08-26 19:14:00,6652,0,1,0,0,0,0,1,0,0,0,0,1,0,0,1,0.0
130,29.7781,29.7779,-95.28399999999999,-95.28399999999999,Harris,9,1,1,0,0,0,0,0,0,0,1,0,0,0,0,0,0,0,0,0,0,0,0,0,0,0,0,0,0,0,0,0,0,0,0,0,1,0,0,0,0,2017-08-26 19:58:00,65,0,1,0,0,0,0,1,0,0,0,0,1,0,0,1,20.119999999999997
131,29.79234172,29.79233977,-95.07967835,-95.07967835,Harris,10,1,1,0,0,0,1,0,0,0,1,0,0,0,0,0,0,0,0,0,0,0,0,0,0,0,0,0,0,0,0,0,0,0,0,0,0,3,0,0,0,2017-08-26 21:52:00,6530,0,0,0,0,1,0,0,0,0,1,0,1,0,0,1,0.0
132,29.7771,29.7768,-95.2719,-95.272,Harris,2,1,1,0,0,0,0,0,0,0,1,1,0,0,0,0,0,0,0,0,0,0,0,0,0,0,0,0,0,0,0,0,0,0,0,0,0,3,0,0,0,2017-08-26 23:48:00,3808,0,0,0,0,1,0,0,0,0,1,0,1,0,0,1,21.240000000000002
133,29.7743,29.7741,-95.3152,-95.3152,Harris,2,1,1,0,0,0,0,0,0,0,1,1,0,0,0,0,0,0,0,0,0,0,0,0,0,0,0,0,0,0,0,0,0,0,0,0,0,0,0,0,0,2017-08-26 23:53:00,4088,0,0,0,0,1,0,1,0,0,0,0,1,0,1,0,20.119999999999997
134,29.7743,29.7741,-95.3152,-95.3152,Harris,2,1,1,0,0,0,0,0,0,0,0,1,0,0,0,0,0,0,0,0,0,0,0,0,0,0,0,0,0,0,0,0,0,0,0,0,0,0,0,0,0,2017-08-26 23:59:00,4074,0,0,0,0,1,0,0,0,0,1,0,1,0,1,0,20.119999999999997
135,29.7743,29.7741,-95.3152,-95.3152,Harris,2,1,1,0,0,0,0,0,0,0,0,1,0,0,0,0,0,0,0,0,0,0,0,0,0,0,0,0,0,0,0,0,0,0,0,0,0,0,0,0,0,2017-08-27 05:24:00,3752,1,0,0,0,0,0,0,0,0,1,0,1,0,1,0,50.72
136,29.770046999999998,29.770046999999998,-95.343522,-95.343522,Harris,2,1,1,0,0,0,0,0,0,0,1,1,0,0,0,0,0,0,0,0,0,0,0,0,0,0,0,0,0,0,0,0,0,0,0,0,0,0,0,0,0,2017-08-27 05:32:00,3744,1,0,0,0,0,0,0,0,0,1,0,1,0,1,0,48.879999999999995
137,29.770046999999998,29.770046999999998,-95.343522,-95.343522,Harris,2,1,1,0,0,0,0,0,0,0,1,1,0,0,0,0,0,0,0,0,0,0,0,0,0,0,0,0,0,0,0,0,0,0,0,0,0,0,0,0,0,2017-08-27 05:33:00,3747,1,0,0,0,0,0,1,0,0,0,0,1,0,1,0,48.879999999999995
138,29.7852,29.785,-95.1066,-95.1066,Harris,2,1,1,0,0,0,0,0,0,0,1,1,0,0,0,0,0,0,0,0,0,0,0,0,0,0,0,0,0,0,0,0,0,0,0,0,0,0,0,0,0,2017-08-28 09:21:00,4519,0,0,0,1,0,0,1,0,0,0,0,1,0,1,0,0.0
139,29.7708,29.7706,-95.1865,-95.1865,Harris,9,1,1,0,0,0,0,0,0,0,1,0,0,0,0,0,0,0,0,0,0,0,0,0,0,0,0,0,0,0,0,0,0,0,0,0,0,0,0,0,0,2017-08-28 16:19:00,1658,0,1,0,0,0,0,0,0,0,1,0,1,0,1,0,26.32
140,29.7738,29.7736,-95.2474,-95.2474,Harris,9,1,1,0,0,0,0,0,0,0,0,0,0,0,0,0,0,0,0,1,0,0,0,0,0,0,0,0,0,0,0,0,0,0,0,0,0,0,0,0,0,2017-08-28 16:21:00,2600,0,1,0,0,0,0,1,0,0,0,0,1,0,1,0,0.0
141,29.7911,29.7908,-95.0573,-95.0573,Harris,9,0,0,0,0,0,0,0,0,0,0,0,0,0,0,0,0,0,0,0,0,0,0,0,0,0,0,0,0,0,0,0,0,1,0,0,0,0,0,0,0,2017-08-29 02:01:00,3395,0,0,1,0,0,0,0,0,0,1,0,1,0,1,0,0.0
142,29.808000000000003,29.8077,-94.9653,-94.9653,Harris,9,0,0,0,0,0,0,0,0,0,0,0,0,0,0,0,0,0,0,0,0,0,0,0,0,0,0,0,0,0,0,0,0,1,0,0,0,0,0,0,0,2017-08-29 02:04:00,4029,0,0,1,0,0,0,1,0,0,0,0,1,0,1,0,15.240000000000002
143,29.808000000000003,29.8077,-94.9653,-94.9653,Harris,10,0,0,0,0,0,0,0,0,0,0,0,0,0,0,0,0,0,0,0,0,0,0,0,0,0,0,0,0,0,0,0,0,1,0,0,0,0,0,0,0,2017-08-31 14:23:00,1473,0,0,0,0,0,1,1,0,0,0,0,1,0,1,0,0.04
144,29.77143124,29.77146849,-95.19704627,-95.19704627,Harris,9,0,0,0,0,0,0,0,0,0,0,0,0,0,0,0,0,0,0,0,0,0,0,0,0,0,0,0,0,0,0,0,0,1,0,0,0,1,0,0,0,2017-08-31 14:49:00,380,0,0,0,0,0,1,0,0,0,1,0,1,0,0,1,0.0
145,29.784190000000002,29.784190000000002,-95.5439,-95.5439,Harris,10,1,1,0,0,0,1,0,0,0,1,0,0,0,0,0,0,0,0,0,0,0,0,0,0,0,0,0,0,0,0,0,0,0,0,0,0,3,0,0,0,2017-08-26 21:56:00,2335,0,0,0,0,1,0,1,0,0,0,0,1,0,0,1,13.6
146,29.784259999999996,29.784259999999996,-95.5629,-95.5629,Harris,10,1,1,0,0,0,1,0,0,0,1,0,0,0,0,0,0,0,0,0,0,0,0,0,0,0,0,0,0,0,0,0,0,0,0,0,0,0,0,0,0,2017-08-26 21:57:00,2347,0,0,0,0,1,0,0,0,0,1,0,1,0,0,1,11.24
147,29.7776,29.7779,-95.3811,-95.3811,Harris,9,1,1,0,0,0,0,0,0,0,0,1,0,0,0,0,0,0,0,0,0,0,0,0,0,0,0,0,0,1,0,0,0,0,0,0,0,0,0,0,0,2017-08-26 23:30:00,4084,0,0,0,0,1,0,1,0,0,0,0,1,0,1,0,8.280000000000001
148,29.7805,29.7806,-95.4539,-95.4539,Harris,2,1,1,0,0,0,0,0,0,0,0,1,0,0,0,0,0,0,0,0,0,0,0,0,0,0,0,0,0,0,0,0,0,0,0,0,0,0,0,0,0,2017-08-27 02:07:00,3684,0,0,1,0,0,0,0,0,0,1,0,0,1,1,0,44.839999999999996
149,29.7839,29.7841,-95.4681,-95.4681,Harris,10,0,0,0,0,0,0,0,0,0,0,0,0,0,0,0,1,0,0,0,0,0,0,0,0,0,0,0,0,0,1,0,0,0,0,0,0,0,0,0,0,2017-08-27 08:18:00,3300,0,0,0,1,0,0,1,0,0,0,0,1,0,1,0,44.839999999999996
150,29.784259999999996,29.784259999999996,-95.5629,-95.5629,Harris,10,0,0,0,0,0,0,0,0,0,0,0,0,0,0,0,1,0,0,0,0,0,0,0,0,0,0,0,0,0,0,0,0,0,0,0,0,0,0,0,2,2017-08-27 08:36:00,3531,0,0,0,1,0,0,1,0,0,0,0,1,0,0,1,27.08
151,29.7773,29.7776,-95.41799999999999,-95.4179,Harris,9,0,0,0,0,0,0,0,0,0,0,0,0,0,0,0,0,0,0,0,0,0,0,0,0,0,0,0,0,0,0,0,0,0,0,0,0,0,0,0,0,2017-08-27 14:37:00,3175,0,0,0,0,0,1,1,0,0,0,0,1,0,1,0,42.480000000000004
152,29.7773,29.7776,-95.41799999999999,-95.4179,Harris,9,0,0,0,0,0,0,0,0,0,0,0,0,0,0,0,0,0,0,0,0,0,0,0,0,0,0,0,0,0,0,0,0,0,0,0,0,0,0,0,0,2017-08-27 14:40:00,3175,0,0,0,0,0,1,0,0,0,1,0,1,0,1,0,42.480000000000004
153,29.7771,29.7774,-95.4062,-95.4062,Harris,9,1,1,0,0,0,0,0,0,0,1,0,0,0,0,0,0,0,0,0,0,0,0,0,0,0,0,0,0,0,0,0,0,1,0,0,0,3,0,0,0,2017-08-27 15:03:00,3144,0,0,0,0,0,1,1,0,0,0,0,1,0,0,1,42.480000000000004
154,29.7771,29.7774,-95.4062,-95.4062,Harris,9,0,0,0,0,0,0,0,0,0,0,0,0,0,0,0,0,0,0,0,0,0,0,0,0,0,0,0,0,0,0,0,0,1,0,0,0,3,0,0,0,2017-08-27 15:10:00,3144,0,0,0,0,0,1,0,0,0,1,0,1,0,0,1,42.480000000000004
155,29.78452,29.78452,-95.68834,-95.68834,Harris,2,1,1,0,0,0,1,0,0,0,1,1,0,0,0,0,0,0,0,0,0,0,0,0,0,0,0,0,0,0,0,0,0,0,0,0,0,3,0,0,0,2017-08-27 22:34:00,2670,0,0,0,0,1,0,0,0,0,1,0,1,0,0,1,49.76
156,29.784940000000002,29.784940000000002,-95.69556,-95.69556,Harris,2,1,1,0,0,0,1,0,0,0,1,1,0,0,0,0,0,0,0,0,0,0,0,0,0,0,0,0,0,0,0,0,0,0,0,0,0,3,0,0,0,2017-08-27 22:35:00,2670,0,0,0,0,1,0,0,0,0,1,0,1,0,0,1,49.76
157,29.785459999999997,29.785459999999997,-95.77682,-95.77682,Harris,2,1,1,0,0,0,1,0,0,0,1,1,0,0,0,0,0,0,0,0,0,0,0,0,0,0,0,0,0,0,0,0,0,0,0,0,0,0,0,0,0,2017-08-27 22:38:00,2562,0,0,0,0,1,0,0,0,0,1,1,0,0,1,0,26.520000000000003
158,29.784561,29.784561,-95.61754499999999,-95.61754499999999,Harris,2,0,0,0,0,0,0,0,0,0,0,1,0,0,0,0,0,0,0,0,0,0,0,0,0,0,0,0,0,0,0,0,0,0,0,0,2,4,0,0,0,2017-08-29 17:18:00,9832,0,1,0,0,0,0,0,0,0,1,0,1,0,0,1,13.399999999999999
159,29.784561,29.784561,-95.61754499999999,-95.61754499999999,Harris,2,0,0,0,0,0,0,0,0,0,0,1,0,0,0,0,0,0,0,0,0,0,0,0,0,0,0,0,0,0,0,0,0,0,0,0,1,4,0,0,0,2017-08-29 17:19:00,9834,0,1,0,0,0,0,1,0,0,0,0,1,0,0,1,13.399999999999999
160,29.784670000000002,29.784670000000002,-95.64466999999999,-95.64466999999999,Harris,2,0,0,0,0,0,0,0,0,0,0,1,0,0,0,0,0,0,0,0,0,0,0,0,0,0,0,0,0,0,0,0,0,0,0,0,3,3,1,0,0,2017-08-29 17:21:00,2641,0,1,0,0,0,0,0,0,0,1,0,1,0,0,1,15.84
161,30.2073,30.2073,-95.456,-95.456,Montgomery,9,1,1,0,0,0,0,0,0,0,1,1,0,0,0,0,0,0,0,0,0,0,0,0,0,0,0,0,0,0,0,0,0,0,0,0,0,1,0,0,0,2017-08-26 09:15:00,274,0,0,0,1,0,0,0,0,1,0,1,0,0,0,1,0.0
162,30.3252,30.3252,-95.4752,-95.4752,Montgomery,8,0,0,0,0,0,0,0,0,0,0,0,0,0,0,1,0,0,0,0,0,0,0,0,0,0,0,0,0,0,0,0,0,0,0,0,0,3,1,0,0,2017-08-26 09:21:00,376,0,0,0,1,0,0,0,1,0,0,0,1,0,0,1,0.0
163,29.328909999999997,29.328909999999997,-94.93096,-94.93096,Galveston,8,1,1,0,0,0,0,0,0,0,1,0,0,0,0,0,0,0,1,0,0,0,0,0,0,0,0,0,0,0,0,0,1,1,0,0,0,3,1,0,0,2017-08-26 09:30:00,3308,0,0,0,1,0,0,0,0,1,0,0,1,0,0,1,0.0
164,30.421,30.421,-95.4919,-95.4919,Montgomery,8,1,1,0,0,0,0,0,0,0,1,0,0,0,0,0,1,0,0,0,0,0,0,0,0,0,0,0,0,0,1,0,0,1,0,0,0,3,0,0,0,2017-08-26 10:11:00,326,0,0,0,1,0,0,0,1,0,0,0,1,0,0,1,0.0
165,30.2073,30.2073,-95.456,-95.456,Montgomery,2,1,1,0,0,0,0,0,0,0,1,1,0,0,0,0,0,0,0,0,0,0,0,0,0,0,0,0,0,0,0,0,0,1,0,0,0,2,0,0,0,2017-08-26 10:18:00,317,0,0,0,1,0,0,0,1,0,0,0,0,1,0,1,0.0
166,30.2073,30.2073,-95.456,-95.456,Montgomery,9,1,1,0,0,0,0,0,0,0,0,0,0,0,0,0,0,0,0,1,0,0,0,0,0,0,0,0,0,0,0,0,0,0,0,0,0,2,0,0,0,2017-08-27 00:05:00,2198,0,0,1,0,0,0,0,1,0,0,0,1,0,0,1,0.0
167,30.308000000000003,30.308000000000003,-95.4695,-95.4695,Montgomery,8,0,0,0,0,0,0,0,0,0,0,0,0,0,0,1,0,0,0,0,0,0,0,0,0,0,0,0,0,0,0,0,0,0,0,0,0,3,1,0,0,2017-08-27 07:22:00,1762,1,0,0,0,0,0,0,0,1,0,0,0,1,0,1,0.0
168,29.5031,29.503,-95.11399999999999,-95.1142,Galveston,3,1,1,0,0,0,0,0,0,0,1,1,0,0,0,0,0,0,0,0,0,0,0,0,0,0,0,0,0,0,0,0,0,0,0,0,0,3,0,0,0,2017-08-27 11:50:00,6068,0,0,0,1,0,0,0,0,1,0,0,1,0,0,1,56.64
169,29.4302,29.4302,-95.0599,-95.0602,Galveston,9,1,1,0,0,0,0,0,0,0,1,0,0,0,0,0,0,0,0,0,0,0,0,0,0,0,0,0,0,0,0,0,0,0,0,0,0,0,0,0,0,2017-08-27 12:40:00,1407,0,0,0,0,0,1,0,1,0,0,0,1,0,1,0,0.0
170,29.4302,29.4302,-95.0599,-95.0602,Galveston,9,1,1,0,0,0,0,0,0,0,1,0,0,0,0,0,0,0,0,0,0,0,0,0,0,0,0,0,0,0,0,0,0,0,0,0,0,0,0,0,0,2017-08-27 12:42:00,3346,0,0,0,0,0,1,0,0,1,0,0,1,0,1,0,0.0
171,29.441,29.4408,-95.0703,-95.0705,Galveston,8,1,1,0,0,0,0,0,0,0,1,1,0,0,0,0,0,0,0,0,0,0,0,0,0,0,0,0,0,0,0,0,0,0,0,0,0,3,0,0,0,2017-08-27 15:23:00,1241,0,0,0,0,0,1,0,1,0,0,0,1,0,1,0,0.0
172,29.441,29.4408,-95.0703,-95.0705,Galveston,8,1,1,0,0,0,0,0,0,0,1,1,0,0,0,0,0,0,0,0,0,0,0,0,0,0,0,0,0,0,0,0,0,0,0,0,0,3,0,0,0,2017-08-27 15:25:00,4089,0,0,0,0,0,1,0,0,1,0,0,1,0,1,0,0.0
173,29.465999999999998,29.4659,-95.0906,-95.0909,Galveston,2,1,1,0,0,0,0,0,0,0,0,1,0,0,0,0,0,0,0,0,0,0,0,0,0,0,0,0,0,0,0,0,0,0,0,0,0,3,0,0,0,2017-08-27 18:48:00,2999,0,1,0,0,0,0,0,1,0,0,0,1,0,0,1,30.8
174,29.465999999999998,29.4659,-95.0906,-95.0909,Galveston,2,1,1,0,0,0,0,0,0,0,0,1,0,0,0,0,0,0,0,0,0,0,0,0,0,0,0,0,0,0,0,0,0,0,0,0,0,3,0,0,0,2017-08-27 18:49:00,2996,0,1,0,0,0,0,0,0,1,0,0,1,0,0,1,30.8
175,30.1675,30.1672,-95.4508,-95.4508,Montgomery,10,1,1,0,0,0,0,0,0,0,1,1,0,0,0,0,0,0,0,0,0,0,0,0,0,0,0,0,0,0,0,0,1,1,0,0,0,0,0,0,0,2017-08-28 22:09:00,1436,0,0,0,0,1,0,0,0,1,0,0,1,0,1,0,0.0
176,29.3784,29.3784,-95.0076,-95.0076,Galveston,9,0,0,0,0,0,0,0,0,0,0,0,0,0,0,0,0,0,1,0,0,0,0,0,0,0,0,0,0,0,0,0,1,0,0,0,0,3,0,0,0,2017-08-28 23:39:00,2157,0,0,0,0,1,0,0,0,1,0,0,1,0,0,1,0.0
177,29.5031,29.503,-95.11399999999999,-95.1142,Galveston,9,0,0,0,0,0,0,0,0,0,0,1,0,0,0,0,0,0,0,0,0,0,0,0,0,0,0,0,0,0,0,0,0,1,0,0,0,3,0,0,0,2017-08-29 06:55:00,3276,1,0,0,0,0,0,0,1,0,0,0,1,0,1,0,25.560000000000002
178,29.6975,29.6973,-95.2886,-95.2892,Harris,2,1,1,0,0,0,0,0,0,0,0,1,0,0,0,0,0,0,0,0,0,0,0,0,0,0,0,0,0,0,0,0,0,0,0,0,3,0,0,0,0,2017-08-26 22:49:00,3831,0,0,0,0,1,0,0,1,0,0,0,1,0,0,1,23.32
179,29.74454,29.74454,-95.36246,-95.36246,Harris,8,0,0,0,0,0,0,0,0,0,0,1,0,0,0,0,0,0,0,0,0,0,0,0,0,0,0,0,0,0,0,0,0,0,0,0,0,0,0,0,0,2017-08-27 01:30:00,3927,0,0,1,0,0,0,0,0,1,0,0,1,0,1,0,44.68
180,29.749740000000003,29.749740000000003,-95.3719,-95.3719,Harris,9,0,0,0,0,0,0,0,0,0,0,1,0,0,0,0,0,0,0,0,0,0,0,0,0,0,0,0,0,0,0,0,0,0,0,0,0,0,1,0,0,2017-08-27 03:35:00,6346,0,0,1,0,0,0,0,1,0,0,0,1,0,0,1,44.68
181,29.72223,29.72223,-95.32755999999999,-95.32755999999999,Harris,2,0,0,0,0,0,0,0,0,0,0,1,0,0,0,0,0,0,0,0,0,0,0,0,0,0,0,0,0,0,0,0,0,0,0,0,0,3,0,0,0,2017-08-27 05:04:00,3714,1,0,0,0,0,0,0,1,0,0,0,1,0,0,1,23.240000000000002
182,29.75771,29.75771,-95.37486,-95.37486,Harris,2,1,1,0,0,0,0,0,0,0,0,1,0,0,0,0,0,0,0,0,0,0,0,0,0,0,0,0,0,0,0,0,0,0,0,0,0,0,0,0,0,2017-08-27 05:42:00,3473,1,0,0,0,0,0,0,1,0,0,0,1,0,1,0,23.200000000000003
183,29.599,29.599,-95.1976,-95.1978,Harris,2,1,1,0,0,0,0,0,0,0,0,1,0,0,0,0,0,0,0,0,0,0,0,0,0,0,0,0,0,0,0,0,0,0,0,0,0,3,0,0,0,2017-08-27 08:36:00,5435,0,0,0,1,0,0,0,1,0,0,0,1,0,0,1,25.96
184,29.599,29.599,-95.1976,-95.1978,Harris,2,1,1,0,0,0,0,0,0,0,0,1,0,0,0,0,0,0,0,0,0,0,0,0,0,0,0,0,0,0,0,0,0,0,0,0,0,3,0,0,0,2017-08-27 08:37:00,5414,0,0,0,1,0,0,0,0,1,0,0,1,0,0,1,25.96
185,29.6691,29.6689,-95.2622,-95.2625,Harris,2,0,0,0,0,0,0,0,0,0,0,1,0,0,0,0,0,0,0,0,0,0,0,0,0,0,0,0,0,0,0,0,0,0,0,0,0,3,0,0,0,2017-08-27 18:29:00,186,0,1,0,0,0,0,0,0,1,0,0,1,0,0,1,15.27
186,29.641,29.6408,-95.2432,-95.2434,Harris,2,1,1,0,0,0,0,0,0,0,1,1,0,0,0,0,0,0,0,0,0,0,0,0,0,0,0,0,0,0,0,0,0,0,0,0,0,2,0,0,0,2017-08-27 18:32:00,2945,0,1,0,0,0,0,0,0,1,0,0,1,0,0,1,85.52000000000001
187,29.5867,29.5866,-95.1843,-95.1844,Harris,2,0,0,0,0,0,0,0,0,0,0,1,0,0,0,0,0,0,0,0,0,0,0,0,0,0,0,0,0,0,0,0,0,0,0,0,0,3,0,0,0,2017-08-27 18:33:00,1004,0,1,0,0,0,0,0,0,1,0,0,1,0,0,1,0.0
188,29.5867,29.5866,-95.1843,-95.1844,Harris,2,0,0,0,0,0,0,0,0,0,0,1,0,0,0,0,0,0,0,0,0,0,0,0,0,0,0,0,0,0,0,0,0,0,0,0,0,3,0,0,0,2017-08-27 18:34:00,1000,0,1,0,0,0,0,0,1,0,0,0,1,0,0,1,0.0
189,29.5536,29.5535,-95.154,-95.1542,Harris,2,1,1,0,0,0,0,0,0,0,1,1,0,0,0,0,0,0,0,0,0,0,0,0,0,0,0,0,0,0,0,0,0,0,0,0,0,3,0,0,0,2017-08-27 18:35:00,122,0,1,0,0,0,0,0,1,0,0,0,1,0,0,1,57.760000000000005
190,29.5696,29.5695,-95.1688,-95.1689,Harris,2,0,0,0,0,0,0,0,0,0,0,1,0,0,0,0,0,0,0,0,0,0,0,0,0,0,0,0,0,0,0,0,0,0,0,0,0,3,0,0,0,2017-08-27 18:37:00,3828,0,1,0,0,0,0,0,0,1,0,0,1,0,0,1,0.0
191,29.5696,29.5695,-95.1688,-95.1689,Harris,2,0,0,0,0,0,0,0,0,0,0,1,0,0,0,0,0,0,0,0,0,0,0,0,0,0,0,0,0,0,0,0,0,0,0,0,0,3,0,0,0,2017-08-27 18:38:00,3825,0,1,0,0,0,0,0,1,0,0,0,1,0,0,1,0.0
192,29.5536,29.5535,-95.154,-95.1542,Harris,2,1,1,0,0,0,0,0,0,0,0,1,0,0,0,0,0,0,0,0,0,0,0,0,0,0,0,0,0,0,0,0,0,0,0,0,0,3,0,0,0,2017-08-27 18:41:00,998,0,1,0,0,0,0,0,0,1,0,0,1,0,0,1,57.760000000000005
193,29.75771,29.75771,-95.37486,-95.37486,Harris,2,0,0,0,0,0,0,0,0,0,0,1,0,0,0,0,0,0,0,0,0,0,0,0,0,0,0,0,0,0,0,0,0,0,0,0,0,0,0,0,0,2017-08-27 22:24:00,2471,0,0,0,0,1,0,0,0,1,0,0,1,0,1,0,23.200000000000003
194,29.78995188,29.78995793,-95.37180814,-95.37180814,Harris,6,1,1,0,0,0,0,0,0,0,0,1,0,1,0,0,0,0,0,0,0,0,0,0,0,0,0,0,0,0,0,0,0,1,0,0,1,0,0,0,1,2017-08-26 07:03:00,504,1,0,0,0,0,0,0,0,1,0,0,1,0,0,1,0.0
195,29.78995188,29.78995793,-95.37180814,-95.37180814,Harris,2,1,1,0,0,0,0,0,0,0,0,1,0,0,0,0,0,0,0,0,0,0,0,0,0,0,0,0,0,0,0,0,0,1,0,0,1,0,0,0,1,2017-08-26 07:55:00,422,1,0,0,0,0,0,0,1,0,0,0,1,0,0,1,0.0
196,29.99780858,29.99778517,-95.42550385,-95.42550385,Harris,2,1,1,0,0,0,0,0,0,0,0,1,0,0,0,0,0,0,0,0,0,0,0,0,0,0,0,0,0,0,0,0,0,0,0,0,0,3,1,0,0,2017-08-26 08:35:00,319,0,0,0,1,0,0,0,1,0,0,0,1,0,0,1,23.520000000000003
197,29.84572,29.84572,-95.39296999999999,-95.39296999999999,Harris,2,1,1,0,0,0,0,0,0,0,0,1,0,0,0,0,0,0,0,0,0,0,0,0,0,0,0,0,0,0,0,0,0,0,0,0,0,1,0,0,0,2017-08-26 09:13:00,346,0,0,0,1,0,0,0,0,1,0,0,0,1,0,1,13.52
198,29.78995188,29.78995793,-95.37180814,-95.37180814,Harris,2,1,1,0,0,0,0,0,0,0,1,1,0,0,0,0,0,0,0,0,0,0,0,0,0,0,0,0,0,0,0,0,0,0,0,0,2,0,0,0,0,2017-08-26 22:33:00,4167,0,0,0,0,1,0,0,0,1,0,0,1,0,0,1,0.0
199,29.83318,29.83318,-95.38438000000001,-95.38438000000001,Harris,3,1,1,0,0,0,0,0,0,0,1,1,0,0,0,0,0,0,0,0,0,0,0,0,0,0,0,0,0,0,0,0,0,0,0,0,0,3,0,0,0,2017-08-26 22:32:00,1250,0,0,0,0,1,0,0,1,0,0,0,1,0,0,1,8.280000000000001
200,29.84572,29.84572,-95.39296999999999,-95.39296999999999,Harris,3,1,1,0,0,0,0,0,0,0,1,1,0,0,0,0,0,0,0,0,0,0,0,0,0,0,0,0,0,0,0,0,0,0,0,0,0,4,0,0,0,2017-08-26 22:36:00,1254,0,0,0,0,1,0,0,0,1,0,0,1,0,0,1,13.52
201,29.87,29.87,-95.4079,-95.4077,Harris,6,1,1,0,0,0,1,0,0,0,1,1,0,1,0,0,0,0,0,0,0,0,0,0,0,0,0,0,0,0,0,0,0,0,0,0,0,0,0,0,0,2017-08-26 22:36:00,1253,0,0,0,0,1,0,0,0,1,0,0,1,0,0,1,16.92
202,29.84572,29.84572,-95.39296999999999,-95.39296999999999,Harris,2,1,1,0,0,0,0,0,0,0,1,1,0,0,0,0,0,0,0,0,0,0,0,0,0,0,0,0,0,0,0,0,0,0,0,0,0,3,0,0,0,2017-08-26 22:38:00,1250,0,0,0,0,1,0,0,1,0,0,0,1,0,0,1,13.52
203,29.78995188,29.78995793,-95.37180814,-95.37180814,Harris,2,1,1,0,0,0,0,0,0,0,1,1,0,0,0,0,0,0,0,0,0,0,0,0,0,0,0,0,0,0,0,0,0,0,0,0,2,0,0,0,1,2017-08-26 23:33:00,4124,0,0,0,0,1,0,0,1,0,0,0,1,0,0,1,0.0
204,29.89821,29.89821,-95.41209,-95.41209,Harris,2,1,1,0,0,0,0,0,0,0,0,1,0,0,0,0,0,0,0,0,0,0,0,0,0,0,0,0,0,0,0,0,0,0,0,0,0,2,0,0,0,2017-08-26 23:39:00,1181,0,0,0,0,1,0,0,1,0,0,0,1,0,0,1,0.0
205,29.99780858,29.99778517,-95.42550385,-95.42550385,Harris,2,1,1,0,0,0,0,0,0,0,1,1,0,0,0,0,0,0,0,0,0,0,0,0,0,0,0,0,0,0,0,0,0,0,0,0,0,3,0,0,0,2017-08-27 07:41:00,3662,1,0,0,0,0,0,0,1,0,0,1,0,0,0,1,71.68
206,29.99780858,29.99778517,-95.42550385,-95.42550385,Harris,2,1,1,0,0,0,0,0,0,0,1,1,0,0,0,0,0,0,0,0,0,0,0,0,0,0,0,0,0,0,0,0,0,0,0,0,0,3,0,0,0,2017-08-27 07:43:00,3662,1,0,0,0,0,0,0,0,1,0,0,0,1,0,1,71.68
207,29.89821,29.89821,-95.41209,-95.41209,Harris,2,1,1,0,0,0,0,0,0,0,1,1,0,0,0,0,0,0,0,0,0,0,0,0,0,0,0,0,0,0,0,0,0,0,0,0,0,3,0,0,0,2017-08-27 12:47:00,3366,0,0,0,0,0,1,0,0,1,0,0,1,0,0,1,0.0
208,29.87642246,29.87645472,-95.41138178,-95.41138178,Harris,2,1,1,0,0,0,0,0,0,0,1,1,0,0,0,0,0,0,0,0,0,0,0,0,0,0,0,0,0,0,0,0,0,0,0,0,0,3,0,0,0,2017-08-27 15:55:00,2865,0,0,0,0,0,1,0,1,0,0,0,1,0,0,1,49.800000000000004
209,29.87642246,29.87645472,-95.41138178,-95.41138178,Harris,2,1,1,0,0,0,0,0,0,0,1,1,0,0,0,0,0,0,0,0,0,0,0,0,0,0,0,0,0,0,0,0,0,0,0,0,0,0,0,0,0,2017-08-27 15:55:00,3132,0,0,0,0,0,1,0,0,1,0,0,1,0,0,1,49.800000000000004
210,29.9407,29.9407,-95.4141,-95.4138,Harris,2,1,1,0,0,0,0,0,0,0,1,1,0,0,0,0,0,0,0,0,0,0,0,0,0,0,0,0,0,0,0,0,0,0,0,0,0,0,0,0,0,2017-08-27 16:12:00,3476,0,1,0,0,0,0,0,0,1,0,0,1,0,0,1,48.519999999999996
211,30.05253285,30.05252357,-95.43180167,-95.43180167,Harris,2,1,1,0,0,0,0,0,0,0,1,1,0,0,0,0,0,0,0,0,0,0,0,0,0,0,0,0,0,0,0,0,0,0,0,0,0,3,0,0,0,2017-08-27 17:58:00,4839,0,1,0,0,0,0,0,0,1,0,0,1,0,0,1,24.16
212,30.05253285,30.05252357,-95.43180167,-95.43180167,Harris,2,1,1,0,0,0,0,0,0,0,1,1,0,0,0,0,0,0,0,0,0,0,0,0,0,0,0,0,0,0,0,0,0,0,0,0,0,3,0,0,0,2017-08-27 18:04:00,4802,0,1,0,0,0,0,0,1,0,0,0,1,0,0,1,24.16
213,29.91512,29.91512,-95.41241,-95.41241,Harris,2,0,0,0,0,0,0,0,0,0,0,1,0,0,0,0,0,0,0,0,0,0,0,0,0,0,0,0,0,0,0,0,0,0,0,0,0,3,0,0,0,2017-08-27 18:25:00,2896,0,1,0,0,0,0,0,0,1,0,0,1,0,0,1,48.519999999999996
214,29.91512,29.91512,-95.41241,-95.41241,Harris,2,0,0,0,0,0,0,0,0,0,0,1,0,0,0,0,0,0,0,0,0,0,0,0,0,0,0,0,0,0,0,0,0,0,0,0,0,0,0,0,0,2017-08-27 18:27:00,2895,0,1,0,0,0,0,0,1,0,0,0,1,0,0,1,48.519999999999996
215,29.76380069,29.76377295,-95.36929675,-95.36929675,Harris,2,0,0,0,0,0,0,0,0,0,0,1,0,0,0,0,0,0,0,0,0,0,0,0,0,0,0,0,0,0,0,0,0,1,0,0,0,0,1,0,0,2017-08-31 09:12:00,689,0,0,0,1,0,0,0,1,0,0,0,1,0,0,1,0.0
216,29.7757,29.7757,-95.2641,-95.2639,Harris,2,1,1,0,0,0,0,0,0,0,1,1,0,0,0,0,0,0,0,0,0,0,0,0,0,0,0,0,0,0,0,0,0,0,0,0,0,0,1,0,0,2017-08-26 22:46:00,3862,0,0,0,0,1,0,0,1,0,0,0,1,0,0,1,11.64
217,29.7695,29.7695,-95.2654,-95.2651,Harris,2,1,1,0,0,0,1,0,0,0,1,1,0,0,0,0,0,0,0,0,0,0,0,0,0,0,0,0,0,0,0,0,0,0,0,0,0,0,0,0,0,2017-08-26 23:00:00,3863,0,0,0,0,1,0,0,0,1,0,0,1,0,1,0,21.12
218,29.7383,29.7381,-95.2654,-95.2651,Harris,2,1,1,0,0,0,0,0,0,0,1,1,0,0,0,0,0,0,0,0,0,0,0,0,0,0,0,0,0,0,0,0,0,0,0,0,0,0,0,0,0,2017-08-26 23:01:00,3863,0,0,0,0,1,0,0,1,0,0,0,1,0,1,0,0.0
219,29.7383,29.7381,-95.2654,-95.2651,Harris,2,1,1,0,0,0,0,0,0,0,1,1,0,0,0,0,0,0,0,0,0,0,0,0,0,0,0,0,0,0,0,0,0,0,0,0,0,0,0,0,0,2017-08-26 23:02:00,3863,0,0,0,0,1,0,0,0,1,0,0,1,0,1,0,0.0
220,29.7265,29.7265,-95.2669,-95.2666,Harris,2,1,1,0,0,0,1,0,0,0,1,1,0,0,0,0,0,0,0,0,0,0,0,0,0,0,0,0,0,1,0,0,0,0,0,0,0,0,0,0,0,2017-08-26 23:19:00,3845,0,0,0,0,1,0,0,1,0,0,0,1,0,1,0,12.68
221,29.8043,29.8045,-95.2845,-95.2845,Harris,9,1,1,0,0,0,0,0,0,0,1,1,0,0,0,0,0,0,0,0,0,0,0,0,0,0,0,0,0,0,0,0,0,1,0,0,0,0,1,0,0,2017-08-26 10:27:00,14,0,0,0,1,0,0,0,0,0,1,0,1,0,0,1,10.84
222,29.8132,29.8149,-95.3752,-95.3752,Harris,2,1,1,0,0,0,0,0,0,0,1,1,0,0,0,0,0,0,0,0,0,0,0,0,0,0,0,0,0,0,0,0,0,0,0,0,0,0,1,0,0,2017-08-26 22:49:00,3874,0,0,0,0,1,0,1,0,0,0,0,1,0,0,1,25.92
223,29.7844,29.7844,-95.2649,-95.2649,Harris,2,1,1,0,0,0,1,0,0,0,0,1,0,0,0,0,0,0,0,0,0,0,0,0,0,0,0,0,0,0,0,0,0,0,0,0,0,3,0,0,0,2017-08-26 23:03:00,3865,0,0,0,0,1,0,0,0,0,1,0,1,0,0,1,21.240000000000002
224,29.7844,29.7844,-95.2649,-95.2649,Harris,2,1,1,0,0,0,0,0,0,0,0,1,0,0,0,0,0,0,0,0,0,0,0,0,0,0,0,0,0,0,0,0,0,0,0,0,0,3,0,0,0,2017-08-26 23:05:00,3861,0,0,0,0,1,0,1,0,0,0,0,1,0,0,1,21.240000000000002
225,29.7755,29.7755,-95.2641,-95.2641,Harris,2,1,1,0,0,0,1,0,0,0,1,1,0,0,0,0,0,0,0,0,0,0,0,0,0,0,0,0,0,0,0,0,0,0,0,0,0,0,0,0,0,2017-08-26 23:28:00,3834,0,0,0,0,1,0,1,0,0,0,1,0,0,1,0,11.64
226,29.8129,29.8131,-95.3993,-95.3993,Harris,2,1,1,0,0,0,0,0,0,0,1,1,0,0,0,0,0,0,0,0,0,0,0,0,0,0,0,0,0,0,0,0,0,0,0,0,0,3,0,0,0,2017-08-27 00:10:00,3785,0,0,1,0,0,0,0,0,0,1,0,1,0,0,1,25.12
227,29.8093,29.8095,-95.3171,-95.3171,Harris,2,1,1,0,0,0,0,0,0,0,1,1,0,0,0,0,0,0,0,0,0,0,0,0,0,0,0,0,0,0,0,0,0,0,0,0,0,3,0,0,0,2017-08-27 14:11:00,2942,0,0,0,0,0,1,1,0,0,0,0,1,0,1,0,28.04
228,29.8093,29.8095,-95.3171,-95.3171,Harris,2,1,1,0,0,0,0,0,0,0,1,1,0,0,0,0,0,0,0,0,0,0,0,0,0,0,0,0,0,0,0,0,0,0,0,0,0,3,0,0,0,2017-08-27 14:12:00,2938,0,0,0,0,0,1,0,0,0,1,0,1,0,1,0,28.04
229,29.8073,29.8076,-95.3018,-95.3018,Harris,2,0,0,0,0,0,0,0,0,0,0,1,0,0,0,0,0,0,0,0,0,0,0,0,0,0,0,0,0,0,0,0,0,0,0,0,0,3,0,0,0,2017-08-27 19:52:00,2599,0,1,0,0,0,0,1,0,0,0,0,1,0,0,1,28.04
230,29.8073,29.8076,-95.3018,-95.3018,Harris,2,0,0,0,0,0,0,0,0,0,0,1,0,0,0,0,0,0,0,0,0,0,0,0,0,0,0,0,0,0,0,0,0,0,0,0,0,3,0,0,0,2017-08-27 19:53:00,2596,0,1,0,0,0,0,0,0,0,1,0,1,0,0,1,28.04
231,29.680999999999997,29.6807,-95.3665,-95.3666,Harris,2,1,1,0,0,0,0,0,0,0,1,1,0,0,0,0,0,0,0,0,0,0,0,0,0,0,0,0,0,0,0,0,0,0,0,0,0,3,0,0,0,2017-08-26 23:36:00,3827,0,0,0,0,1,0,1,0,0,0,0,1,0,0,1,23.560000000000002
232,29.6857,29.6856,-95.3408,-95.3408,Harris,2,1,1,0,0,0,0,0,0,0,0,1,0,0,0,0,0,0,0,0,0,0,0,0,0,0,0,0,0,0,0,0,0,0,0,0,0,3,0,0,0,2017-08-26 23:38:00,3826,0,0,0,0,1,0,1,0,0,0,0,1,0,0,1,19.28
233,29.6889,29.6888,-95.3321,-95.33200000000001,Harris,2,1,1,0,0,0,0,0,0,0,1,1,0,0,0,0,0,0,0,0,0,0,0,0,0,0,0,0,0,0,0,0,0,0,0,0,0,3,0,0,0,2017-08-26 23:40:00,3825,0,0,0,0,1,0,1,0,0,0,0,1,0,0,1,19.28
234,29.6889,29.6888,-95.3321,-95.33200000000001,Harris,2,1,1,0,0,0,0,0,0,0,1,1,0,0,0,0,0,0,0,0,0,0,0,0,0,0,0,0,0,0,0,0,0,0,0,0,0,3,0,0,0,2017-08-26 23:41:00,3817,0,0,0,0,1,0,0,0,0,1,0,1,0,0,1,19.28
235,29.6971,29.6969,-95.3107,-95.3108,Harris,2,1,1,0,0,0,0,0,0,0,1,1,0,0,0,0,0,0,0,0,0,0,0,0,0,0,0,0,0,0,0,0,0,0,0,0,0,3,0,0,0,2017-08-26 23:45:00,3812,0,0,0,0,1,0,1,0,0,0,0,1,0,0,1,23.32
236,29.695,29.6948,-95.3192,-95.3191,Harris,2,1,1,0,0,0,0,0,0,0,1,1,0,0,0,0,0,0,0,0,0,0,0,0,0,0,0,0,0,0,0,0,0,0,0,0,0,3,0,0,0,2017-08-27 00:35:00,3756,0,0,1,0,0,0,1,0,0,0,0,1,0,0,1,38.03
237,29.6793,29.6792,-95.4536,-95.4556,Harris,2,1,1,0,0,0,0,0,0,0,0,1,0,0,0,0,0,0,0,0,0,0,0,0,0,0,0,0,0,0,0,0,0,0,0,0,0,0,1,0,0,2017-08-27 07:36:00,3339,1,0,0,0,0,0,0,0,0,1,0,1,0,1,0,21.68
238,29.7059,29.7059,-95.4593,-95.4595,Harris,6,1,1,0,0,0,0,0,0,0,1,1,0,1,0,0,0,0,0,0,0,0,0,0,0,0,0,0,0,0,0,0,0,0,0,0,0,4,0,0,0,2017-08-26 21:29:00,3943,0,0,0,0,1,0,0,0,1,0,0,1,0,0,1,22.439999999999998
239,29.7263,29.7263,-95.4603,-95.4605,Harris,10,1,1,0,0,0,0,0,0,0,1,1,0,0,0,0,0,0,0,0,0,0,0,0,0,0,0,0,0,0,0,0,0,0,0,0,0,2,0,0,0,2017-08-26 21:38:00,3934,0,0,0,0,1,0,0,1,0,0,0,1,0,0,1,18.96
240,29.7263,29.7263,-95.4603,-95.4605,Harris,2,1,1,0,0,0,0,0,0,0,0,1,0,0,0,0,0,0,0,0,0,0,0,0,0,0,0,0,0,0,0,0,0,0,0,0,0,0,0,0,0,2017-08-26 21:39:00,3930,0,0,0,0,1,0,0,0,1,0,0,1,0,0,1,18.96
241,29.6892,29.6892,-95.4589,-95.4592,Harris,2,1,1,0,0,0,1,0,0,0,1,1,0,0,0,0,0,0,0,0,0,0,0,0,0,0,0,0,0,0,0,0,0,0,0,0,0,3,0,0,0,2017-08-26 21:41:00,76,0,0,0,0,1,0,0,0,1,0,0,1,0,0,1,29.16
242,29.7167,29.7167,-95.4601,-95.4604,Harris,2,1,1,0,0,0,0,0,0,0,0,1,0,0,0,0,0,0,0,0,0,0,0,0,0,0,0,0,0,0,0,0,0,0,0,0,0,4,0,0,0,2017-08-26 22:09:00,3902,0,0,0,0,1,0,0,0,1,0,0,1,0,0,1,18.96
243,29.7117,29.7116,-95.46,-95.4603,Harris,2,0,0,0,0,0,0,0,0,0,0,1,0,0,0,0,0,0,0,0,0,0,0,0,0,0,0,0,0,0,0,0,0,0,0,0,0,3,0,0,0,2017-08-26 22:11:00,6,0,0,0,0,1,0,0,1,0,0,0,1,0,0,1,28.68
244,29.754,29.754,-95.4555,-95.4557,Harris,2,1,1,0,0,0,0,0,0,0,1,1,0,0,0,0,0,0,0,0,0,0,0,0,0,0,0,0,0,0,0,0,0,0,0,0,0,0,0,0,0,2017-08-27 14:45:00,2905,0,0,0,0,0,1,0,0,1,0,0,1,0,1,0,44.0
245,29.754,29.754,-95.4555,-95.4557,Harris,2,1,1,0,0,0,0,0,0,0,1,1,0,0,0,0,0,0,0,0,0,0,0,0,0,0,0,0,0,0,0,0,0,0,0,0,0,4,0,0,0,2017-08-27 15:04:00,2890,0,0,0,0,0,1,0,1,0,0,0,1,0,0,1,44.0
246,29.49431438,29.49431114,-95.91160125,-95.91160125,Fort_Bend,8,0,0,0,0,0,0,0,0,0,0,1,0,0,0,1,0,0,0,0,0,0,0,0,0,0,0,0,0,0,1,0,0,0,0,0,0,3,0,0,0,2017-08-25 22:19:00,6988,0,0,0,0,1,0,0,0,1,0,0,1,0,0,1,0.0
247,29.555969,29.555969,-95.717019,-95.717019,Fort_Bend,8,0,0,0,0,0,0,0,0,0,0,0,0,0,0,1,0,0,0,0,0,0,0,0,0,0,0,0,0,0,1,0,0,0,0,0,0,0,0,0,0,2017-08-26 05:09:00,150,1,0,0,0,0,0,0,0,1,0,0,1,0,1,0,0.0
248,29.534398,29.534398,-95.77647900000001,-95.77647900000001,Fort_Bend,8,0,0,0,0,0,0,0,0,0,0,0,0,0,0,0,1,0,0,0,0,0,0,0,0,0,0,0,0,0,1,0,0,0,0,0,0,0,0,0,0,2017-08-26 05:10:00,153,1,0,0,0,0,0,0,1,0,0,0,1,0,1,0,6.92
249,30.07,30.0699,-95.24700000000001,-95.24700000000001,Montgomery,8,0,0,0,0,0,0,0,0,0,0,0,0,0,0,0,1,0,0,0,0,0,0,0,0,0,0,0,0,0,1,0,0,0,0,0,0,3,0,0,0,2017-08-26 13:46:00,109,0,0,0,0,0,1,0,0,1,0,0,0,1,0,1,6.48
250,29.546653999999997,29.546653999999997,-95.746749,-95.746749,Fort_Bend,8,1,1,0,0,0,0,0,0,0,1,0,0,0,0,0,1,0,0,0,0,0,0,0,0,0,0,0,0,0,0,0,0,0,0,0,0,3,0,0,0,2017-08-26 19:01:00,244,0,1,0,0,0,0,0,0,1,0,0,1,0,1,0,6.92
251,29.534398,29.534398,-95.77647900000001,-95.77647900000001,Fort_Bend,8,1,1,0,0,0,0,0,0,0,1,0,0,0,0,0,1,0,0,0,0,0,0,0,0,0,0,0,0,0,1,0,0,0,0,0,0,0,0,0,0,2017-08-26 19:48:00,218,0,1,0,0,0,0,0,1,0,0,0,1,0,1,0,6.92
252,30.1045,30.1046,-95.2365,-95.2363,Montgomery,8,1,1,0,0,0,0,0,0,0,1,0,0,0,0,0,1,0,0,0,0,0,0,0,0,0,0,0,0,0,0,0,0,0,0,0,0,3,0,0,0,2017-08-27 07:45:00,5806,1,0,0,0,0,0,0,0,1,0,0,1,0,0,1,0.0
253,29.546653999999997,29.546653999999997,-95.746749,-95.746749,Fort_Bend,8,0,0,0,0,0,0,0,0,0,0,0,0,0,0,1,0,0,0,0,0,0,0,0,0,0,0,0,0,1,0,0,0,1,0,2,0,0,0,0,0,2017-08-27 11:50:00,4736,0,0,0,1,0,0,0,1,0,0,0,1,0,1,0,17.71
254,29.546653999999997,29.546653999999997,-95.746749,-95.746749,Fort_Bend,8,0,0,0,0,0,0,0,0,0,0,0,0,0,0,1,0,0,0,0,0,0,0,0,0,0,0,0,0,1,0,0,0,0,0,1,0,0,0,0,0,2017-08-27 11:53:00,4737,0,0,0,1,0,0,0,0,1,0,0,1,0,1,0,17.71
255,30.2688,30.2688,-95.1389,-95.1389,Montgomery,8,1,1,0,0,0,0,0,0,0,1,0,0,0,0,0,0,0,1,0,0,0,0,0,0,0,0,0,0,0,0,0,0,0,0,0,0,0,0,0,0,2017-08-28 07:48:00,4363,1,0,0,0,0,0,0,0,1,0,0,1,0,1,0,0.0
256,29.580903000000003,29.580903000000003,-95.648076,-95.648076,Fort_Bend,9,1,1,0,0,0,0,0,0,0,1,0,0,0,0,0,0,0,0,0,0,0,0,0,0,0,0,0,0,0,0,0,0,0,0,0,0,0,1,0,0,2017-08-28 23:24:00,2604,0,0,0,0,1,0,0,1,0,0,0,1,0,0,1,8.28
257,29.568156,29.568156,-95.66832099999999,-95.66832099999999,Fort_Bend,10,1,0,0,0,0,0,0,0,0,0,1,0,0,0,0,0,0,0,0,0,0,0,0,0,0,0,0,0,0,0,0,0,0,0,0,0,1,0,0,0,2017-08-28 23:23:00,2605,0,0,0,0,1,0,0,0,1,0,0,1,0,0,1,0.0
258,29.568156,29.568156,-95.66832099999999,-95.66832099999999,Fort_Bend,10,0,0,0,0,0,0,0,0,0,0,1,0,0,0,0,0,0,0,0,0,0,0,0,0,0,0,0,0,0,0,0,0,0,0,0,0,1,0,0,0,2017-08-28 23:10:00,4165,0,0,0,0,1,0,0,1,0,0,0,1,0,0,1,0.0
259,29.90271639,29.90269869,-95.31161554,-95.31161554,Harris,6,1,1,0,0,0,0,0,0,0,0,1,0,1,0,0,0,0,0,0,0,0,0,0,0,0,0,0,0,0,1,0,0,0,0,0,0,2,0,0,0,2017-08-26 09:12:00,34,0,0,0,1,0,0,0,0,1,0,0,1,0,0,1,19.560000000000002
260,29.74062,29.74062,-95.3662,-95.3662,Harris,9,1,1,0,0,0,0,0,0,0,1,1,0,0,0,0,0,0,0,0,0,0,0,0,0,0,0,0,0,0,0,0,0,0,0,0,0,0,0,0,0,2017-08-26 22:08:00,4985,0,0,0,0,1,0,0,0,1,0,0,1,0,0,1,7.2
261,29.91079293,29.91077165,-95.30958779,-95.30958779,Harris,8,1,1,0,0,0,0,0,0,0,1,1,0,0,0,0,0,0,0,0,0,0,0,0,0,0,0,0,0,0,0,0,0,0,0,0,0,4,0,0,0,2017-08-27 01:02:00,46,0,0,1,0,0,0,0,0,1,0,0,1,0,0,1,52.52
262,29.80831125,29.80831499,-95.33613575,-95.33613575,Harris,2,1,1,0,0,0,0,0,0,0,0,1,0,0,0,0,0,0,0,0,0,0,0,0,0,0,0,0,0,0,0,0,0,0,0,0,0,0,0,0,0,2017-08-27 01:06:00,4156,0,0,1,0,0,0,0,0,1,0,0,1,0,0,1,0.0
263,29.80831125,29.80831499,-95.33613575,-95.33613575,Harris,2,1,1,0,0,0,0,0,0,0,0,1,0,0,0,0,0,0,0,0,0,0,0,0,0,0,0,0,0,0,0,0,0,0,0,0,0,3,0,0,0,2017-08-27 01:17:00,31,0,0,1,0,0,0,0,0,1,0,0,1,0,0,1,0.0
264,30.0265,30.0265,-95.2589,-95.2589,Harris,2,1,1,0,0,0,0,0,0,0,1,1,0,0,0,0,0,0,0,0,0,0,0,0,0,0,0,0,0,0,0,0,0,0,0,0,0,1,0,0,0,2017-08-27 05:36:00,6684,1,0,0,0,0,0,0,1,0,0,0,1,0,1,0,0.0
265,29.96558299,29.96561492,-95.2844427,-95.2844427,Harris,2,1,1,0,0,0,0,0,0,0,1,1,0,0,0,0,0,0,0,0,0,0,0,0,0,0,0,0,0,0,0,0,0,0,0,0,0,2,0,0,0,2017-08-27 06:13:00,3834,1,0,0,0,0,0,0,0,1,0,0,1,0,0,1,27.72
266,29.9522907,29.95230545,-95.29034617,-95.29034617,Harris,2,1,1,0,0,0,0,0,0,0,1,1,0,0,0,0,0,0,0,0,0,0,0,0,0,0,0,0,0,0,0,0,0,0,0,0,0,3,0,0,0,2017-08-27 07:01:00,3678,1,0,0,0,0,0,0,0,1,0,0,1,0,0,1,27.72
267,29.9522907,29.95230545,-95.29034617,-95.29034617,Harris,2,1,0,0,0,0,0,0,0,0,0,1,0,0,0,0,0,0,0,0,0,0,0,0,0,0,0,0,0,0,0,0,0,0,0,0,0,3,0,0,0,2017-08-27 07:02:00,3677,1,0,0,0,0,0,0,1,0,0,0,1,0,0,1,27.72
268,29.813336600000003,29.81333267,-95.33519053,-95.33519053,Harris,2,1,1,0,0,0,0,0,0,0,0,1,0,0,0,0,0,0,0,0,0,0,0,0,0,0,0,0,0,0,0,0,0,0,0,0,0,0,0,0,0,2017-08-27 20:35:00,2596,0,0,0,0,1,0,0,1,0,0,0,1,0,1,0,24.8
269,29.813336600000003,29.81333267,-95.33519053,-95.33519053,Harris,2,1,1,0,0,0,0,0,0,0,0,1,0,0,0,0,0,0,0,0,0,0,0,0,0,0,0,0,0,0,0,0,0,0,0,0,0,0,0,0,0,2017-08-27 20:36:00,2592,0,0,0,0,1,0,0,0,1,0,0,1,0,1,0,24.8
270,29.79389311,29.79390242,-95.3397711,-95.3397711,Harris,2,0,0,0,0,0,0,0,0,0,0,1,0,0,0,0,0,0,0,0,0,0,0,0,0,0,0,0,0,0,0,0,0,0,0,0,0,3,0,0,0,2017-08-27 22:19:00,2735,0,0,0,0,1,0,0,1,0,0,0,1,0,0,1,0.0
271,30.0181,30.018,-95.2624,-95.2624,Harris,9,1,1,0,0,0,0,0,0,0,1,0,0,0,0,0,0,0,0,0,0,0,0,0,0,0,0,0,0,0,0,0,0,0,0,0,0,4,0,0,0,2017-08-28 20:28:00,4351,0,0,0,0,1,0,0,1,0,0,0,1,0,0,1,22.16
272,30.0265,30.0265,-95.2589,-95.2589,Harris,9,0,0,0,0,0,0,0,0,0,0,0,0,0,0,0,0,0,0,0,0,0,0,0,0,0,0,0,0,0,0,0,0,1,0,0,0,0,0,0,0,2017-08-28 23:49:00,4162,0,0,0,0,1,0,0,0,1,0,0,1,0,1,0,0.0
273,29.7444593,29.74444274,-95.36307635,-95.36307635,Harris,8,1,1,0,0,0,0,0,0,0,1,1,0,0,0,0,0,0,0,0,0,0,0,0,0,0,0,0,0,1,0,0,0,0,0,0,0,0,0,0,0,2017-08-29 02:09:00,2357,0,0,1,0,0,0,0,0,1,0,0,1,0,1,0,28.16
274,29.6613,29.6615,-95.5574,-95.5576,Harris,2,0,0,0,0,0,0,0,0,0,0,1,0,0,0,0,0,0,0,0,0,0,0,0,0,0,0,0,0,0,0,0,0,1,0,0,2,0,0,0,1,2017-08-26 01:58:00,118,0,0,1,0,0,0,0,1,0,0,0,0,1,0,1,45.04
275,29.6613,29.6615,-95.5574,-95.5576,Harris,6,1,1,0,0,0,0,0,0,0,1,0,0,1,0,0,0,0,0,0,0,0,0,0,0,0,0,1,0,0,0,0,0,0,0,0,0,3,0,0,0,2017-08-26 21:24:00,3970,0,0,0,0,1,0,0,0,1,0,0,1,0,0,1,45.04
276,29.7044,29.7045,-95.5129,-95.5132,Harris,2,1,1,0,0,0,1,0,0,0,1,1,0,0,0,0,0,0,0,0,0,0,0,0,0,0,0,0,0,0,0,0,0,0,0,0,0,3,0,0,0,2017-08-26 21:27:00,2249,0,0,0,0,1,0,0,1,0,0,0,1,0,0,1,20.16
277,29.6921,29.6922,-95.5269,-95.5272,Harris,2,1,1,0,0,0,0,0,0,0,1,1,0,0,0,0,0,0,0,0,0,0,0,0,0,0,0,0,0,0,0,0,0,0,0,0,0,3,0,0,0,2017-08-26 21:37:00,82,0,0,0,0,1,0,0,1,0,0,0,1,0,0,1,33.92
278,29.7238,29.7238,-95.4912,-95.4917,Harris,2,1,1,0,0,0,1,0,0,0,1,1,0,0,0,0,0,0,0,0,0,0,0,0,0,0,0,0,0,0,0,0,0,0,0,0,0,3,0,0,0,2017-08-26 21:38:00,2247,0,0,0,0,1,0,0,0,1,0,0,1,0,0,1,22.04
279,29.6759,29.6759,-95.5418,-95.5422,Harris,2,1,1,0,0,0,0,0,0,0,1,1,0,0,0,0,0,0,0,0,0,0,0,0,0,0,0,0,0,0,0,0,0,0,0,0,0,3,0,0,0,2017-08-26 21:39:00,79,0,0,0,0,1,0,0,1,0,0,0,1,0,0,1,20.2
280,29.7288,29.7291,-95.4415,-95.4415,Harris,2,1,1,0,0,0,0,0,0,0,0,1,0,0,0,0,0,0,0,0,0,0,0,0,0,0,0,0,0,0,0,0,0,0,0,0,0,4,0,0,0,2017-08-26 21:41:00,46,0,0,0,0,1,0,0,1,0,0,0,1,0,0,1,22.119999999999997
281,29.7258,29.7261,-95.4765,-95.4765,Harris,2,1,1,0,0,0,0,0,0,0,0,1,0,0,0,0,0,0,0,0,0,0,0,0,0,0,0,0,0,0,0,0,0,0,0,0,0,4,0,0,0,2017-08-26 21:44:00,2236,0,0,0,0,1,0,0,1,0,0,0,1,0,0,1,12.719999999999999
282,29.654,29.654,-95.5655,-95.5656,Harris,2,1,1,0,0,0,0,0,0,0,1,1,0,0,0,0,0,0,0,0,0,0,0,0,0,0,0,0,0,0,0,0,0,0,0,0,0,2,0,0,0,2017-08-26 21:57:00,3946,0,0,0,0,1,0,0,0,1,0,0,1,0,0,1,25.4
283,29.7447,29.7449,-95.3625,-95.3625,Harris,2,1,1,0,0,0,0,0,0,0,1,1,0,0,0,0,0,0,0,0,0,0,0,0,0,0,0,0,0,0,0,0,0,0,0,0,2,0,0,0,1,2017-08-26 22:09:00,4978,0,0,0,0,1,0,0,1,0,0,0,1,0,0,1,15.48
284,29.73398479,29.73407684,-95.37158509,-95.37158509,Harris,9,1,1,0,0,0,0,0,0,0,1,1,0,0,0,0,0,0,0,0,0,0,0,0,0,0,0,0,0,1,0,0,0,0,0,0,0,0,0,0,0,2017-08-26 22:53:00,5006,0,0,0,0,1,0,0,0,1,0,0,1,0,0,1,14.400000000000002
285,29.7288,29.729,-95.4606,-95.4606,Harris,6,1,1,0,0,0,0,0,0,0,0,1,0,1,0,0,0,0,0,0,0,0,0,0,0,0,0,0,0,0,0,0,0,0,0,0,0,0,1,0,0,2017-08-27 05:31:00,3742,1,0,0,0,0,0,0,1,0,0,0,1,0,1,0,33.71
286,29.7312,29.7309,-95.402,-95.4021,Harris,2,1,1,0,0,0,0,0,0,0,0,1,0,0,0,0,0,0,0,0,0,0,0,0,0,0,0,0,0,0,0,0,0,0,0,0,3,0,0,0,1,2017-08-27 05:58:00,3482,1,0,0,0,0,0,0,1,0,0,0,1,0,0,1,101.0
287,29.7288,29.729,-95.4606,-95.4606,Harris,2,0,0,0,0,0,0,0,0,0,0,1,0,0,0,0,0,0,0,0,0,0,0,0,0,0,0,0,0,0,0,0,0,0,0,0,3,0,0,0,1,2017-08-27 05:59:00,3712,1,0,0,0,0,0,0,1,0,0,0,1,0,0,1,33.71
288,29.654,29.654,-95.5655,-95.5656,Harris,2,1,1,0,0,0,0,0,0,0,0,1,0,0,0,0,0,0,0,0,0,0,0,0,0,0,0,0,0,0,0,0,0,0,0,0,0,3,0,0,0,2017-08-28 01:42:00,561,0,0,1,0,0,0,0,0,1,0,0,1,0,0,1,43.04
289,30.043490000000002,30.043490000000002,-95.25028,-95.25028,Montgomery,9,0,0,0,0,0,0,0,0,0,0,0,0,0,0,0,0,0,0,0,0,0,0,0,0,0,0,0,0,0,0,0,0,1,0,0,0,0,0,0,0,2017-08-28 10:08:00,4217,0,0,0,1,0,0,0,1,0,0,0,1,0,1,0,22.16
290,29.528570000000002,29.528570000000002,-95.13096,-95.13096,Harris,2,1,1,0,0,0,0,0,0,0,0,1,0,0,0,0,0,0,0,0,0,0,0,0,0,0,0,0,0,0,0,0,0,0,0,0,0,0,0,0,0,2017-08-27 18:38:00,2935,0,1,0,0,0,0,1,0,0,0,0,1,0,0,1,86.6
291,29.528570000000002,29.528570000000002,-95.13096,-95.13096,Harris,2,1,1,0,0,0,0,0,0,0,0,1,0,0,0,0,0,0,0,0,0,0,0,0,0,0,0,0,0,0,0,0,0,0,0,0,0,0,0,0,0,2017-08-27 18:39:00,1756,0,1,0,0,0,0,0,0,0,1,0,1,0,1,0,86.6
292,29.28533304,29.28532368,-94.862913,-94.862913,Galveston,9,1,1,0,0,0,0,0,0,0,0,0,0,0,0,0,0,0,0,0,0,0,0,0,0,0,0,0,0,0,0,0,0,1,0,0,2,0,0,0,0,2017-08-25 14:34:00,3145,0,0,0,0,0,1,1,0,0,0,0,1,0,0,1,0.86
293,29.31435548,29.31434712,-94.7705656,-94.7705656,Galveston,9,0,0,0,0,0,0,0,0,0,0,0,0,0,0,0,0,0,0,0,0,0,0,0,0,0,0,0,0,0,0,0,0,1,0,0,2,0,0,0,0,2017-08-25 14:34:00,3146,0,0,0,0,0,1,0,0,0,1,0,1,0,0,1,0.0
294,30.32798,30.32798,-95.23931999999999,-95.23931999999999,Montgomery,9,1,1,0,0,0,0,0,0,0,0,0,0,0,0,0,1,0,0,0,0,0,0,0,0,0,0,0,0,0,0,0,0,0,0,0,1,0,0,0,0,2017-08-26 09:58:00,321,0,0,0,1,0,0,1,0,0,0,0,1,0,0,1,0.0
295,29.70836,29.70836,-95.01126,-95.01126,Harris,8,1,1,0,0,0,1,0,0,0,1,0,0,0,0,0,0,0,0,0,0,0,0,0,0,0,0,0,0,1,0,0,0,1,0,0,0,0,0,0,0,2017-08-28 17:32:00,209,0,1,0,0,0,0,0,0,1,0,0,1,0,1,0,0.0
296,29.7125,29.7123,-95.1973,-95.1973,Harris,6,1,1,0,0,0,0,0,0,0,1,1,0,0,0,0,0,0,0,0,0,0,0,0,0,0,0,0,0,0,0,0,0,1,0,0,0,3,0,0,0,2017-08-26 10:53:00,248,0,0,0,1,0,0,1,0,0,0,0,1,0,0,1,25.560000000000002
297,29.7125,29.7123,-95.1973,-95.1973,Harris,6,0,0,0,0,0,0,0,0,0,0,1,0,0,0,0,0,0,0,0,0,0,0,0,0,0,0,0,0,0,0,0,0,1,0,0,0,3,0,0,0,2017-08-26 10:54:00,248,0,0,0,1,0,0,0,0,0,1,0,1,0,0,1,25.560000000000002
298,29.7125,29.7123,-95.1973,-95.1973,Harris,10,1,1,0,0,0,0,0,0,0,0,0,0,0,0,0,0,0,0,0,0,0,0,0,0,0,0,0,0,0,0,0,0,0,0,0,0,3,0,0,0,2017-08-26 19:03:00,4503,0,1,0,0,0,0,1,0,0,0,0,1,0,0,1,25.560000000000002
299,29.7125,29.7123,-95.1973,-95.1973,Harris,10,1,1,0,0,0,0,0,0,0,0,0,0,0,0,0,0,0,0,0,0,0,0,0,0,0,0,0,0,0,0,0,0,0,0,0,0,3,0,0,0,2017-08-26 19:05:00,18,0,1,0,0,0,0,0,0,0,1,0,1,0,0,1,25.560000000000002
300,29.7077,29.7075,-95.2282,-95.2282,Harris,2,1,1,0,0,0,0,0,0,0,0,1,0,0,0,0,0,0,0,0,0,0,0,0,0,0,0,0,0,0,0,0,0,0,0,0,0,3,0,0,0,2017-08-26 23:19:00,4290,0,0,0,0,1,0,1,0,0,0,0,1,0,0,1,29.0
301,29.7104,29.7102,-95.22,-95.22,Harris,2,1,1,0,0,0,0,0,0,0,0,1,0,0,0,0,0,0,0,0,0,0,0,0,0,0,0,0,0,0,0,0,0,0,0,0,0,0,0,0,0,2017-08-26 23:21:00,5551,0,0,0,0,1,0,1,0,0,0,0,1,0,1,0,29.0
302,29.7104,29.7102,-95.22,-95.22,Harris,2,1,1,0,0,0,0,0,0,0,1,1,0,0,0,0,0,0,0,0,0,0,0,0,0,0,0,0,0,0,0,0,0,0,0,0,0,0,0,0,0,2017-08-26 23:22:00,5553,0,0,0,0,1,0,0,0,0,1,0,1,0,1,0,29.0
303,29.7098,29.7095,-95.2668,-95.2671,Harris,9,0,0,0,0,0,0,0,0,0,0,1,0,0,0,0,0,0,0,0,0,0,0,0,0,0,0,0,0,1,0,0,0,0,0,0,2,0,0,0,0,2017-08-28 23:02:00,1030,0,0,0,0,1,0,0,0,0,1,0,1,0,0,1,88.0
304,30.06681827,30.06683126,-95.62309997,-95.62309997,Harris,10,0,0,0,0,0,0,0,0,0,0,0,0,0,0,0,0,0,0,1,0,0,0,0,0,0,0,0,0,0,1,0,0,0,0,0,0,0,1,0,0,2017-08-27 15:33:00,3929,0,0,0,0,0,1,0,1,0,0,0,1,0,0,1,20.92
305,29.993000000000002,29.993000000000002,-95.5759,-95.5759,Harris,2,0,0,0,0,0,0,0,0,0,0,1,0,0,0,0,0,0,0,0,0,0,0,0,0,0,0,0,0,0,0,0,0,0,0,0,0,2,0,0,0,2017-08-28 18:54:00,3719,0,1,0,0,0,0,0,1,0,0,0,1,0,0,1,20.439999999999998
306,29.993000000000002,29.993000000000002,-95.5759,-95.5759,Harris,2,0,0,0,0,0,0,0,0,0,0,1,0,0,0,0,0,0,0,0,0,0,0,0,0,0,0,0,0,0,0,0,0,0,0,0,0,0,0,0,0,2017-08-28 18:58:00,3716,0,1,0,0,0,0,0,0,1,0,0,1,0,0,1,20.439999999999998
307,29.72221181,29.72221819,-95.37698243,-95.37698243,Harris,2,0,0,0,0,0,0,0,0,0,0,1,0,0,0,0,0,0,0,0,0,0,0,0,0,0,0,1,0,0,0,0,0,0,0,0,0,0,1,0,0,2017-08-26 07:12:00,79,1,0,0,0,0,0,0,1,0,0,0,1,0,0,1,8.24
308,29.4392,29.4392,-95.4277,-95.4277,Brazoria,9,1,1,0,0,0,1,0,0,0,1,0,0,0,0,0,0,0,0,1,0,0,0,0,0,0,0,0,0,0,0,0,0,0,0,0,0,2,0,0,0,2017-08-26 19:59:00,7202,0,1,0,0,0,0,0,1,0,0,0,1,0,0,1,0.0
309,29.7338,29.7336,-95.3709,-95.3713,Harris,2,1,1,0,0,0,0,0,0,0,1,1,0,0,0,0,0,0,0,0,0,0,0,0,0,0,0,0,0,1,0,0,0,0,0,0,0,0,0,0,0,2017-08-26 22:00:00,4867,0,0,0,0,1,0,0,0,1,0,0,1,0,1,0,14.400000000000002
310,29.6807,29.6807,-95.381,-95.381,Harris,2,0,0,0,0,0,0,0,0,0,0,1,0,0,0,0,0,0,0,0,0,0,0,0,0,0,0,0,0,0,0,0,0,0,0,1,0,0,1,0,0,2017-08-26 23:29:00,3988,0,0,0,0,1,0,0,1,0,0,0,1,0,0,1,13.72
311,29.668000000000003,29.668000000000003,-95.3828,-95.3828,Harris,2,0,0,0,0,0,0,0,0,0,0,1,0,0,0,0,0,0,0,0,0,0,0,0,0,0,0,0,0,0,0,0,0,0,0,0,0,2,0,0,0,2017-08-27 07:03:00,319,1,0,0,0,0,0,0,1,0,0,0,1,0,0,1,38.36
312,29.6436,29.6436,-95.387,-95.387,Harris,2,0,0,0,0,0,0,0,0,0,0,1,0,0,0,0,0,0,0,0,0,0,0,0,0,0,0,0,0,0,0,0,0,0,0,0,0,2,0,0,0,2017-08-27 07:05:00,321,1,0,0,0,0,0,0,0,1,0,0,1,0,0,1,37.0
313,29.59738775,29.59737941,-95.38657375,-95.38657375,Harris,2,0,0,0,0,0,0,0,0,0,0,1,0,0,0,0,0,0,0,0,0,0,0,0,0,0,0,0,0,0,0,0,0,0,0,0,0,3,0,0,0,2017-08-27 07:09:00,5783,1,0,0,0,0,0,0,0,1,0,0,1,0,0,1,31.560000000000002
314,29.59738775,29.59737941,-95.38657375,-95.38657375,Harris,2,0,0,0,0,0,0,0,0,0,0,1,0,0,0,0,0,0,0,0,0,0,0,0,0,0,0,0,0,0,0,0,0,0,0,0,0,3,0,0,0,2017-08-27 11:38:00,5509,0,0,0,1,0,0,0,1,0,0,0,1,0,0,1,31.560000000000002
315,29.668000000000003,29.668000000000003,-95.3828,-95.3828,Harris,2,0,0,0,0,0,0,0,0,0,0,1,0,0,0,0,0,0,0,0,0,0,0,0,0,0,0,0,0,0,0,0,0,0,0,0,0,3,0,0,0,2017-08-27 12:24:00,233,0,0,0,0,0,1,0,0,1,0,0,1,0,0,1,38.36
316,29.7338,29.7336,-95.3709,-95.3713,Harris,2,0,0,0,0,0,0,0,0,0,0,1,0,0,0,0,0,0,0,0,0,0,0,0,0,0,0,0,0,0,0,0,0,0,0,0,0,0,0,0,0,2017-08-27 12:41:00,2580,0,0,0,0,0,1,0,1,0,0,1,0,0,1,0,41.6
317,29.74228199,29.74238507,-95.36433315,-95.36433315,Harris,2,0,0,0,0,0,0,0,0,0,0,1,0,0,0,0,0,0,0,0,0,0,0,0,0,0,0,0,0,0,0,0,0,0,0,0,0,0,0,0,0,2017-08-27 12:43:00,2581,0,0,0,0,0,1,0,0,1,0,0,1,0,1,0,44.68
318,29.71244999,29.7125576,-95.37849191,-95.37849191,Harris,2,0,0,0,0,0,0,0,0,0,0,1,0,0,0,0,0,0,0,0,0,0,0,0,0,0,0,0,0,0,0,0,0,0,0,0,0,3,0,0,0,2017-08-27 14:03:00,1042,0,0,0,0,0,1,0,1,0,0,1,0,0,0,1,23.32
319,29.71244999,29.7125576,-95.37849191,-95.37849191,Harris,2,0,0,0,0,0,0,0,0,0,0,1,0,0,0,0,0,0,0,0,0,0,0,0,0,0,0,0,0,0,0,0,0,0,0,0,0,2,0,0,0,2017-08-27 14:04:00,1186,0,0,0,0,0,1,0,0,1,0,0,0,1,0,1,23.32
320,29.4826,29.4824,-95.40114,-95.40114,Brazoria,2,1,1,0,0,0,1,0,0,0,1,1,0,0,0,0,0,0,0,0,0,0,0,0,0,0,0,0,0,0,0,0,0,0,0,0,0,0,0,0,0,2017-08-27 22:13:00,4584,0,0,0,0,1,0,0,1,0,0,0,1,0,0,1,0.0
321,29.59738775,29.59737941,-95.38657375,-95.38657375,Harris,2,0,0,0,0,0,0,0,0,0,0,1,0,0,0,0,0,0,0,0,0,0,0,0,0,0,0,0,0,0,0,0,0,0,0,0,2,0,0,0,0,2017-08-28 14:36:00,1222,0,0,0,0,0,1,0,0,1,0,0,0,1,0,1,46.84
322,29.58032,29.58032,-95.38582,-95.38582,Brazoria,2,0,0,0,0,0,0,0,0,0,0,1,0,0,0,0,0,0,0,0,0,0,0,0,0,0,0,0,0,0,0,0,0,0,0,0,0,3,0,0,0,2017-08-28 17:18:00,2963,0,1,0,0,0,0,0,0,1,0,1,0,0,0,1,26.04
323,29.3516,29.3516,-95.4247,-95.4247,Brazoria,9,1,1,0,0,0,0,0,0,0,0,0,0,0,0,0,0,0,0,1,0,0,0,0,0,0,0,0,0,0,0,0,0,0,0,0,0,3,2,0,0,2017-08-28 17:52:00,4451,0,1,0,0,0,0,0,0,1,0,0,1,0,0,1,0.0
324,29.58032,29.58032,-95.38582,-95.38582,Brazoria,2,0,0,0,0,0,0,0,0,0,0,1,0,0,0,0,0,0,0,0,0,0,0,0,0,0,0,0,0,0,0,0,0,0,0,0,0,3,0,0,0,2017-08-28 19:06:00,2605,0,1,0,0,0,0,0,1,0,0,0,1,0,0,1,26.04
325,29.3169,29.3169,-95.4238,-95.4238,Brazoria,9,0,0,0,0,0,0,0,0,0,0,0,0,0,0,0,0,0,1,0,0,0,0,0,0,0,0,0,0,0,0,0,0,1,0,0,0,0,0,0,0,2017-08-29 01:49:00,1985,0,0,1,0,0,0,0,1,0,0,0,1,0,0,1,0.0
326,29.34157,29.34157,-94.93567,-94.93567,Galveston,8,1,1,0,0,0,0,0,0,0,1,0,0,0,0,1,0,0,0,0,0,0,0,0,0,0,0,0,0,0,0,0,0,0,0,0,0,0,0,0,0,2017-08-27 00:38:00,5186,0,0,1,0,0,0,0,1,0,0,0,1,0,1,0,0.0
327,29.34157,29.34157,-94.93567,-94.93567,Galveston,8,1,1,0,0,0,0,0,0,0,0,0,0,0,0,1,0,0,0,0,0,0,0,0,0,0,0,0,0,1,0,0,0,0,0,0,0,0,0,0,0,2017-08-27 00:40:00,5188,0,0,1,0,0,0,0,0,1,0,0,1,0,1,0,0.0
328,29.504410999999998,29.504410999999998,-95.092282,-95.092282,Galveston,8,1,1,0,0,0,0,0,0,0,1,0,0,0,0,0,0,0,1,0,0,0,0,0,0,0,0,0,0,0,0,0,0,0,0,0,0,0,0,0,0,2017-08-27 00:58:00,5167,0,0,1,0,0,0,0,1,0,0,0,1,0,1,0,25.84
329,29.504410999999998,29.504410999999998,-95.092282,-95.092282,Galveston,8,1,1,0,0,0,0,0,0,0,1,0,0,0,0,0,0,0,1,0,0,0,0,0,0,0,0,0,0,0,0,0,0,0,0,0,0,0,0,0,0,2017-08-27 01:03:00,5161,0,0,1,0,0,0,0,0,1,0,0,1,0,1,0,25.84
330,29.4525744,29.45249076,-95.04030068,-95.04030068,Galveston,9,0,0,0,0,0,0,0,0,0,0,0,0,0,0,0,0,0,1,0,0,0,0,0,0,0,0,0,0,0,0,0,0,1,0,0,0,0,0,0,0,2017-08-29 01:47:00,804,0,0,1,0,0,0,0,1,0,0,0,1,0,0,1,0.0
331,29.521420000000003,29.521420000000003,-95.260134,-95.260134,Brazoria,9,1,1,0,0,0,0,0,0,0,0,0,0,0,0,0,0,0,0,1,0,0,0,0,0,0,0,0,0,0,0,0,0,0,0,0,0,0,0,0,0,2017-08-27 01:03:00,6113,0,0,1,0,0,0,1,0,0,0,0,1,0,0,1,20.240000000000002
332,29.447490000000002,29.447490000000002,-95.238795,-95.238795,Brazoria,9,1,1,0,0,0,0,0,0,0,0,0,0,0,0,0,0,0,0,1,0,0,0,0,0,0,0,0,0,0,0,0,0,0,0,0,0,0,0,0,0,2017-08-27 22:34:00,3628,0,0,0,0,1,0,1,0,0,0,0,1,0,1,0,19.44
333,29.143226000000002,29.143226000000002,-95.637114,-95.637114,Brazoria,9,0,0,0,0,0,0,0,0,0,0,0,0,0,0,0,0,0,0,1,0,0,0,0,0,0,0,0,0,0,0,0,0,0,0,0,0,0,0,0,0,2017-08-28 17:29:00,4107,0,1,0,0,0,0,1,0,0,0,0,1,0,1,0,0.0
334,29.14712,29.14712,-95.658137,-95.658137,Brazoria,9,0,0,0,0,0,0,0,0,0,0,0,0,0,0,0,0,0,1,0,0,0,0,0,0,0,0,0,0,0,0,0,0,1,0,0,0,0,0,0,0,2017-08-29 01:54:00,3781,0,0,1,0,0,0,1,0,0,0,0,1,0,1,0,0.0
335,29.138058,29.138058,-95.653272,-95.653272,Brazoria,9,0,0,0,0,0,0,0,0,0,0,0,0,0,0,0,0,0,1,0,0,0,0,0,0,0,0,0,0,0,0,0,0,1,0,0,0,0,0,0,0,2017-08-28 10:33:00,4702,0,0,0,1,0,0,0,1,0,0,0,1,0,1,0,0.0
336,29.507385,29.507385,-95.46127,-95.46127,Fort_Bend,8,1,1,0,0,0,1,0,0,0,1,0,0,0,0,0,1,0,0,0,0,0,0,0,0,0,0,0,0,0,1,0,0,1,0,0,0,0,0,0,0,2017-08-26 21:16:00,6947,0,0,0,0,1,0,1,0,0,0,0,1,0,0,1,0.0
337,29.462909999999997,29.462909999999997,-95.34352,-95.34352,Brazoria,8,1,1,0,0,0,1,0,0,0,1,0,0,0,0,1,0,0,0,0,0,0,0,0,0,0,0,0,0,1,0,0,0,0,0,0,0,0,0,0,0,2017-08-26 21:40:00,6742,0,0,0,0,1,0,1,0,0,0,0,1,0,0,1,0.0
338,29.787979999999997,29.787979999999997,-95.6447,-95.6447,Harris,9,1,1,0,0,0,0,0,0,0,1,0,0,0,0,0,0,0,0,0,0,0,0,0,0,0,0,0,0,0,0,0,0,1,0,0,0,0,0,0,0,2017-08-27 06:45:00,6386,1,0,0,0,0,0,0,1,0,0,0,1,0,1,0,51.08
339,29.8132,29.8132,-95.6454,-95.6454,Harris,9,1,1,0,0,0,0,0,0,0,1,0,0,0,0,0,0,0,0,0,0,0,0,0,0,0,0,0,0,0,0,0,0,1,0,0,0,0,0,0,0,2017-08-27 06:48:00,6389,1,0,0,0,0,0,0,0,1,0,0,1,0,1,0,52.279999999999994
340,29.45412,29.45412,-95.31788,-95.31788,Brazoria,2,1,1,0,0,0,0,0,0,0,0,0,0,0,0,0,1,0,0,0,0,0,0,0,0,0,0,0,0,1,0,0,0,0,0,0,0,0,0,0,0,2017-08-27 09:48:00,6012,0,0,0,1,0,0,1,0,0,0,0,1,0,1,0,0.0
341,29.677184000000004,29.677184000000004,-95.643556,-95.643556,Fort_Bend,8,1,1,0,0,0,1,0,0,0,1,0,0,0,0,1,0,0,0,0,0,0,0,0,0,0,0,0,0,1,0,0,0,0,0,0,0,0,0,0,0,2017-08-27 13:35:00,5948,0,0,0,0,0,1,1,0,0,0,0,1,0,1,0,23.04
342,29.43853499,29.43853499,-95.27180423,-95.27180423,Brazoria,8,0,0,0,0,0,0,0,0,0,0,0,0,0,0,0,0,0,1,0,0,0,0,0,0,0,0,0,0,0,0,0,1,0,0,0,0,0,0,0,0,2017-08-27 20:12:00,5349,0,0,0,0,1,0,1,0,0,0,0,1,0,0,1,0.0
343,29.54969333,29.54965423,-94.38837158,-94.38837158,Galveston,9,1,1,0,0,0,0,0,0,0,0,0,0,0,0,0,0,0,0,0,0,0,0,0,0,0,0,0,0,0,0,0,0,1,0,0,1,0,0,0,1,2017-08-25 14:39:00,3146,0,0,0,0,0,1,0,0,1,0,0,1,0,0,1,3.19
344,29.50841144,29.50839277,-94.50027204,-94.50027204,Galveston,9,1,1,0,0,0,0,0,0,0,0,0,0,0,0,0,0,0,0,0,0,0,0,0,0,0,0,0,0,0,0,0,0,1,0,0,1,0,0,0,1,2017-08-25 14:47:00,3145,0,0,0,0,0,1,0,1,0,0,0,1,0,0,1,0.0
345,29.30934904,29.30932098,-94.76911407,-94.76911407,Galveston,9,0,0,0,0,0,0,0,0,0,0,0,0,0,0,0,0,0,0,0,0,0,0,0,0,0,0,0,0,0,0,0,0,1,0,0,0,0,0,0,0,2017-08-26 10:53:00,6009,0,0,0,1,0,0,0,0,1,0,0,1,0,1,0,0.0
346,29.32726764,29.32727196,-94.77320939,-94.77320939,Galveston,9,1,1,0,0,0,0,0,0,0,0,0,0,0,0,0,0,0,0,0,0,0,0,0,0,0,0,0,0,0,0,0,0,1,0,0,0,0,0,0,0,2017-08-26 10:55:00,6009,0,0,0,1,0,0,0,1,0,0,0,1,0,1,0,0.0
347,29.581482,29.581482,-95.67844000000001,-95.67844000000001,Fort_Bend,9,1,1,0,0,0,0,0,0,0,1,0,0,0,0,0,0,0,0,0,0,0,0,0,0,0,0,0,0,0,0,0,0,0,0,0,0,0,0,0,0,2017-08-28 23:22:00,3962,0,0,0,0,1,0,0,1,0,0,0,1,0,1,0,8.28
348,29.581482,29.581482,-95.67844000000001,-95.67844000000001,Fort_Bend,9,1,1,0,0,0,0,0,0,0,1,0,0,0,0,0,0,0,0,0,0,0,0,0,0,0,0,0,0,0,0,0,0,0,0,0,0,0,0,0,0,2017-08-28 23:23:00,3959,0,0,0,0,1,0,0,0,1,0,0,1,0,1,0,8.28
349,30.075340999999998,30.075340999999998,-95.55681899999999,-95.55681899999999,Harris,2,1,1,0,0,0,0,0,0,0,0,1,0,0,0,0,0,0,0,0,0,0,0,0,0,0,0,0,0,0,0,0,0,0,0,0,0,0,0,0,0,2017-08-27 15:20:00,2677,0,0,0,0,0,1,1,0,0,0,0,1,0,1,0,33.410000000000004
350,30.075340999999998,30.075340999999998,-95.55681899999999,-95.55681899999999,Harris,2,1,1,0,0,0,0,0,0,0,0,1,0,0,0,0,0,0,0,0,0,0,0,0,0,0,0,0,0,0,0,0,0,0,0,0,0,0,0,0,0,2017-08-27 15:21:00,2672,0,0,0,0,0,1,0,0,0,1,0,1,0,1,0,33.410000000000004
351,30.13744393,30.13744393,-95.30804728,-95.30804728,Montgomery,8,1,1,0,0,0,0,0,0,0,1,1,0,0,0,0,0,0,0,0,0,0,0,0,0,0,0,0,0,0,0,0,0,0,0,0,0,0,0,0,0,2017-08-27 19:46:00,3018,0,1,0,0,0,0,0,0,0,1,0,1,0,1,0,0.0
352,30.13744393,30.13744393,-95.30804728,-95.30804728,Montgomery,8,1,1,0,0,0,0,0,0,0,1,1,0,0,0,0,0,0,0,0,0,0,0,0,0,0,0,0,0,0,0,0,0,0,0,0,0,0,0,0,0,2017-08-27 19:46:00,3938,0,1,0,0,0,0,1,0,0,0,0,1,0,0,1,0.0
353,30.13756222,30.13764438,-95.29042172,-95.29042172,Montgomery,2,0,0,0,0,0,0,0,0,0,0,1,0,0,0,0,0,0,0,0,0,0,0,0,0,0,0,0,0,0,0,0,0,0,0,0,0,2,0,0,0,2017-08-27 19:53:00,3930,0,1,0,0,0,0,1,0,0,0,0,1,0,0,1,0.0
354,30.13756222,30.13764438,-95.29042172,-95.29042172,Montgomery,2,0,0,0,0,0,0,0,0,0,0,1,0,0,0,0,0,0,0,0,0,0,0,0,0,0,0,0,0,0,0,0,0,0,0,0,0,2,0,0,0,2017-08-27 19:54:00,3932,0,1,0,0,0,0,0,0,0,1,0,1,0,0,1,0.0
355,30.13756222,30.13764438,-95.29042172,-95.29042172,Montgomery,2,0,0,0,0,0,0,0,0,0,0,1,0,0,0,0,0,0,0,0,0,0,0,0,0,0,0,0,0,0,0,0,0,0,0,0,0,0,1,0,0,2017-08-28 11:38:00,1223,0,0,0,1,0,0,0,0,0,1,0,1,0,0,1,0.0
356,30.141196,30.141196,-95.338406,-95.338406,Montgomery,2,1,1,0,0,0,0,0,0,0,1,1,0,0,0,0,0,0,0,0,0,0,0,0,0,0,0,0,0,0,0,0,0,0,0,0,0,0,0,0,0,2017-08-29 08:02:00,1760,0,0,0,1,0,0,1,0,0,0,0,0,1,0,1,0.0
357,30.141196,30.141196,-95.338406,-95.338406,Montgomery,2,1,1,0,0,0,0,0,0,0,0,1,0,0,0,0,0,0,0,0,0,0,0,0,0,0,0,0,0,0,0,0,0,0,0,0,0,0,0,0,0,2017-08-29 08:05:00,1930,0,0,0,1,0,0,0,0,0,1,1,0,0,1,0,0.0
358,29.998957,29.998957,-95.768975,-95.768975,Harris,9,1,1,0,0,0,0,0,0,0,0,0,0,0,0,0,0,0,0,1,0,0,0,0,0,0,0,0,0,0,0,0,0,0,0,0,0,0,0,0,0,2017-08-27 01:34:00,4119,0,0,1,0,0,0,0,1,0,0,0,1,0,0,1,27.199999999999996
359,29.83169623,29.83173346,-95.76066809,-95.76066809,Harris,8,0,0,0,0,0,0,0,0,0,0,1,0,0,0,0,0,0,0,1,0,0,0,0,0,0,0,0,0,0,0,0,0,1,0,0,0,0,0,0,0,2017-08-27 12:55:00,3438,0,0,0,0,0,1,0,1,0,0,0,1,0,1,0,53.56
360,29.87528467,29.87527727,-95.75652727,-95.75652727,Harris,2,1,1,0,0,0,0,0,0,0,0,1,0,0,0,0,0,0,0,0,0,0,0,0,0,0,0,0,0,0,0,0,0,0,0,0,0,3,0,0,0,2017-08-27 18:50:00,3173,0,1,0,0,0,0,0,1,0,0,0,1,0,0,1,26.68
361,29.87528467,29.87527727,-95.75652727,-95.75652727,Harris,2,1,1,0,0,0,0,0,0,0,0,1,0,0,0,0,0,0,0,0,0,0,0,0,0,0,0,0,0,0,0,0,0,0,0,0,0,3,0,0,0,2017-08-27 18:51:00,3171,0,1,0,0,0,0,0,0,1,0,0,1,0,0,1,26.68
362,29.904441,29.904441,-95.758593,-95.758593,Harris,9,0,0,0,0,0,0,0,0,0,0,0,0,0,0,0,0,0,0,0,0,0,0,0,0,0,0,0,0,0,0,0,0,0,0,0,0,3,0,0,0,2017-08-27 18:54:00,3170,0,1,0,0,0,0,0,1,0,0,0,1,0,0,1,26.880000000000003
363,29.904441,29.904441,-95.758593,-95.758593,Harris,9,0,0,0,0,0,0,0,0,0,0,1,0,0,0,0,0,0,0,0,0,0,0,0,0,0,0,0,0,0,0,0,0,0,0,0,0,3,0,0,0,2017-08-27 18:55:00,3166,0,1,0,0,0,0,0,0,1,0,0,1,0,0,1,26.880000000000003
364,29.95951111,29.95942823,-95.76972834,-95.76972834,Harris,10,1,1,0,0,0,0,0,0,0,1,1,0,0,0,0,0,0,0,0,0,0,0,0,0,0,0,0,0,0,0,0,0,1,0,0,0,0,0,0,0,2017-08-28 03:14:00,2661,0,0,1,0,0,0,0,0,1,0,0,1,0,1,0,0.0
365,29.785428999999997,29.785428999999997,-95.777312,-95.777312,Harris,10,1,1,0,0,0,0,0,0,0,1,0,0,0,0,0,0,0,0,0,0,0,0,0,0,0,0,0,0,0,0,0,0,1,0,0,0,0,0,0,0,2017-08-28 03:25:00,2655,0,0,1,0,0,0,0,1,0,0,0,1,0,1,0,22.64
366,29.84622286,29.84623217,-95.75625929,-95.75625929,Harris,2,0,0,0,0,0,0,0,0,0,0,1,0,0,0,0,0,0,0,0,0,0,0,0,0,0,0,0,0,0,0,0,0,0,0,0,0,0,0,0,0,2017-08-29 08:57:00,882,0,0,0,1,0,0,0,0,1,0,0,1,0,1,0,16.59
367,29.6656,29.6656,-95.1558,-95.1556,Harris,10,0,0,0,0,0,0,0,0,0,0,0,0,0,0,0,1,0,0,0,0,0,0,0,0,0,0,0,0,0,1,0,0,0,0,0,2,0,1,1,2,2017-08-26 08:07:00,355,0,0,0,1,0,0,0,0,1,0,0,1,0,0,1,0.0
368,29.6815,29.6815,-95.1555,-95.1552,Harris,8,0,0,0,0,0,0,0,0,0,0,0,0,0,0,0,1,0,0,0,0,0,0,0,0,0,0,0,0,0,1,0,0,0,0,0,0,0,1,0,0,2017-08-26 08:23:00,85,0,0,0,1,0,0,0,1,0,0,0,1,0,0,1,9.36
369,29.6839,29.6838,-95.1547,-95.1545,Harris,8,0,0,0,0,0,0,0,0,0,0,0,0,0,0,0,1,0,0,0,0,0,0,0,0,0,0,0,0,0,1,0,0,0,0,0,0,0,1,0,0,2017-08-26 08:24:00,49,0,0,0,1,0,0,0,0,1,0,0,1,0,0,1,0.0
370,29.6498,29.6498,-95.1562,-95.1561,Harris,10,0,0,0,0,0,0,0,0,0,0,1,0,0,0,0,0,0,0,0,0,0,0,0,0,0,0,0,0,0,1,0,0,0,0,0,0,0,1,0,0,2017-08-26 23:01:00,3575,0,0,0,0,1,0,0,0,1,0,0,1,0,0,1,12.52
371,29.6656,29.6656,-95.1558,-95.1556,Harris,9,0,0,0,0,0,0,0,0,0,0,0,0,0,0,0,0,0,0,1,0,0,0,0,0,0,0,0,0,0,0,0,0,0,0,0,1,0,1,0,0,2017-08-26 23:22:00,3696,0,0,0,0,1,0,0,0,1,0,0,1,0,0,1,0.0
372,29.6839,29.6838,-95.1547,-95.1545,Harris,10,0,0,0,0,0,0,0,0,0,0,1,0,0,0,0,0,0,0,0,0,0,0,0,0,0,0,0,0,0,1,0,0,0,0,0,0,0,1,0,0,2017-08-26 23:30:00,773,0,0,0,0,1,0,0,0,1,0,0,1,0,0,1,0.0
373,29.6498,29.6498,-95.1562,-95.1561,Harris,10,0,0,0,0,0,0,0,0,0,0,1,0,0,0,0,0,0,0,0,0,0,0,0,0,0,0,0,0,0,1,0,0,0,0,0,0,0,1,0,0,2017-08-27 00:10:00,3490,0,0,1,0,0,0,0,1,0,0,0,1,0,0,1,27.4
374,29.6839,29.6838,-95.1547,-95.1545,Harris,10,0,0,0,0,0,0,0,0,0,0,0,0,0,0,0,1,0,0,0,0,0,0,0,0,0,0,0,0,0,1,0,0,0,0,1,0,0,1,0,0,2017-08-27 00:29:00,715,0,0,1,0,0,0,0,1,0,0,0,1,0,0,1,0.0
375,29.6656,29.6656,-95.1558,-95.1556,Harris,10,0,0,0,0,0,0,0,0,0,0,0,0,0,0,0,1,0,0,0,0,0,0,0,0,0,0,0,0,0,1,0,0,0,0,1,0,0,1,0,0,2017-08-27 00:30:00,3630,0,0,1,0,0,0,0,1,0,0,0,1,0,0,1,0.0
376,29.6815,29.6815,-95.1555,-95.1552,Harris,9,0,0,0,0,0,0,0,0,0,0,0,0,0,0,0,0,0,0,1,0,0,0,0,0,0,0,0,0,0,0,0,0,0,0,0,0,0,1,0,0,2017-08-27 02:06:00,4072,0,0,1,0,0,0,0,1,0,0,0,1,0,0,1,26.96
377,29.6498,29.6498,-95.1562,-95.1561,Harris,10,0,0,0,0,0,0,0,0,0,0,0,0,0,0,0,1,0,0,0,0,0,0,0,0,0,0,0,0,0,1,0,0,0,0,0,0,0,1,0,0,2017-08-27 09:07:00,2969,0,0,0,1,0,0,0,1,0,0,0,1,0,0,1,27.4
378,29.6498,29.6498,-95.1562,-95.1561,Harris,10,0,0,0,0,0,0,0,0,0,0,0,0,0,0,0,1,0,0,0,0,0,0,0,0,0,0,0,0,0,1,0,0,0,0,0,0,0,0,0,2,2017-08-27 09:33:00,168,0,0,0,1,0,0,0,1,0,0,0,1,0,0,1,27.4
379,29.6165,29.6163,-95.1918,-95.1917,Harris,10,0,0,0,0,0,0,0,0,0,0,0,0,0,0,0,1,0,0,0,0,0,0,0,0,0,0,0,0,0,1,0,0,0,0,0,0,0,1,0,0,2017-08-27 11:11:00,3525,0,0,0,1,0,0,0,0,1,0,0,1,0,0,1,55.2
380,29.85325,29.85325,-95.18693,-95.18693,Harris,10,0,0,0,0,0,0,0,0,0,0,0,0,0,0,0,0,0,0,1,0,0,0,0,0,0,0,0,0,0,0,0,0,0,0,0,0,0,1,0,0,2017-08-27 13:07:00,4105,0,0,0,0,0,1,0,0,1,0,0,1,0,0,1,24.36
381,29.88311,29.88311,-95.19779,-95.19779,Harris,10,0,0,0,0,0,0,0,0,0,0,0,0,0,0,0,1,0,0,0,0,0,0,0,0,0,0,0,0,0,1,0,0,0,1,0,0,3,1,0,2,2017-08-27 16:57:00,2741,0,1,0,0,0,0,0,1,0,0,0,1,0,0,1,53.6
382,29.85325,29.85325,-95.18693,-95.18693,Harris,10,0,0,0,0,0,0,0,0,0,0,0,0,0,0,0,1,0,0,0,0,0,0,0,0,0,0,0,0,0,1,0,0,0,1,0,0,4,2,0,2,2017-08-27 17:24:00,3844,0,1,0,0,0,0,0,1,0,0,0,1,0,0,1,24.36
383,29.88311,29.88311,-95.19779,-95.19779,Harris,9,0,0,0,0,0,0,0,0,0,0,0,0,0,0,0,1,0,0,1,0,0,0,0,0,0,0,0,0,0,1,0,0,0,1,0,0,4,2,0,2,2017-08-27 17:43:00,3824,0,1,0,0,0,0,0,1,0,0,0,1,0,0,1,53.6
384,29.6165,29.6163,-95.1918,-95.1917,Harris,10,0,0,0,0,0,0,0,0,0,0,0,0,0,0,0,1,0,0,0,0,0,0,0,0,0,0,0,0,0,1,0,0,0,0,1,0,0,1,0,0,2017-08-27 22:11:00,2867,0,0,0,0,1,0,0,0,1,0,0,1,0,0,1,55.2
385,29.6306,29.6306,-95.1703,-95.1702,Harris,9,0,0,0,0,0,0,0,0,0,0,0,0,0,0,0,0,0,0,1,0,0,0,0,0,0,0,0,0,0,1,0,0,0,0,1,0,0,1,0,0,2017-08-27 23:28:00,2103,0,0,0,0,1,0,0,1,0,0,0,1,0,0,1,25.96
386,29.90672,29.90672,-95.202279,-95.202279,Harris,9,0,0,0,0,0,0,0,0,0,0,0,0,0,0,0,0,0,0,1,0,0,0,0,0,0,0,0,0,0,1,0,0,0,1,0,0,4,0,0,2,2017-08-29 14:33:00,1137,0,0,0,0,0,1,0,0,1,0,0,1,0,0,1,0.0
387,29.88311,29.88311,-95.19779,-95.19779,Harris,9,0,0,0,0,0,0,0,0,0,0,0,0,0,0,0,0,0,0,1,0,0,0,0,1,0,0,0,0,1,1,0,0,0,1,0,0,4,2,0,2,2017-08-29 14:44:00,1125,0,0,0,0,0,1,0,0,1,0,0,1,0,0,1,29.16
388,29.92455,29.92455,-95.19978,-95.19978,Harris,9,0,0,0,0,0,0,0,0,0,0,0,0,0,0,0,1,0,0,1,0,0,1,0,0,0,0,0,0,0,1,0,0,0,1,0,0,4,2,0,2,2017-08-29 14:50:00,1119,0,0,0,0,0,1,0,0,1,0,0,1,0,0,1,8.25
389,29.93473,29.93473,-95.22574,-95.22574,Harris,8,0,0,0,0,0,0,0,0,0,0,0,0,0,0,0,1,0,0,0,0,0,0,0,0,0,0,0,0,0,1,0,0,0,0,0,0,0,1,0,0,2017-08-27 05:03:00,4577,1,0,0,0,0,0,0,0,0,1,0,1,0,0,1,21.56
390,29.9375,29.9377,-95.4599,-95.4599,Harris,10,0,0,0,0,0,0,0,0,0,0,1,0,0,0,0,0,0,0,0,0,0,0,0,0,0,0,0,0,0,1,0,0,0,0,0,0,0,1,0,0,2017-08-27 06:39:00,4484,1,0,0,0,0,0,0,0,0,1,0,1,0,0,1,0.0
391,29.9377,29.9379,-95.4323,-95.4323,Harris,3,0,0,0,0,0,0,0,0,0,0,1,0,0,0,0,1,0,0,0,0,0,0,0,0,0,0,0,0,0,1,0,0,0,0,0,0,3,0,0,0,2017-08-27 07:02:00,4460,1,0,0,0,0,0,0,0,0,1,0,1,0,0,1,48.519999999999996
392,29.93473,29.93473,-95.22574,-95.22574,Harris,10,0,0,0,0,0,0,0,0,0,0,0,0,0,0,0,1,0,0,0,0,0,0,0,0,0,0,0,0,0,1,0,0,0,0,0,0,0,1,0,0,2017-08-27 16:35:00,3885,0,1,0,0,0,0,1,0,0,0,0,1,0,0,1,21.56
393,29.93473,29.93473,-95.24953000000001,-95.24953000000001,Harris,10,0,0,0,0,0,0,0,0,0,0,0,0,0,0,0,1,0,0,0,0,0,0,0,0,0,0,0,0,0,1,0,0,0,0,0,0,0,1,0,0,2017-08-27 17:20:00,3840,0,1,0,0,0,0,1,0,0,0,0,1,0,0,1,45.92
394,29.6264,29.6262,-95.5177,-95.5182,Harris,9,0,0,0,0,0,0,0,0,0,0,0,0,0,0,0,1,0,0,1,0,0,0,0,0,0,0,0,0,0,1,0,0,0,0,0,0,0,1,0,0,2017-08-26 01:39:00,121,0,0,1,0,0,0,1,0,0,0,0,1,0,0,1,10.84
395,29.6264,29.6262,-95.5177,-95.5182,Harris,9,0,0,0,0,0,0,0,0,0,0,0,0,0,0,0,1,0,0,1,0,0,0,0,0,0,0,0,0,0,1,0,0,0,0,0,0,0,1,0,0,2017-08-26 01:43:00,117,0,0,1,0,0,0,0,0,0,1,0,1,0,0,1,10.84
396,29.6264,29.6262,-95.5177,-95.5182,Harris,9,0,0,0,0,0,0,0,0,0,0,0,0,0,0,0,0,0,0,1,0,0,0,0,0,0,0,0,0,0,1,0,0,0,0,0,0,0,1,0,0,2017-08-26 20:21:00,5,0,0,0,0,1,0,1,0,0,0,0,1,0,0,1,10.84
397,29.6264,29.6262,-95.5177,-95.5182,Harris,8,0,0,0,0,0,0,0,0,0,0,0,0,0,0,0,1,0,0,0,0,0,0,0,0,0,0,0,0,0,1,0,0,0,0,0,0,0,1,0,0,2017-08-26 20:22:00,5,0,0,0,0,1,0,0,0,0,1,0,1,0,0,1,10.84
398,29.6264,29.6262,-95.5177,-95.5182,Harris,8,0,0,0,0,0,0,0,0,0,0,0,0,0,0,0,1,0,0,0,0,0,0,0,0,0,0,0,0,0,1,0,0,0,0,0,0,0,1,0,0,2017-08-26 20:49:00,4401,0,0,0,0,1,0,1,0,0,0,0,1,0,0,1,10.84
399,29.6264,29.6262,-95.5177,-95.5182,Harris,8,0,0,0,0,0,0,0,0,0,0,0,0,0,0,0,1,0,0,0,0,0,0,0,0,0,0,0,0,0,1,0,0,0,0,0,0,0,1,0,0,2017-08-26 20:50:00,4401,0,0,0,0,1,0,0,0,0,1,0,1,0,0,1,10.84
400,29.6443,29.644000000000002,-95.5389,-95.5392,Harris,10,0,0,0,0,0,0,0,0,0,0,1,0,0,0,0,0,0,0,0,0,0,0,0,0,0,0,0,0,0,1,0,0,0,0,0,0,0,1,0,0,2017-08-26 21:15:00,3684,0,0,0,0,1,0,1,0,0,0,0,1,0,0,1,10.84
401,29.6443,29.644000000000002,-95.5389,-95.5392,Harris,10,0,0,0,0,0,0,0,0,0,0,1,0,0,0,0,0,0,0,0,0,0,0,0,0,0,0,0,0,0,1,0,0,0,0,0,0,0,1,0,0,2017-08-26 21:17:00,3681,0,0,0,0,1,0,0,0,0,1,0,1,0,0,1,10.84
402,29.599,29.5987,-95.3535,-95.3533,Harris,9,0,0,0,0,0,0,0,0,0,0,0,0,0,0,0,0,0,0,1,0,0,0,0,0,0,0,0,0,0,1,0,0,0,0,0,0,0,1,0,0,2017-08-26 21:50:00,4815,0,0,0,0,1,0,1,0,0,0,0,1,0,0,1,16.36
403,29.5974,29.596999999999998,-95.4264,-95.4265,Harris,9,0,0,0,0,0,0,0,0,0,0,0,0,0,0,0,0,0,0,1,0,0,0,0,0,0,0,0,0,0,1,0,0,0,0,0,0,0,1,0,0,2017-08-26 21:51:00,1168,0,0,0,0,1,0,1,0,0,0,0,1,0,0,1,8.280000000000001
404,29.60503,29.60503,-95.47413,-95.47413,Harris,9,0,0,0,0,0,0,0,0,0,0,0,0,0,0,0,0,0,0,1,0,0,0,0,0,0,0,0,0,0,1,0,0,0,0,0,0,0,1,0,0,2017-08-26 22:01:00,2282,0,0,0,0,1,0,1,0,0,0,0,1,0,0,1,9.72
405,29.599,29.5987,-95.3535,-95.3533,Harris,10,0,0,0,0,0,0,0,0,0,0,1,0,0,0,0,0,0,0,0,0,0,0,0,0,0,0,0,0,0,1,0,0,0,0,0,0,0,1,0,0,2017-08-26 22:26:00,62,0,0,0,0,1,0,0,0,0,1,0,1,0,0,1,16.36
406,29.600240000000003,29.600240000000003,-95.26626999999999,-95.26626999999999,Harris,10,0,0,0,0,0,0,0,0,0,0,0,0,0,0,0,1,0,0,0,0,0,0,0,0,0,0,0,0,0,1,0,0,0,0,1,0,0,1,0,0,2017-08-26 22:36:00,4292,0,0,0,0,1,0,0,0,0,1,0,1,0,0,1,14.76
407,29.6007,29.6004,-95.2475,-95.2474,Harris,10,0,0,0,0,0,0,0,0,0,0,0,0,0,0,0,1,0,0,0,0,0,0,0,0,0,0,0,0,0,1,0,0,0,0,1,0,0,1,0,0,2017-08-26 22:40:00,-1,0,0,0,0,1,0,1,0,0,0,0,1,0,0,1,14.76
408,29.6007,29.6004,-95.2475,-95.2474,Harris,10,0,0,0,0,0,0,0,0,0,0,0,0,0,0,0,0,0,0,1,0,0,0,0,0,0,0,0,0,0,0,0,0,0,0,0,0,0,1,0,0,2017-08-26 23:49:00,3663,0,0,0,0,1,0,1,0,0,0,0,1,0,0,1,14.76
409,29.606509999999997,29.606509999999997,-95.20528,-95.20528,Harris,10,0,0,0,0,0,0,0,0,0,0,1,0,0,0,0,0,0,0,0,0,0,0,0,0,0,0,0,0,0,0,0,0,0,0,0,0,0,1,0,0,2017-08-26 23:53:00,3651,0,0,0,0,1,0,1,0,0,0,1,0,0,0,1,30.6
410,29.606509999999997,29.606509999999997,-95.20528,-95.20528,Harris,10,0,0,0,0,0,0,0,0,0,0,0,0,0,0,0,1,0,0,0,0,0,0,0,0,0,0,0,0,0,0,0,0,0,0,1,1,0,0,0,1,2017-08-27 00:04:00,3509,0,0,1,0,0,0,0,0,0,1,0,1,0,0,1,55.2
411,29.6004,29.6002,-95.4647,-95.4648,Harris,9,0,0,0,0,0,0,0,0,0,0,0,0,0,0,0,0,0,0,1,0,0,0,0,0,0,0,0,0,0,0,0,0,0,0,0,0,0,1,0,0,2017-08-27 01:10:00,4566,0,0,1,0,0,0,0,0,0,1,0,1,0,0,1,0.0
412,29.5976,29.5973,-95.3865,-95.3865,Harris,10,0,0,0,0,0,0,0,0,0,0,0,0,0,0,0,1,0,0,0,0,0,0,0,0,0,0,0,0,0,1,0,0,0,0,0,0,4,1,0,0,2017-08-27 08:07:00,5909,0,0,0,1,0,0,1,0,0,0,0,1,0,0,1,31.560000000000002
413,29.599,29.5987,-95.3535,-95.3533,Harris,10,0,0,0,0,0,0,0,0,0,0,0,0,0,0,0,1,0,0,0,0,0,0,0,0,0,0,0,0,0,1,0,0,0,0,0,0,0,1,0,0,2017-08-27 08:28:00,221,0,0,0,1,0,0,1,0,0,0,0,1,0,0,1,36.120000000000005
414,29.606509999999997,29.606509999999997,-95.20528,-95.20528,Harris,10,0,0,0,0,0,0,0,0,0,0,0,0,0,0,0,1,0,0,0,0,0,0,0,0,0,0,0,0,0,1,0,0,0,0,0,0,0,0,0,0,2017-08-27 08:56:00,3117,0,0,0,1,0,0,1,0,0,0,0,1,0,0,1,55.2
415,29.5976,29.5973,-95.3865,-95.3865,Harris,10,0,0,0,0,0,0,0,0,0,0,0,0,0,0,0,0,0,0,1,0,0,0,0,0,0,0,0,0,0,1,0,0,0,0,0,0,0,1,0,0,2017-08-27 12:06:00,4111,0,0,0,0,0,1,1,0,0,0,0,1,0,0,1,31.560000000000002
416,29.6009,29.6007,-95.2287,-95.2286,Harris,8,0,0,0,0,0,0,0,0,0,0,0,0,0,0,0,1,0,0,0,0,0,0,0,0,0,0,0,0,0,1,0,0,0,0,0,0,0,0,0,0,2017-08-28 20:52:00,2196,0,0,0,0,1,0,0,0,0,1,0,1,0,1,0,43.84
417,29.60503,29.60503,-95.47413,-95.47413,Harris,8,0,0,0,0,0,0,0,0,0,0,0,0,0,0,0,1,0,0,0,0,0,0,0,0,0,0,0,0,0,1,0,0,0,0,0,0,0,0,0,0,2017-08-28 20:53:00,1939,0,0,0,0,1,0,1,0,0,0,0,1,0,1,0,22.2
418,29.6007,29.6004,-95.2475,-95.2474,Harris,10,0,0,0,0,0,0,0,0,0,0,0,0,0,0,0,1,0,0,0,0,0,0,0,0,0,0,0,0,0,1,0,0,0,0,0,0,0,1,0,0,2017-08-28 21:18:00,2171,0,0,0,0,1,0,0,0,0,1,0,1,0,0,1,40.39
419,29.7222,29.7221,-95.5573,-95.5575,Harris,10,0,0,0,0,0,0,0,0,0,0,1,0,0,0,0,0,0,0,0,0,0,0,0,0,0,0,0,0,0,1,0,0,0,0,0,2,0,1,0,0,2017-08-26 21:26:00,41,0,0,0,0,1,0,0,1,0,0,0,1,0,0,1,42.279999999999994
420,29.8127,29.8127,-95.5636,-95.5636,Harris,8,0,0,0,0,0,0,0,0,0,0,0,0,0,0,0,1,0,0,0,0,0,0,0,0,0,0,0,0,0,1,0,0,0,0,0,0,0,1,0,0,2017-08-26 22:19:00,3673,0,0,0,0,1,0,0,1,0,0,0,1,0,0,1,10.239999999999998
421,29.7222,29.7221,-95.5573,-95.5575,Harris,10,0,0,0,0,0,0,0,0,0,0,0,0,0,0,0,1,0,0,0,0,0,0,0,0,0,0,0,0,0,1,0,0,0,0,1,4,0,1,0,2,2017-08-27 00:55:00,1972,0,0,1,0,0,0,0,0,1,0,0,1,0,0,1,97.88
422,29.7844,29.7844,-95.5629,-95.5631,Harris,9,0,0,0,0,0,0,0,0,0,0,1,0,0,0,0,0,0,0,1,0,0,0,0,0,0,0,0,0,0,1,0,0,0,0,0,0,0,0,0,0,2017-08-27 01:40:00,6216,0,0,1,0,0,0,0,0,1,0,0,1,0,1,0,27.08
423,29.7728,29.7728,-95.5626,-95.5628,Harris,10,0,0,0,0,0,0,0,0,0,0,1,0,0,0,0,0,0,0,0,0,0,0,0,0,0,0,0,0,0,1,0,0,0,0,0,0,0,1,0,0,2017-08-27 01:53:00,3624,0,0,1,0,0,0,0,0,1,0,0,1,0,0,1,27.08
424,29.7047,29.7046,-95.5571,-95.5573,Harris,8,0,0,0,0,0,0,0,0,0,0,0,0,0,0,0,1,0,0,0,0,0,0,0,0,0,0,0,0,0,1,0,0,0,0,0,0,0,1,0,0,2017-08-27 04:52:00,3371,1,0,0,0,0,0,0,1,0,0,0,1,0,0,1,98.16
425,29.7277,29.7277,-95.5574,-95.5576,Harris,10,0,0,0,0,0,0,0,0,0,0,0,0,0,0,0,1,0,0,0,0,0,0,0,0,0,0,0,0,0,1,0,0,0,0,0,0,0,0,0,2,2017-08-27 07:56:00,1705,1,0,0,0,0,0,0,1,0,0,0,1,0,0,1,73.19999999999999
426,29.6615,29.6608,-95.5576,-95.5584,Harris,10,0,0,0,0,0,0,0,0,0,0,0,0,0,0,0,1,0,0,0,0,0,0,0,0,0,0,0,0,0,1,0,0,0,0,0,0,0,0,0,2,2017-08-27 08:01:00,3178,0,0,0,1,0,0,0,0,1,0,0,1,0,0,1,97.72
427,29.7477,29.7477,-95.5577,-95.5579,Harris,10,0,0,0,0,0,0,0,0,0,0,0,0,0,0,0,1,0,0,0,0,0,0,0,0,0,0,0,0,0,1,0,0,0,0,0,0,0,1,0,0,2017-08-27 08:46:00,3116,0,0,0,1,0,0,0,0,1,0,0,1,0,0,1,99.56
428,29.788188,29.788188,-95.56313,-95.56313,Harris,10,0,0,0,0,0,0,0,0,0,0,0,0,0,0,0,1,0,0,0,0,0,0,0,0,0,0,0,0,0,1,0,0,0,0,0,0,0,1,0,0,2017-08-27 08:47:00,3050,0,0,0,1,0,0,0,0,1,0,0,1,0,0,1,52.6
429,29.8503,29.8503,-95.5637,-95.5639,Harris,10,0,0,0,0,0,0,0,0,0,0,0,0,0,0,0,1,0,0,0,0,0,0,0,0,0,0,0,0,0,1,0,0,0,0,0,0,0,1,0,0,2017-08-27 08:50:00,3129,0,0,0,1,0,0,0,1,0,0,0,1,0,0,1,22.0
430,29.7277,29.7277,-95.5574,-95.5576,Harris,10,0,0,0,0,0,0,0,0,0,0,0,0,0,0,0,1,0,0,0,0,0,0,0,0,0,0,0,0,0,1,0,0,0,0,0,0,0,0,0,0,2017-08-27 09:38:00,3083,0,0,0,1,0,0,0,1,0,0,0,1,0,0,1,73.19999999999999
431,29.7674,29.7673,-95.5617,-95.5618,Harris,10,0,0,0,0,0,0,0,0,0,0,0,0,0,0,0,1,0,0,0,0,0,0,0,0,0,0,0,0,0,1,0,0,0,0,0,3,0,0,0,1,2017-08-27 11:00:00,3074,0,0,0,1,0,0,0,1,0,0,1,0,0,0,1,52.6
432,29.6747,29.6747,-95.5603,-95.5604,Harris,10,0,0,0,0,0,0,0,0,0,0,0,0,0,0,0,1,0,0,0,0,0,0,0,0,0,0,0,0,0,1,0,0,0,0,0,0,1,0,0,0,2017-08-27 11:17:00,1349,0,0,0,1,0,0,0,1,0,0,0,1,0,1,0,97.72
433,29.6747,29.6747,-95.5603,-95.5604,Harris,10,0,0,0,0,0,0,0,0,0,0,0,0,0,0,0,1,0,0,0,0,0,0,0,0,0,0,0,0,0,1,0,0,0,0,0,0,1,0,0,0,2017-08-27 11:20:00,2979,0,0,0,1,0,0,0,0,1,0,0,1,0,0,1,97.72
434,29.7728,29.7728,-95.5626,-95.5628,Harris,10,0,0,0,0,0,0,0,0,0,0,0,0,0,0,0,1,0,0,0,0,0,0,0,0,0,0,0,0,0,1,0,0,0,0,0,0,0,0,0,2,2017-08-27 11:38:00,3040,0,0,0,1,0,0,0,1,0,0,0,1,0,0,1,27.08
435,29.737,29.7369,-95.5575,-95.5577,Harris,10,0,0,0,0,0,0,0,0,0,0,0,0,0,0,0,1,0,0,0,0,0,0,0,0,0,0,0,0,0,1,0,0,0,0,0,0,0,0,0,0,2017-08-27 11:46:00,2950,0,0,0,1,0,0,0,1,0,0,0,1,0,1,0,124.48
436,29.831999999999997,29.831999999999997,-95.5637,-95.5639,Harris,10,0,0,0,0,0,0,0,0,0,0,0,0,0,0,0,0,0,0,1,0,0,0,0,0,0,0,0,0,0,1,0,0,0,0,0,0,0,1,0,0,2017-08-27 11:53:00,2946,0,0,0,1,0,0,0,0,1,0,0,1,0,0,1,21.96
437,29.7674,29.7673,-95.5617,-95.5618,Harris,10,0,0,0,0,0,0,0,0,0,0,0,0,0,0,0,1,0,0,0,0,0,0,0,0,0,0,0,0,0,1,0,0,0,0,0,0,0,2,0,0,2017-08-27 12:08:00,2936,0,0,0,0,0,1,0,1,0,0,0,1,0,1,0,52.6
438,29.288659999999997,29.288659999999997,-94.83793,-94.83793,Galveston,9,0,0,0,0,0,0,0,0,0,0,0,0,0,0,0,0,0,0,0,0,0,0,0,0,0,0,0,0,0,0,0,0,1,0,0,2,0,0,0,0,2017-08-25 14:37:00,7229,0,0,0,0,0,1,0,1,0,0,0,1,0,0,1,0.0
439,30.06682381,30.06682553,-95.62310109,-95.62310109,Harris,10,0,0,0,0,0,0,0,0,0,0,0,0,0,0,0,1,0,0,0,0,0,0,0,0,0,0,0,0,0,1,0,0,0,0,0,0,0,0,0,2,2017-08-27 08:15:00,4369,0,0,0,1,0,0,0,0,1,0,0,1,0,0,1,20.92
440,30.0806,30.0806,-95.9908,-95.9908,Waller,10,1,1,0,0,0,0,0,0,0,1,0,0,0,0,0,0,0,0,0,0,0,0,0,0,0,0,0,0,0,0,0,0,0,0,0,0,0,0,0,0,2017-08-26 20:49:00,265,0,0,0,0,1,0,1,0,0,0,0,1,0,1,0,0.0
441,30.0806,30.0806,-95.9908,-95.9908,Waller,10,1,1,0,0,0,0,0,0,0,1,0,0,0,0,0,0,0,0,0,0,0,0,0,0,0,0,0,0,0,0,0,0,0,0,0,0,0,0,0,0,2017-08-26 20:51:00,262,0,0,0,0,1,0,0,0,0,1,0,1,0,1,0,0.0
442,30.0806,30.0806,-95.9908,-95.9908,Waller,9,1,1,0,0,0,0,0,0,0,1,0,0,0,0,0,0,0,0,0,0,0,0,0,0,0,0,0,0,0,0,0,0,1,0,0,0,0,0,0,0,2017-08-27 20:54:00,5175,0,0,0,0,1,0,1,0,0,0,0,1,0,1,0,0.0
443,30.0632,30.0634,-95.9087,-95.9087,Harris,8,1,1,0,0,0,0,0,0,0,1,0,0,0,0,0,1,0,0,0,0,0,0,0,0,0,0,0,0,0,1,0,0,1,0,0,2,0,0,0,0,2017-08-25 23:37:00,838,0,0,0,0,1,0,1,0,0,0,0,1,0,0,1,0.0
444,29.8379,29.8383,-95.4888,-95.4888,Harris,9,1,1,0,0,0,0,0,0,0,1,0,0,0,0,0,0,0,0,0,0,0,0,0,0,0,0,0,0,0,0,0,0,0,0,0,1,0,0,0,0,2017-08-26 06:30:00,420,1,0,0,0,0,0,1,0,0,0,0,1,0,0,1,41.76
445,29.8669,29.866999999999997,-95.5408,-95.5408,Harris,9,1,1,0,0,0,0,0,0,0,1,0,0,0,0,0,0,0,0,0,0,0,0,0,0,0,0,0,0,0,0,0,0,1,0,0,0,1,0,0,0,2017-08-26 08:29:00,4989,0,0,0,1,0,0,1,0,0,0,0,1,0,0,1,7.04
446,29.9007,29.901,-95.5993,-95.5993,Harris,8,0,0,0,0,0,0,0,0,0,0,0,0,0,0,0,0,0,1,0,0,0,0,0,0,0,0,0,0,0,0,0,1,0,0,0,0,3,0,0,0,2017-08-26 09:41:00,258,0,0,0,1,0,0,0,0,0,1,0,1,0,0,1,6.76
447,29.9031,29.9033,-95.6026,-95.6026,Harris,8,1,1,0,0,0,1,0,0,0,1,0,0,0,0,1,0,0,0,0,0,0,0,0,0,0,0,0,0,0,0,0,0,0,0,0,0,3,0,0,0,2017-08-26 21:21:00,6559,0,0,0,0,1,0,0,0,0,1,0,1,0,0,1,0.0
448,29.8795,29.8795,-95.569,-95.569,Harris,8,1,1,0,0,0,0,0,0,0,0,0,0,0,0,1,0,0,0,0,0,0,0,0,0,0,0,0,0,0,0,0,0,0,0,0,0,3,0,0,0,2017-08-27 01:09:00,6360,0,0,1,0,0,0,1,0,0,0,0,1,0,0,1,21.0
449,30.0573,30.0576,-95.8911,-95.8911,Harris,9,1,1,0,0,0,0,0,0,0,0,0,0,0,0,0,0,0,0,1,0,0,0,0,0,0,0,0,0,0,0,0,0,0,0,0,0,0,0,0,0,2017-08-27 06:23:00,6044,1,0,0,0,0,0,1,0,0,0,0,1,0,1,0,0.0
450,29.9629,29.9631,-95.6878,-95.6878,Harris,9,0,0,0,0,0,0,0,0,0,0,0,0,0,0,0,1,0,0,0,0,0,0,0,0,0,0,0,0,0,1,0,0,1,0,0,0,0,0,0,0,2017-08-29 08:10:00,849,0,0,0,1,0,0,1,0,0,0,0,1,0,1,0,0.0
451,29.9629,29.9631,-95.6878,-95.6878,Harris,8,0,0,0,0,0,0,0,0,0,0,0,0,0,0,0,1,0,0,0,0,0,0,0,0,0,0,0,0,0,0,0,0,0,0,0,0,3,0,0,0,2017-08-30 19:33:00,1073,0,1,0,0,0,0,1,0,0,0,0,1,0,0,1,0.0
452,29.832929999999998,29.832929999999998,-95.1752,-95.1752,Harris,8,1,1,0,0,0,0,0,0,0,1,0,0,0,0,0,1,0,0,0,0,0,0,0,0,0,0,0,0,0,0,0,0,0,0,0,0,0,0,0,0,2017-08-27 02:46:00,3888,0,0,1,0,0,0,0,0,0,1,0,1,0,1,0,24.36
453,29.8297,29.8296,-95.1824,-95.1824,Harris,8,1,1,0,0,0,0,0,0,0,1,0,0,0,0,0,1,0,0,0,0,0,0,0,0,0,0,0,0,0,0,0,0,0,0,0,0,0,0,0,0,2017-08-27 02:47:00,6411,0,0,1,0,0,0,0,0,0,1,0,1,0,1,0,0.0
454,29.93630994,29.93661569,-95.03167518,-95.03167518,Harris,9,0,0,0,0,0,0,0,0,0,0,0,0,0,0,0,1,0,0,0,0,0,0,0,0,0,0,0,0,0,0,0,0,1,0,0,0,0,0,0,0,2017-08-28 22:38:00,4158,0,0,0,0,1,0,0,0,0,1,0,1,0,1,0,0.0
455,29.601591,29.601591,-95.684453,-95.684453,Fort_Bend,9,1,1,0,0,0,0,0,0,0,1,0,0,0,0,0,0,0,0,0,0,0,0,0,0,0,0,0,0,0,0,0,0,0,0,0,0,0,0,0,0,2017-08-28 23:20:00,4113,0,0,0,0,1,0,0,0,0,1,0,1,0,1,0,9.84
456,29.627269000000002,29.627269000000002,-95.5827,-95.5827,Fort_Bend,10,1,0,0,0,0,0,0,0,0,0,0,0,0,0,0,0,0,0,0,0,0,0,0,0,0,0,0,0,0,0,0,0,0,0,0,0,0,0,0,0,2017-08-28 23:25:00,2602,0,0,0,0,1,0,1,0,0,0,0,1,0,1,0,41.519999999999996
457,29.532909000000004,29.532909000000004,-96.055298,-96.055298,Fort_Bend,10,1,1,0,0,0,0,0,0,0,1,0,0,0,0,0,0,0,0,0,0,0,0,0,0,0,0,0,0,0,0,0,0,1,0,0,0,0,0,0,0,2017-08-29 00:59:00,2511,0,0,1,0,0,0,1,0,0,0,0,1,0,0,1,0.0
458,29.532909000000004,29.532909000000004,-96.055298,-96.055298,Fort_Bend,10,1,0,0,0,0,0,0,0,0,1,0,0,0,0,0,0,0,0,0,0,0,0,0,0,0,0,0,0,0,0,0,0,1,0,0,0,0,0,0,0,2017-08-29 01:01:00,2511,0,0,1,0,0,0,0,0,0,1,0,1,0,1,0,0.0
459,29.601591,29.601591,-95.684453,-95.684453,Fort_Bend,9,1,1,0,0,0,0,0,0,0,1,0,0,0,0,0,0,0,0,1,0,0,0,0,0,0,0,0,0,0,0,0,0,0,0,0,0,0,0,0,0,2017-08-31 13:52:00,354,0,0,0,0,0,1,1,0,0,0,0,1,0,1,0,0.0
460,29.723540000000003,29.723540000000003,-95.49154,-95.49154,Harris,8,0,0,0,0,0,0,0,0,0,0,0,0,0,0,0,1,0,0,0,0,0,0,0,0,0,0,0,0,0,1,0,0,0,0,0,0,0,0,0,0,2017-08-26 21:21:00,3678,0,0,0,0,1,0,1,0,0,0,0,1,0,1,0,22.04
461,29.726246500000002,29.72623478,-95.46252,-95.46252,Harris,9,0,0,0,0,0,0,0,0,0,0,0,0,0,0,0,0,0,0,1,0,0,0,0,0,0,0,0,0,0,1,0,0,0,0,0,0,0,1,0,0,2017-08-26 21:28:00,3824,0,0,0,0,1,0,1,0,0,0,0,1,0,0,1,18.96
462,29.72629294,29.72008225,-95.46037975,-95.46037975,Harris,10,0,0,0,0,0,0,0,0,0,0,1,0,0,0,0,0,0,0,0,0,0,0,0,0,0,0,0,0,0,1,0,0,1,0,0,0,0,1,0,0,2017-08-26 21:37:00,2625,0,0,0,0,1,0,1,0,0,0,0,1,0,0,1,18.96
463,29.725403000000004,29.725403000000004,-95.46825799999999,-95.46825799999999,Harris,8,0,0,0,0,0,0,0,0,0,0,0,0,0,0,0,1,0,0,0,0,0,0,0,0,0,0,0,0,0,1,0,0,0,0,0,0,0,1,0,0,2017-08-26 22:18:00,3746,0,0,0,0,1,0,0,0,0,1,0,1,0,0,1,18.96
464,29.721239,29.721239,-95.52029399999999,-95.52029399999999,Harris,9,0,0,0,0,0,0,0,0,0,0,0,0,0,0,0,0,0,0,1,0,0,0,0,0,0,0,0,0,0,1,0,0,0,0,0,0,0,1,0,0,2017-08-26 22:54:00,3708,0,0,0,0,1,0,1,0,0,0,0,1,0,0,1,31.4
465,29.718321999999997,29.718321999999997,-95.55740300000001,-95.55740300000001,Harris,9,0,0,0,0,0,0,0,0,0,0,0,0,0,0,0,0,0,0,1,0,0,0,0,0,0,0,0,0,0,0,0,0,0,0,0,0,0,1,0,0,2017-08-27 03:28:00,3457,0,0,1,0,0,0,0,0,0,1,0,1,0,0,1,97.88
466,29.719671999999996,29.719671999999996,-95.539047,-95.539047,Harris,8,0,0,0,0,0,0,0,0,0,0,0,0,0,0,0,1,0,0,0,0,0,0,0,0,0,0,0,0,0,1,0,0,0,0,0,0,0,1,0,0,2017-08-27 07:34:00,3217,1,0,0,0,0,0,1,0,0,0,0,1,0,0,1,79.03999999999999
467,29.726246500000002,29.72623478,-95.46252,-95.46252,Harris,10,0,0,0,0,0,0,0,0,0,0,0,0,0,0,0,0,0,0,1,0,0,1,0,0,0,0,0,0,0,0,0,0,0,0,0,2,0,1,0,2,2017-08-29 15:44:00,41,0,0,0,0,0,1,1,0,0,0,0,1,0,0,1,43.63
