ROADWAY_NAME,LATITUDE_IB_CW,LATITUDE_OB_CCW,LONGITUDE_IB_CW,LONGITUDE_OB_CCW,COUNTY_NAME,TOTAL_MINUTES,ENTER_DATE,ENTER_TIME,CLEAR_DATE,CLEAR_TIME,elev_meters
BELTWAY 8-EAST,29.8085,29.8089,-95.1639,-95.1628,Harris,0,8/26/2017,3:56,8/26/2017,3:56,10.1
BELTWAY 8-EAST,29.6656,29.6656,-95.1558,-95.1556,Harris,357,8/26/2017,8:06,8/26/2017,14:03,8.88
BELTWAY 8-EAST,29.883000000000003,29.883000000000003,-95.1984,-95.1984,Harris,4745,8/27/2017,1:50,8/30/2017,8:55,14.32
BELTWAY 8-EAST,29.883000000000003,29.883000000000003,-95.1984,-95.1984,Harris,4351,8/27/2017,8:49,8/30/2017,9:20,14.32
BELTWAY 8-EAST,29.6498,29.6498,-95.1562,-95.1561,Harris,4138,8/27/2017,11:55,8/30/2017,8:53,9.61
BELTWAY 8-EAST,29.8085,29.8089,-95.1639,-95.1628,Harris,5563,8/27/2017,20:44,8/31/2017,17:27,10.1
BELTWAY 8-NORTH,29.9396,29.9403,-95.3034,-95.3034,Harris,419,8/26/2017,8:44,8/26/2017,15:43,21.48
BELTWAY 8-NORTH,29.9392,29.9393,-95.3313,-95.3313,Harris,63,8/26/2017,8:46,8/26/2017,9:49,16.86
BELTWAY 8-NORTH,29.9392,29.9393,-95.3313,-95.3313,Harris,61,8/26/2017,8:47,8/26/2017,9:48,16.86
BELTWAY 8-NORTH,29.9397,29.9402,-95.296,-95.2957,Harris,4918,8/27/2017,0:19,8/30/2017,10:17,18.34
BELTWAY 8-NORTH,29.9387,29.9389,-95.3812,-95.3813,Harris,4076,8/27/2017,0:23,8/29/2017,20:19,18.62
BELTWAY 8-NORTH,29.9387,29.9389,-95.3812,-95.3813,Harris,5330,8/27/2017,0:27,8/30/2017,17:17,18.62
BELTWAY 8-NORTH,29.9387,29.9389,-95.3812,-95.3813,Harris,3602,8/27/2017,3:08,8/29/2017,15:10,18.62
BELTWAY 8-NORTH,29.9387,29.9389,-95.3812,-95.3813,Harris,3457,8/27/2017,5:31,8/29/2017,15:08,18.62
BELTWAY 8-NORTH,29.9387,29.9389,-95.3812,-95.3813,Harris,4485,8/27/2017,5:33,8/30/2017,8:18,18.62
BELTWAY 8-NORTH,29.9391,29.9394,-95.3972,-95.3971,Harris,3313,8/27/2017,5:49,8/29/2017,13:02,25.75
BELTWAY 8-NORTH,29.9405,29.9407,-95.4138,-95.4138,Harris,4650,8/27/2017,5:49,8/30/2017,11:19,23.53
BELTWAY 8-NORTH,29.9391,29.9394,-95.3972,-95.3971,Harris,3312,8/27/2017,5:50,8/29/2017,13:02,25.75
BELTWAY 8-NORTH,29.9387,29.9389,-95.3812,-95.3813,Harris,3277,8/27/2017,8:31,8/29/2017,15:08,18.62
BELTWAY 8-NORTH,29.9387,29.9389,-95.3812,-95.3813,Harris,3239,8/27/2017,9:10,8/29/2017,15:09,18.62
BELTWAY 8-NORTH,29.9387,29.9389,-95.3812,-95.3813,Harris,2629,8/27/2017,19:20,8/29/2017,15:09,18.62
BELTWAY 8-NORTH,29.9387,29.9389,-95.3812,-95.3813,Harris,2944,8/27/2017,19:21,8/29/2017,20:25,18.62
BELTWAY 8-NORTH,29.9396,29.9398,-95.4246,-95.4246,Harris,2701,8/27/2017,23:20,8/29/2017,20:21,26.81
BELTWAY 8-SOUTH,29.598883,29.598883,-95.35329300000001,-95.35329300000001,Harris,5025,8/26/2017,21:35,8/30/2017,9:20,16.02
BELTWAY 8-SOUTH,29.598883,29.598883,-95.35329300000001,-95.35329300000001,Harris,5084,8/26/2017,21:34,8/30/2017,10:18,16.02
BELTWAY 8-SOUTH,29.600908,29.600908,-95.228645,-95.228645,Harris,4850,8/26/2017,23:32,8/30/2017,8:22,10.98
BELTWAY 8-SOUTH,29.605712,29.605712,-95.477028,-95.477028,Harris,4442,8/27/2017,5:52,8/30/2017,7:54,18.66
BELTWAY 8-SOUTH,29.605712,29.605712,-95.477028,-95.477028,Harris,4281,8/27/2017,8:32,8/30/2017,7:53,18.66
BELTWAY 8-SOUTH,29.605712,29.605712,-95.477028,-95.477028,Harris,4281,8/27/2017,8:34,8/30/2017,7:55,18.66
BELTWAY 8-WEST,29.6261,29.6263,-95.5181,-95.5176,Harris,140,8/26/2017,1:25,8/26/2017,3:45,15.5
BELTWAY 8-WEST,29.737,29.7369,-95.5575,-95.5577,Harris,1370,8/26/2017,20:52,8/27/2017,19:42,22.51
BELTWAY 8-WEST,29.6535,29.6537,-95.5505,-95.5501,Harris,2351,8/26/2017,21:11,8/28/2017,12:22,21.77
BELTWAY 8-WEST,29.6204,29.6207,-95.5085,-95.5084,Harris,90,8/26/2017,21:20,8/26/2017,22:50,20.52
BELTWAY 8-WEST,29.831999999999997,29.831999999999997,-95.5637,-95.5639,Harris,3917,8/26/2017,22:21,8/29/2017,15:38,29.93
BELTWAY 8-WEST,29.8673,29.8673,-95.5637,-95.5637,Harris,4923,8/26/2017,22:22,8/30/2017,8:25,31.66
BELTWAY 8-WEST,29.831999999999997,29.831999999999997,-95.5637,-95.5639,Harris,4164,8/26/2017,22:43,8/29/2017,20:07,29.93
BELTWAY 8-WEST,29.7477,29.7477,-95.5577,-95.5579,Harris,5635,8/27/2017,11:48,8/31/2017,9:43,22.43
BELTWAY 8-WEST,29.8503,29.8503,-95.5637,-95.5639,Harris,813,8/29/2017,15:28,8/30/2017,5:01,30.84
BS-290,30.084159999999997,30.084159999999997,-96.03971,-96.03971,Waller,5423,8/27/2017,20:53,8/31/2017,15:16,67.2
FM-1092,29.591007,29.591007,-95.56416899999999,-95.56416899999999,Fort_Bend,5584,8/26/2017,21:23,8/30/2017,18:27,21.35
FM-1092,29.591007,29.591007,-95.56416899999999,-95.56416899999999,Fort_Bend,5583,8/26/2017,21:24,8/30/2017,18:27,21.35
FM-1093,29.699102000000003,29.699102000000003,-95.79223,-95.79223,Fort_Bend,2583,8/28/2017,23:29,8/30/2017,18:32,35.72
FM-1093,29.703190000000003,29.703190000000003,-95.7429,-95.7429,Fort_Bend,2582,8/28/2017,23:30,8/30/2017,18:32,30.18
FM-1128,29.5005,29.5005,-95.34189,-95.34189,Brazoria,4970,8/27/2017,20:04,8/31/2017,6:54,17.01
FM-1128,29.5005,29.5005,-95.34189,-95.34189,Brazoria,4963,8/27/2017,20:09,8/31/2017,6:52,17.01
FM-1458,29.835520000000002,29.835520000000002,-96.03345,-96.03345,Waller,4411,8/28/2017,16:01,8/31/2017,17:32,39.98
FM-1458,29.809009999999997,29.809009999999997,-96.09581999999999,-96.09581999999999,Waller,4409,8/28/2017,16:07,8/31/2017,17:36,32.39
FM-1459,29.07855,29.07855,-95.6892,-95.6892,Brazoria,5667,8/27/2017,19:17,8/31/2017,17:44,9.34
FM-1459,29.07855,29.07855,-95.6892,-95.6892,Brazoria,5668,8/27/2017,19:18,8/31/2017,17:46,9.34
FM-1459,29.09771,29.09771,-95.68999000000001,-95.68999000000001,Brazoria,4699,8/28/2017,11:24,8/31/2017,17:43,9.72
FM-1462,29.313995000000002,29.313995000000002,-95.716061,-95.716061,Fort_Bend,4657,8/27/2017,12:56,8/30/2017,18:33,18.48
FM-1462,29.313995000000002,29.313995000000002,-95.716061,-95.716061,Fort_Bend,4657,8/27/2017,12:58,8/30/2017,18:35,18.48
FM-1462,29.298226,29.298226,-95.73357800000001,-95.73357800000001,Brazoria,3592,8/29/2017,1:54,8/31/2017,13:46,21.34
FM-1463,29.727921000000002,29.727921000000002,-95.84628199999999,-95.84628199999999,Fort_Bend,4011,8/28/2017,23:06,8/31/2017,17:57,41.73
FM-1464,29.662862,29.662862,-95.686577,-95.686577,Fort_Bend,5682,8/26/2017,19:54,8/30/2017,18:36,27.55
FM-1464,29.662862,29.662862,-95.686577,-95.686577,Fort_Bend,5681,8/26/2017,19:56,8/30/2017,18:37,27.55
FM-1488,30.17543,30.17543,-95.87293000000001,-95.87293000000001,Waller,6589,8/27/2017,4:10,8/31/2017,17:59,84.2
FM-1488,30.22439791,30.22439143,-95.54742799,-95.54742799,Montgomery,5344,8/27/2017,15:23,8/31/2017,8:27,59.92
FM-1488,30.109740000000002,30.109740000000002,-96.03251999999999,-96.03251999999999,Waller,4953,8/28/2017,7:28,8/31/2017,18:01,64
FM-1764,29.40271,29.40271,-95.03284000000001,-95.03284000000001,Galveston,5144,8/27/2017,1:21,8/30/2017,15:05,10.58
FM-1887,29.95015,29.95015,-96.03907,-96.03907,Waller,4996,8/28/2017,7:15,8/31/2017,18:31,53.75
FM-1887,30.05354,30.05354,-96.08144,-96.08144,Waller,4474,8/28/2017,15:58,8/31/2017,18:32,62.58
FM-1887,30.05354,30.05354,-96.08144,-96.08144,Waller,4452,8/28/2017,16:00,8/31/2017,18:12,62.58
FM-1960,30.014257,30.014257,-95.4506,-95.4506,Harris,5190,8/27/2017,1:57,8/30/2017,16:27,34.48
FM-1960,30.022921999999998,30.022921999999998,-95.089959,-95.089959,Harris,3332,8/28/2017,8:55,8/30/2017,16:27,21.46
FM-2090,30.232540000000004,30.232540000000004,-95.16471,-95.16471,Montgomery,433,8/26/2017,8:25,8/26/2017,15:38,31.03
FM-2855,29.874209999999998,29.874209999999998,-95.89059,-95.89059,Waller,4465,8/28/2017,16:13,8/31/2017,18:38,54.69
FM-2855,29.874209999999998,29.874209999999998,-95.89059,-95.89059,Waller,4464,8/28/2017,16:14,8/31/2017,18:38,54.69
FM-2855,29.78602,29.78602,-95.88961,-95.88961,Waller,4462,8/28/2017,16:19,8/31/2017,18:41,48.02
FM-2855,29.78602,29.78602,-95.88961,-95.88961,Waller,4460,8/28/2017,16:20,8/31/2017,18:40,48.02
FM-2919,29.489656,29.489656,-96.026127,-96.026127,Fort_Bend,4082,8/28/2017,23:02,8/31/2017,19:04,35.21
FM-2920,30.086976,30.086976,-95.65319000000001,-95.65319000000001,Harris,5768,8/26/2017,16:21,8/30/2017,16:29,53.79
FM-2920,30.089319,30.089319,-95.645204,-95.645204,Harris,5767,8/26/2017,16:23,8/30/2017,16:30,53.83
FM-2920,30.06823,30.06823,-95.78101600000001,-95.78101600000001,Harris,5520,8/26/2017,20:28,8/30/2017,16:28,67.28
FM-2920,30.06823,30.06823,-95.78101600000001,-95.78101600000001,Harris,5521,8/26/2017,20:28,8/30/2017,16:29,67.28
FM-2977,29.452059999999996,29.452059999999996,-95.790548,-95.790548,Fort_Bend,2621,8/28/2017,23:06,8/30/2017,18:47,23.33
FM-2977,29.475505,29.475505,-95.76467,-95.76467,Fort_Bend,2621,8/28/2017,23:07,8/30/2017,18:48,23.42
FM-362,30.186320000000002,30.186320000000002,-95.9321,-95.9321,Waller,6730,8/27/2017,2:59,8/31/2017,19:09,85.62
FM-517,29.46072726,29.46073959,-95.05178991,-95.05178991,Galveston,3753,8/28/2017,0:41,8/30/2017,15:14,3.72
FM-518,29.533125,29.533125,-95.024913,-95.024913,Galveston,2443,8/28/2017,22:19,8/30/2017,15:02,3.73
FM-518,29.533125,29.533125,-95.024913,-95.024913,Galveston,2439,8/28/2017,22:23,8/30/2017,15:02,3.73
FM-521,29.43889,29.43889,-95.47662,-95.47662,Brazoria,6179,8/26/2017,23:56,8/31/2017,6:55,18.28
FM-521,29.35401,29.35401,-95.46231999999999,-95.46231999999999,Brazoria,3921,8/28/2017,13:33,8/31/2017,6:54,15.56
FM-522,29.07855,29.07855,-95.6892,-95.6892,Brazoria,4232,8/28/2017,19:18,8/31/2017,17:50,9.34
FM-529,29.9122,29.9122,-96.07184000000001,-96.07184000000001,Waller,4271,8/28/2017,15:59,8/31/2017,15:10,51.59
FM-529,29.91527,29.91527,-96.11339,-96.11339,Waller,4512,8/28/2017,16:04,8/31/2017,19:16,33.13
FM-529,29.87412,29.87412,-95.95993,-95.95993,Waller,4254,8/28/2017,16:14,8/31/2017,15:08,57.52
FM-529,29.87425,29.87425,-95.89059,-95.89059,Waller,4583,8/28/2017,16:15,8/31/2017,20:38,54.69
HARDY TOLL ROAD,29.965365999999996,29.965365999999996,-95.380081,-95.380081,Harris,4682,8/26/2017,23:04,8/30/2017,5:06,25.49
HARDY TOLL ROAD,29.828891,29.828891,-95.354715,-95.354715,Harris,5462,8/26/2017,23:18,8/30/2017,18:20,13.99
HARDY TOLL ROAD,29.965365999999996,29.965365999999996,-95.380081,-95.380081,Harris,3821,8/26/2017,23:39,8/29/2017,15:20,25.49
HARDY TOLL ROAD,29.828891,29.828891,-95.354715,-95.354715,Harris,5438,8/26/2017,23:41,8/30/2017,18:19,13.99
HARDY TOLL ROAD,29.965365999999996,29.965365999999996,-95.380081,-95.380081,Harris,2128,8/26/2017,23:47,8/28/2017,11:15,25.49
HARDY TOLL ROAD,29.938813,29.938813,-95.38131899999999,-95.38131899999999,Harris,5326,8/27/2017,0:26,8/30/2017,17:12,18.48
HARDY TOLL ROAD,29.938813,29.938813,-95.38131899999999,-95.38131899999999,Harris,5332,8/27/2017,0:24,8/30/2017,17:16,18.48
HARDY TOLL ROAD,29.870715999999998,29.870715999999998,-95.364874,-95.364874,Harris,4278,8/27/2017,5:48,8/30/2017,5:06,22.56
HARDY TOLL ROAD,29.870715999999998,29.870715999999998,-95.364874,-95.364874,Harris,3315,8/27/2017,8:04,8/29/2017,15:19,22.56
HARDY TOLL ROAD,29.938813,29.938813,-95.38131899999999,-95.38131899999999,Harris,3286,8/27/2017,8:35,8/29/2017,15:21,18.48
HARDY TOLL ROAD,29.902209000000003,29.902209000000003,-95.372782,-95.372782,Harris,4091,8/27/2017,8:56,8/30/2017,5:07,22.94
HARDY TOLL ROAD,29.996,29.996,-95.396977,-95.396977,Harris,3226,8/27/2017,9:31,8/29/2017,15:17,30.3
HARDY TOLL ROAD,30.026642,30.026642,-95.40443,-95.40443,Harris,4054,8/27/2017,10:50,8/30/2017,6:24,23.17
HARDY TOLL ROAD,29.996,29.996,-95.396977,-95.396977,Harris,3931,8/27/2017,11:34,8/30/2017,5:05,30.3
HARDY TOLL ROAD,29.996,29.996,-95.396977,-95.396977,Harris,2971,8/27/2017,11:35,8/29/2017,13:06,30.3
HARDY TOLL ROAD,30.022584000000002,30.022584000000002,-95.404613,-95.404613,Harris,2156,8/28/2017,1:10,8/29/2017,13:06,28.44
HARDY TOLL ROAD,30.026642,30.026642,-95.40443,-95.40443,Harris,3112,8/28/2017,1:11,8/30/2017,5:03,23.17
HARDY TOLL ROAD,30.105703000000002,30.105703000000002,-95.435041,-95.435041,Harris,3113,8/28/2017,1:11,8/30/2017,5:04,41.25
HARDY TOLL ROAD,30.087770000000003,30.087770000000003,-95.412876,-95.412876,Harris,3112,8/28/2017,1:12,8/30/2017,5:04,32.55
HARDY TOLL ROAD,30.026642,30.026642,-95.40443,-95.40443,Harris,537,8/30/2017,5:09,8/30/2017,14:06,23.17
IH-10,29.779003000000003,29.779003000000003,-95.951424,-95.951424,Waller,5314,8/26/2017,2:47,8/29/2017,19:21,53.99
IH-10,29.777419000000002,29.777419000000002,-95.83237,-95.83237,Fort_Bend,3571,8/27/2017,21:27,8/30/2017,8:58,40.43
IH-10,29.779003000000003,29.779003000000003,-95.951424,-95.951424,Waller,3601,8/27/2017,22:04,8/30/2017,10:05,53.99
IH-10,29.77753,29.77753,-95.819688,-95.819688,Fort_Bend,2679,8/27/2017,22:41,8/29/2017,19:20,42.99
IH-10,29.7644,29.7644,-96.1527,-96.1527,Austin,3908,8/27/2017,22:14,8/30/2017,15:22,52.76
IH-10,29.7644,29.7644,-96.1527,-96.1527,Austin,2263,8/27/2017,22:20,8/29/2017,12:03,52.76
IH-10,29.77735,29.77735,-95.88115,-95.88115,Waller,1526,8/28/2017,9:39,8/29/2017,11:05,47.18
IH-10,29.77735,29.77735,-95.88115,-95.88115,Waller,3902,8/28/2017,9:43,8/31/2017,2:45,47.18
IH-10,29.821601,29.821601,-94.899159,-94.899159,Chambers,4849,8/28/2017,12:09,8/31/2017,20:58,8.8
IH-10,29.782057000000002,29.782057000000002,-95.984576,-95.984576,Waller,4157,8/28/2017,16:03,8/31/2017,13:20,34.22
IH-10,29.779003000000003,29.779003000000003,-95.951424,-95.951424,Waller,2524,8/28/2017,16:02,8/30/2017,10:06,53.99
IH-10,29.779003000000003,29.779003000000003,-95.951424,-95.951424,Waller,1829,8/28/2017,16:03,8/29/2017,22:32,53.99
IH-10,29.7712,29.7712,-96.036,-96.036,Austin,4585,8/28/2017,16:06,8/31/2017,20:31,27.69
IH-10,29.771227000000003,29.771227000000003,-96.035924,-96.035924,Waller,4585,8/28/2017,16:06,8/31/2017,20:31,27.69
IH-10 EAST,29.79234172,29.79233977,-95.07967835,-95.07967835,Harris,122,8/26/2017,5:04,8/26/2017,7:06,1.12
IH-10 EAST,29.79234172,29.79233977,-95.07967835,-95.07967835,Harris,118,8/26/2017,5:08,8/26/2017,7:06,1.12
IH-10 EAST,29.7707,29.7706,-95.2137,-95.2137,Harris,55,8/26/2017,8:45,8/26/2017,9:40,6.85
IH-10 EAST,29.7707,29.7706,-95.2137,-95.2137,Harris,53,8/26/2017,8:49,8/26/2017,9:42,6.85
IH-10 EAST,29.7707,29.7706,-95.2137,-95.2137,Harris,146,8/26/2017,11:00,8/26/2017,13:26,6.85
IH-10 EAST,29.7713,29.7711,-95.1534,-95.1534,Harris,145,8/26/2017,11:37,8/26/2017,14:02,4.33
IH-10 EAST,29.79234172,29.79233977,-95.07967835,-95.07967835,Harris,7138,8/26/2017,11:43,8/31/2017,10:41,1.12
IH-10 EAST,29.77143124,29.77146849,-95.19704627,-95.19704627,Harris,6652,8/26/2017,19:16,8/31/2017,10:08,-0.12
IH-10 EAST,29.7781,29.7779,-95.28399999999999,-95.28399999999999,Harris,65,8/26/2017,20:00,8/26/2017,21:05,12.03
IH-10 EAST,29.79234172,29.79233977,-95.07967835,-95.07967835,Harris,6530,8/26/2017,21:53,8/31/2017,10:43,1.12
IH-10 EAST,29.7771,29.7768,-95.2719,-95.272,Harris,3808,8/26/2017,23:49,8/29/2017,15:17,9.36
IH-10 EAST,29.7743,29.7741,-95.3152,-95.3152,Harris,4088,8/26/2017,23:54,8/29/2017,20:02,7.76
IH-10 EAST,29.7743,29.7741,-95.3152,-95.3152,Harris,4074,8/26/2017,23:59,8/29/2017,19:53,7.76
IH-10 EAST,29.7743,29.7741,-95.3152,-95.3152,Harris,3752,8/27/2017,5:25,8/29/2017,19:57,7.76
IH-10 EAST,29.770046999999998,29.770046999999998,-95.343522,-95.343522,Harris,3744,8/27/2017,5:33,8/29/2017,19:57,12.44
IH-10 EAST,29.770046999999998,29.770046999999998,-95.343522,-95.343522,Harris,3747,8/27/2017,5:35,8/29/2017,20:02,12.44
IH-10 EAST,29.7852,29.785,-95.1066,-95.1066,Harris,4519,8/28/2017,9:23,8/31/2017,12:42,2.54
IH-10 EAST,29.7708,29.7706,-95.1865,-95.1865,Harris,1658,8/28/2017,16:21,8/29/2017,19:59,5.43
IH-10 EAST,29.7738,29.7736,-95.2474,-95.2474,Harris,2600,8/28/2017,16:21,8/30/2017,11:41,8.58
IH-10 EAST,29.7911,29.7908,-95.0573,-95.0573,Harris,3395,8/29/2017,2:03,8/31/2017,10:38,4.32
IH-10 EAST,29.808000000000003,29.8077,-94.9653,-94.9653,Harris,4029,8/29/2017,2:06,8/31/2017,21:15,10.53
IH-10 EAST,29.808000000000003,29.8077,-94.9653,-94.9653,Harris,1473,8/31/2017,14:24,9/1/2017,14:57,10.53
IH-10 EAST,29.77143124,29.77146849,-95.19704627,-95.19704627,Harris,380,8/31/2017,14:51,8/31/2017,21:11,-0.12
IH-10 KATY,29.784190000000002,29.784190000000002,-95.5439,-95.5439,Harris,2335,8/26/2017,21:57,8/28/2017,12:52,25.23
IH-10 KATY,29.784259999999996,29.784259999999996,-95.5629,-95.5629,Harris,2347,8/26/2017,21:58,8/28/2017,13:05,20.27
IH-10 KATY,29.7776,29.7779,-95.3811,-95.3811,Harris,4084,8/26/2017,23:32,8/29/2017,19:36,9.86
IH-10 KATY,29.7805,29.7806,-95.4539,-95.4539,Harris,3684,8/27/2017,2:10,8/29/2017,15:34,15.22
IH-10 KATY,29.7839,29.7841,-95.4681,-95.4681,Harris,3300,8/27/2017,8:20,8/29/2017,15:20,19.28
IH-10 KATY,29.784259999999996,29.784259999999996,-95.5629,-95.5629,Harris,3531,8/27/2017,8:43,8/29/2017,19:34,20.27
IH-10 KATY,29.7773,29.7776,-95.41799999999999,-95.4179,Harris,3175,8/27/2017,14:40,8/29/2017,19:35,11.5
IH-10 KATY,29.7773,29.7776,-95.41799999999999,-95.4179,Harris,3175,8/27/2017,14:41,8/29/2017,19:36,11.5
IH-10 KATY,29.7771,29.7774,-95.4062,-95.4062,Harris,3144,8/27/2017,15:09,8/29/2017,19:33,11.54
IH-10 KATY,29.7771,29.7774,-95.4062,-95.4062,Harris,3144,8/27/2017,15:14,8/29/2017,19:38,11.54
IH-10 KATY,29.78452,29.78452,-95.68834,-95.68834,Harris,2670,8/27/2017,22:35,8/29/2017,19:05,31.71
IH-10 KATY,29.784940000000002,29.784940000000002,-95.69556,-95.69556,Harris,2670,8/27/2017,22:36,8/29/2017,19:06,34.84
IH-10 KATY,29.785459999999997,29.785459999999997,-95.77682,-95.77682,Harris,2562,8/27/2017,22:38,8/29/2017,17:20,40.64
IH-10 KATY,29.784561,29.784561,-95.61754499999999,-95.61754499999999,Harris,9832,8/29/2017,17:19,9/5/2017,13:11,23.19
IH-10 KATY,29.784561,29.784561,-95.61754499999999,-95.61754499999999,Harris,9834,8/29/2017,17:20,9/5/2017,13:14,23.19
IH-10 KATY,29.784670000000002,29.784670000000002,-95.64466999999999,-95.64466999999999,Harris,2641,8/29/2017,17:27,8/31/2017,13:28,26.86
IH-45,30.2073,30.2073,-95.456,-95.456,Montgomery,274,8/26/2017,9:21,8/26/2017,13:55,39.76
IH-45,30.3252,30.3252,-95.4752,-95.4752,Montgomery,376,8/26/2017,9:23,8/26/2017,15:39,62.33
IH-45,29.328909999999997,29.328909999999997,-94.93096,-94.93096,Galveston,3308,8/26/2017,9:31,8/28/2017,16:39,1.52
IH-45,30.421,30.421,-95.4919,-95.4919,Montgomery,326,8/26/2017,10:13,8/26/2017,15:39,108.65
IH-45,30.2073,30.2073,-95.456,-95.456,Montgomery,317,8/26/2017,10:21,8/26/2017,15:38,39.76
IH-45,30.2073,30.2073,-95.456,-95.456,Montgomery,2198,8/27/2017,0:06,8/28/2017,12:44,39.76
IH-45,30.308000000000003,30.308000000000003,-95.4695,-95.4695,Montgomery,1762,8/27/2017,7:25,8/28/2017,12:47,54.48
IH-45,29.5031,29.503,-95.11399999999999,-95.1142,Galveston,6068,8/27/2017,11:52,8/31/2017,17:00,4.7
IH-45,29.4302,29.4302,-95.0599,-95.0602,Galveston,1407,8/27/2017,12:41,8/28/2017,12:08,6.16
IH-45,29.4302,29.4302,-95.0599,-95.0602,Galveston,3346,8/27/2017,12:44,8/29/2017,20:30,6.16
IH-45,29.441,29.4408,-95.0703,-95.0705,Galveston,1241,8/27/2017,15:24,8/28/2017,12:05,4.42
IH-45,29.441,29.4408,-95.0703,-95.0705,Galveston,4089,8/27/2017,15:29,8/30/2017,11:38,4.42
IH-45,29.465999999999998,29.4659,-95.0906,-95.0909,Galveston,2999,8/27/2017,18:49,8/29/2017,20:48,5.5
IH-45,29.465999999999998,29.4659,-95.0906,-95.0909,Galveston,2996,8/27/2017,18:50,8/29/2017,20:46,5.5
IH-45,30.1675,30.1672,-95.4508,-95.4508,Montgomery,1436,8/28/2017,22:15,8/29/2017,22:11,43.68
IH-45,29.3784,29.3784,-95.0076,-95.0076,Galveston,2157,8/28/2017,23:42,8/30/2017,11:39,5.45
IH-45,29.5031,29.503,-95.11399999999999,-95.1142,Galveston,3276,8/29/2017,7:00,8/31/2017,13:36,4.7
IH-45 GULF,29.6975,29.6973,-95.2886,-95.2892,Harris,3831,8/26/2017,22:49,8/29/2017,14:40,11.94
IH-45 GULF,29.74454,29.74454,-95.36246,-95.36246,Harris,3927,8/27/2017,1:31,8/29/2017,18:58,8.14
IH-45 GULF,29.749740000000003,29.749740000000003,-95.3719,-95.3719,Harris,6346,8/27/2017,3:38,8/31/2017,13:24,13.67
IH-45 GULF,29.72223,29.72223,-95.32755999999999,-95.32755999999999,Harris,3714,8/27/2017,5:04,8/29/2017,18:58,5.65
IH-45 GULF,29.75771,29.75771,-95.37486,-95.37486,Harris,3473,8/27/2017,5:42,8/29/2017,15:35,9.82
IH-45 GULF,29.599,29.599,-95.1976,-95.1978,Harris,5435,8/27/2017,8:37,8/31/2017,3:12,10.34
IH-45 GULF,29.599,29.599,-95.1976,-95.1978,Harris,5414,8/27/2017,8:38,8/31/2017,2:52,10.34
IH-45 GULF,29.6691,29.6689,-95.2622,-95.2625,Harris,186,8/27/2017,18:31,8/27/2017,21:37,9.92
IH-45 GULF,29.641,29.6408,-95.2432,-95.2434,Harris,2945,8/27/2017,18:33,8/29/2017,19:38,11.18
IH-45 GULF,29.5867,29.5866,-95.1843,-95.1844,Harris,1004,8/27/2017,18:34,8/28/2017,11:18,9.82
IH-45 GULF,29.5867,29.5866,-95.1843,-95.1844,Harris,1000,8/27/2017,18:36,8/28/2017,11:16,9.82
IH-45 GULF,29.5536,29.5535,-95.154,-95.1542,Harris,122,8/27/2017,18:36,8/27/2017,20:38,10.14
IH-45 GULF,29.5696,29.5695,-95.1688,-95.1689,Harris,3828,8/27/2017,18:37,8/30/2017,10:25,10.3
IH-45 GULF,29.5696,29.5695,-95.1688,-95.1689,Harris,3825,8/27/2017,18:39,8/30/2017,10:24,10.3
IH-45 GULF,29.5536,29.5535,-95.154,-95.1542,Harris,998,8/27/2017,18:41,8/28/2017,11:19,10.14
IH-45 GULF,29.75771,29.75771,-95.37486,-95.37486,Harris,2471,8/27/2017,22:24,8/29/2017,15:35,9.82
IH-45 NORTH,29.78995188,29.78995793,-95.37180814,-95.37180814,Harris,504,8/26/2017,7:04,8/26/2017,15:28,9.92
IH-45 NORTH,29.78995188,29.78995793,-95.37180814,-95.37180814,Harris,422,8/26/2017,7:56,8/26/2017,14:58,9.92
IH-45 NORTH,29.99780858,29.99778517,-95.42550385,-95.42550385,Harris,319,8/26/2017,8:36,8/26/2017,13:55,32.74
IH-45 NORTH,29.84572,29.84572,-95.39296999999999,-95.39296999999999,Harris,346,8/26/2017,9:14,8/26/2017,15:00,20.12
IH-45 NORTH,29.78995188,29.78995793,-95.37180814,-95.37180814,Harris,4167,8/26/2017,22:34,8/29/2017,20:01,9.92
IH-45 NORTH,29.83318,29.83318,-95.38438000000001,-95.38438000000001,Harris,1250,8/26/2017,22:36,8/27/2017,19:26,18.25
IH-45 NORTH,29.84572,29.84572,-95.39296999999999,-95.39296999999999,Harris,1254,8/26/2017,22:38,8/27/2017,19:32,20.12
IH-45 NORTH,29.87,29.87,-95.4079,-95.4077,Harris,1253,8/26/2017,22:40,8/27/2017,19:33,24.72
IH-45 NORTH,29.84572,29.84572,-95.39296999999999,-95.39296999999999,Harris,1250,8/26/2017,22:38,8/27/2017,19:28,20.12
IH-45 NORTH,29.78995188,29.78995793,-95.37180814,-95.37180814,Harris,4124,8/26/2017,23:34,8/29/2017,20:18,9.92
IH-45 NORTH,29.89821,29.89821,-95.41209,-95.41209,Harris,1181,8/26/2017,23:41,8/27/2017,19:22,23.14
IH-45 NORTH,29.99780858,29.99778517,-95.42550385,-95.42550385,Harris,3662,8/27/2017,7:43,8/29/2017,20:45,32.74
IH-45 NORTH,29.99780858,29.99778517,-95.42550385,-95.42550385,Harris,3662,8/27/2017,7:44,8/29/2017,20:46,32.74
IH-45 NORTH,29.89821,29.89821,-95.41209,-95.41209,Harris,3366,8/27/2017,12:48,8/29/2017,20:54,23.14
IH-45 NORTH,29.87642246,29.87645472,-95.41138178,-95.41138178,Harris,2865,8/27/2017,15:55,8/29/2017,15:40,25.02
IH-45 NORTH,29.87642246,29.87645472,-95.41138178,-95.41138178,Harris,3132,8/27/2017,15:56,8/29/2017,20:08,25.02
IH-45 NORTH,29.9407,29.9407,-95.4141,-95.4138,Harris,3476,8/27/2017,16:14,8/30/2017,2:10,23.72
IH-45 NORTH,30.05253285,30.05252357,-95.43180167,-95.43180167,Harris,4839,8/27/2017,18:01,8/31/2017,2:40,33.97
IH-45 NORTH,30.05253285,30.05252357,-95.43180167,-95.43180167,Harris,4802,8/27/2017,18:05,8/31/2017,2:07,33.97
IH-45 NORTH,29.91512,29.91512,-95.41241,-95.41241,Harris,2896,8/27/2017,18:26,8/29/2017,18:42,25.09
IH-45 NORTH,29.91512,29.91512,-95.41241,-95.41241,Harris,2895,8/27/2017,18:27,8/29/2017,18:42,25.09
IH-45 NORTH,29.76380069,29.76377295,-95.36929675,-95.36929675,Harris,689,8/31/2017,9:13,8/31/2017,20:42,5.37
IH-610 EAST LOOP,29.7757,29.7757,-95.2641,-95.2639,Harris,3862,8/26/2017,22:47,8/29/2017,15:09,5.24
IH-610 EAST LOOP,29.7695,29.7695,-95.2654,-95.2651,Harris,3863,8/26/2017,23:03,8/29/2017,15:26,4.48
IH-610 EAST LOOP,29.7383,29.7381,-95.2654,-95.2651,Harris,3863,8/26/2017,23:02,8/29/2017,15:25,4.07
IH-610 EAST LOOP,29.7383,29.7381,-95.2654,-95.2651,Harris,3863,8/26/2017,23:03,8/29/2017,15:26,4.07
IH-610 EAST LOOP,29.7265,29.7265,-95.2669,-95.2666,Harris,3845,8/26/2017,23:20,8/29/2017,15:25,3.37
IH-610 NORTH LOOP,29.8043,29.8045,-95.2845,-95.2845,Harris,14,8/26/2017,10:28,8/26/2017,10:42,12.61
IH-610 NORTH LOOP,29.8132,29.8149,-95.3752,-95.3752,Harris,3874,8/26/2017,22:49,8/29/2017,15:23,19.58
IH-610 NORTH LOOP,29.7844,29.7844,-95.2649,-95.2649,Harris,3865,8/26/2017,23:05,8/29/2017,15:30,9.89
IH-610 NORTH LOOP,29.7844,29.7844,-95.2649,-95.2649,Harris,3861,8/26/2017,23:06,8/29/2017,15:27,9.89
IH-610 NORTH LOOP,29.7755,29.7755,-95.2641,-95.2641,Harris,3834,8/26/2017,23:29,8/29/2017,15:23,5.22
IH-610 NORTH LOOP,29.8129,29.8131,-95.3993,-95.3993,Harris,3785,8/27/2017,0:12,8/29/2017,15:17,17.92
IH-610 NORTH LOOP,29.8093,29.8095,-95.3171,-95.3171,Harris,2942,8/27/2017,14:12,8/29/2017,15:14,12.66
IH-610 NORTH LOOP,29.8093,29.8095,-95.3171,-95.3171,Harris,2938,8/27/2017,14:13,8/29/2017,15:11,12.66
IH-610 NORTH LOOP,29.8073,29.8076,-95.3018,-95.3018,Harris,2599,8/27/2017,19:53,8/29/2017,15:12,13.23
IH-610 NORTH LOOP,29.8073,29.8076,-95.3018,-95.3018,Harris,2596,8/27/2017,19:54,8/29/2017,15:10,13.23
IH-610 SOUTH LOOP,29.680999999999997,29.6807,-95.3665,-95.3666,Harris,3827,8/26/2017,23:37,8/29/2017,15:24,13.3
IH-610 SOUTH LOOP,29.6857,29.6856,-95.3408,-95.3408,Harris,3826,8/26/2017,23:38,8/29/2017,15:24,10.95
IH-610 SOUTH LOOP,29.6889,29.6888,-95.3321,-95.33200000000001,Harris,3825,8/26/2017,23:40,8/29/2017,15:25,10.67
IH-610 SOUTH LOOP,29.6889,29.6888,-95.3321,-95.33200000000001,Harris,3817,8/26/2017,23:42,8/29/2017,15:19,10.67
IH-610 SOUTH LOOP,29.6971,29.6969,-95.3107,-95.3108,Harris,3812,8/26/2017,23:46,8/29/2017,15:18,10.06
IH-610 SOUTH LOOP,29.695,29.6948,-95.3192,-95.3191,Harris,3756,8/27/2017,0:37,8/29/2017,15:13,10.49
IH-610 SOUTH LOOP,29.6793,29.6792,-95.4536,-95.4556,Harris,3339,8/27/2017,7:37,8/29/2017,15:16,16.53
IH-610 WEST LOOP,29.7059,29.7059,-95.4593,-95.4595,Harris,3943,8/26/2017,21:30,8/29/2017,15:13,15.84
IH-610 WEST LOOP,29.7263,29.7263,-95.4603,-95.4605,Harris,3934,8/26/2017,21:40,8/29/2017,15:14,17.41
IH-610 WEST LOOP,29.7263,29.7263,-95.4603,-95.4605,Harris,3930,8/26/2017,21:41,8/29/2017,15:11,17.41
IH-610 WEST LOOP,29.6892,29.6892,-95.4589,-95.4592,Harris,76,8/26/2017,21:42,8/26/2017,22:58,15.43
IH-610 WEST LOOP,29.7167,29.7167,-95.4601,-95.4604,Harris,3902,8/26/2017,22:10,8/29/2017,15:12,15.76
IH-610 WEST LOOP,29.7117,29.7116,-95.46,-95.4603,Harris,6,8/26/2017,22:13,8/26/2017,22:19,15.66
IH-610 WEST LOOP,29.754,29.754,-95.4555,-95.4557,Harris,2905,8/27/2017,14:47,8/29/2017,15:12,14.66
IH-610 WEST LOOP,29.754,29.754,-95.4555,-95.4557,Harris,2890,8/27/2017,15:05,8/29/2017,15:15,14.66
IH-69,29.49431438,29.49431114,-95.91160125,-95.91160125,Fort_Bend,6988,8/25/2017,22:22,8/30/2017,18:50,32.25
IH-69,29.555969,29.555969,-95.717019,-95.717019,Fort_Bend,150,8/26/2017,5:10,8/26/2017,7:40,22.86
IH-69,29.534398,29.534398,-95.77647900000001,-95.77647900000001,Fort_Bend,153,8/26/2017,5:11,8/26/2017,7:44,29.59
IH-69,30.07,30.0699,-95.24700000000001,-95.24700000000001,Montgomery,109,8/26/2017,13:49,8/26/2017,15:38,25.43
IH-69,29.546653999999997,29.546653999999997,-95.746749,-95.746749,Fort_Bend,244,8/26/2017,19:08,8/26/2017,23:12,19.81
IH-69,29.534398,29.534398,-95.77647900000001,-95.77647900000001,Fort_Bend,218,8/26/2017,19:50,8/26/2017,23:28,29.59
IH-69,30.1045,30.1046,-95.2365,-95.2363,Montgomery,5806,8/27/2017,7:46,8/31/2017,8:32,30.16
IH-69,29.546653999999997,29.546653999999997,-95.746749,-95.746749,Fort_Bend,4736,8/27/2017,11:52,8/30/2017,18:48,19.81
IH-69,29.546653999999997,29.546653999999997,-95.746749,-95.746749,Fort_Bend,4737,8/27/2017,11:54,8/30/2017,18:51,19.81
IH-69,30.2688,30.2688,-95.1389,-95.1389,Montgomery,4363,8/28/2017,7:48,8/31/2017,8:31,40.95
IH-69,29.580903000000003,29.580903000000003,-95.648076,-95.648076,Fort_Bend,2604,8/28/2017,23:25,8/30/2017,18:49,22.89
IH-69,29.568156,29.568156,-95.66832099999999,-95.66832099999999,Fort_Bend,2605,8/28/2017,23:24,8/30/2017,18:49,14
IH-69,29.568156,29.568156,-95.66832099999999,-95.66832099999999,Fort_Bend,4165,8/28/2017,23:23,8/31/2017,20:48,14
IH-69 Eastex Freeway,29.90271639,29.90269869,-95.31161554,-95.31161554,Harris,34,8/26/2017,9:13,8/26/2017,9:47,20.42
IH-69 Eastex Freeway,29.74062,29.74062,-95.3662,-95.3662,Harris,4985,8/26/2017,22:09,8/30/2017,9:14,7.94
IH-69 Eastex Freeway,29.91079293,29.91077165,-95.30958779,-95.30958779,Harris,46,8/27/2017,1:03,8/27/2017,1:49,19.39
IH-69 Eastex Freeway,29.80831125,29.80831499,-95.33613575,-95.33613575,Harris,4156,8/27/2017,1:07,8/29/2017,22:23,14.23
IH-69 Eastex Freeway,29.80831125,29.80831499,-95.33613575,-95.33613575,Harris,31,8/27/2017,1:18,8/27/2017,1:49,14.23
IH-69 Eastex Freeway,30.0265,30.0265,-95.2589,-95.2589,Harris,6684,8/27/2017,5:37,8/31/2017,21:01,13.23
IH-69 Eastex Freeway,29.96558299,29.96561492,-95.2844427,-95.2844427,Harris,3834,8/27/2017,6:14,8/29/2017,22:08,22.23
IH-69 Eastex Freeway,29.9522907,29.95230545,-95.29034617,-95.29034617,Harris,3678,8/27/2017,7:02,8/29/2017,20:20,22.25
IH-69 Eastex Freeway,29.9522907,29.95230545,-95.29034617,-95.29034617,Harris,3677,8/27/2017,7:03,8/29/2017,20:20,22.25
IH-69 Eastex Freeway,29.813336600000003,29.81333267,-95.33519053,-95.33519053,Harris,2596,8/27/2017,20:36,8/29/2017,15:52,10.1
IH-69 Eastex Freeway,29.813336600000003,29.81333267,-95.33519053,-95.33519053,Harris,2592,8/27/2017,20:37,8/29/2017,15:49,10.1
IH-69 Eastex Freeway,29.79389311,29.79390242,-95.3397711,-95.3397711,Harris,2735,8/27/2017,22:19,8/29/2017,19:54,13.33
IH-69 Eastex Freeway,30.0181,30.018,-95.2624,-95.2624,Harris,4351,8/28/2017,20:30,8/31/2017,21:01,20.67
IH-69 Eastex Freeway,30.0265,30.0265,-95.2589,-95.2589,Harris,4162,8/28/2017,23:50,8/31/2017,21:12,13.23
IH-69 Eastex Freeway,29.7444593,29.74444274,-95.36307635,-95.36307635,Harris,2357,8/29/2017,2:10,8/30/2017,17:27,8.56
IH-69 SOUTHWEST,29.6613,29.6615,-95.5574,-95.5576,Harris,118,8/26/2017,2:02,8/26/2017,4:00,22.22
IH-69 SOUTHWEST,29.6613,29.6615,-95.5574,-95.5576,Harris,3970,8/26/2017,21:27,8/29/2017,15:37,22.22
IH-69 SOUTHWEST,29.7044,29.7045,-95.5129,-95.5132,Harris,2249,8/26/2017,21:29,8/28/2017,10:58,20
IH-69 SOUTHWEST,29.6921,29.6922,-95.5269,-95.5272,Harris,82,8/26/2017,21:38,8/26/2017,23:00,19.85
IH-69 SOUTHWEST,29.7238,29.7238,-95.4912,-95.4917,Harris,2247,8/26/2017,21:39,8/28/2017,11:06,19.33
IH-69 SOUTHWEST,29.6759,29.6759,-95.5418,-95.5422,Harris,79,8/26/2017,21:40,8/26/2017,22:59,20.5
IH-69 SOUTHWEST,29.7288,29.7291,-95.4415,-95.4415,Harris,46,8/26/2017,21:42,8/26/2017,22:28,16.72
IH-69 SOUTHWEST,29.7258,29.7261,-95.4765,-95.4765,Harris,2236,8/26/2017,21:45,8/28/2017,11:01,17.77
IH-69 SOUTHWEST,29.654,29.654,-95.5655,-95.5656,Harris,3946,8/26/2017,21:59,8/29/2017,15:45,23.04
IH-69 SOUTHWEST,29.7447,29.7449,-95.3625,-95.3625,Harris,4978,8/26/2017,22:13,8/30/2017,9:11,8.25
IH-69 SOUTHWEST,29.73398479,29.73407684,-95.37158509,-95.37158509,Harris,5006,8/26/2017,22:57,8/30/2017,10:23,8.23
IH-69 SOUTHWEST,29.7288,29.729,-95.4606,-95.4606,Harris,3742,8/27/2017,5:31,8/29/2017,19:53,17.13
IH-69 SOUTHWEST,29.7312,29.7309,-95.402,-95.4021,Harris,3482,8/27/2017,5:59,8/29/2017,16:01,9.92
IH-69 SOUTHWEST,29.7288,29.729,-95.4606,-95.4606,Harris,3712,8/27/2017,6:00,8/29/2017,19:52,17.13
IH-69 SOUTHWEST,29.654,29.654,-95.5655,-95.5656,Harris,561,8/28/2017,1:43,8/28/2017,11:04,23.04
LOOP-494,30.043490000000002,30.043490000000002,-95.25028,-95.25028,Montgomery,4217,8/28/2017,10:14,8/31/2017,8:31,25.17
NASA RD 1,29.528570000000002,29.528570000000002,-95.13096,-95.13096,Harris,2935,8/27/2017,18:38,8/29/2017,19:33,5.82
NASA RD 1,29.528570000000002,29.528570000000002,-95.13096,-95.13096,Harris,1756,8/27/2017,18:39,8/28/2017,23:55,5.82
SH 275 / HARBORSIDE,29.28533304,29.28532368,-94.862913,-94.862913,Galveston,3145,8/25/2017,14:37,8/27/2017,19:02,1.6
SH 275 / HARBORSIDE,29.31435548,29.31434712,-94.7705656,-94.7705656,Galveston,3146,8/25/2017,14:37,8/27/2017,19:03,4.43
SH-105,30.32798,30.32798,-95.23931999999999,-95.23931999999999,Montgomery,321,8/26/2017,10:17,8/26/2017,15:38,49.13
SH-146,29.70836,29.70836,-95.01126,-95.01126,Harris,209,8/28/2017,17:34,8/28/2017,21:03,2.72
SH-225,29.7125,29.7123,-95.1973,-95.1973,Harris,248,8/26/2017,10:56,8/26/2017,15:04,7.41
SH-225,29.7125,29.7123,-95.1973,-95.1973,Harris,248,8/26/2017,10:56,8/26/2017,15:04,7.41
SH-225,29.7125,29.7123,-95.1973,-95.1973,Harris,4503,8/26/2017,19:05,8/29/2017,22:08,7.41
SH-225,29.7125,29.7123,-95.1973,-95.1973,Harris,18,8/26/2017,19:06,8/26/2017,19:24,7.41
SH-225,29.7077,29.7075,-95.2282,-95.2282,Harris,4290,8/26/2017,23:20,8/29/2017,22:50,6.93
SH-225,29.7104,29.7102,-95.22,-95.22,Harris,5551,8/26/2017,23:22,8/30/2017,19:53,2.99
SH-225,29.7104,29.7102,-95.22,-95.22,Harris,5553,8/26/2017,23:23,8/30/2017,19:56,2.99
SH-225,29.7098,29.7095,-95.2668,-95.2671,Harris,1030,8/28/2017,23:03,8/29/2017,16:13,5.52
SH-249 TOMBALL PARKWAY,30.06681827,30.06683126,-95.62309997,-95.62309997,Harris,3929,8/27/2017,15:34,8/30/2017,9:03,48.23
SH-249 TOMBALL PARKWAY,29.993000000000002,29.993000000000002,-95.5759,-95.5759,Harris,3719,8/28/2017,18:58,8/31/2017,8:57,39.67
SH-249 TOMBALL PARKWAY,29.993000000000002,29.993000000000002,-95.5759,-95.5759,Harris,3716,8/28/2017,19:00,8/31/2017,8:56,39.67
SH-288,29.72221181,29.72221819,-95.37698243,-95.37698243,Harris,79,8/26/2017,7:13,8/26/2017,8:32,9.19
SH-288,29.4392,29.4392,-95.4277,-95.4277,Brazoria,7202,8/26/2017,19:59,8/31/2017,20:01,15.42
SH-288,29.7338,29.7336,-95.3709,-95.3713,Harris,4867,8/26/2017,22:02,8/30/2017,7:09,8.57
SH-288,29.6807,29.6807,-95.381,-95.381,Harris,3988,8/26/2017,23:30,8/29/2017,17:58,9.07
SH-288,29.668000000000003,29.668000000000003,-95.3828,-95.3828,Harris,319,8/27/2017,7:05,8/27/2017,12:24,14.11
SH-288,29.6436,29.6436,-95.387,-95.387,Harris,321,8/27/2017,7:09,8/27/2017,12:30,13.68
SH-288,29.59738775,29.59737941,-95.38657375,-95.38657375,Harris,5783,8/27/2017,7:10,8/31/2017,7:33,16.82
SH-288,29.59738775,29.59737941,-95.38657375,-95.38657375,Harris,5509,8/27/2017,11:39,8/31/2017,7:28,16.82
SH-288,29.668000000000003,29.668000000000003,-95.3828,-95.3828,Harris,233,8/27/2017,12:25,8/27/2017,16:18,14.11
SH-288,29.7338,29.7336,-95.3709,-95.3713,Harris,2580,8/27/2017,12:43,8/29/2017,7:43,8.57
SH-288,29.74228199,29.74238507,-95.36433315,-95.36433315,Harris,2581,8/27/2017,12:44,8/29/2017,7:45,8.22
SH-288,29.71244999,29.7125576,-95.37849191,-95.37849191,Harris,1042,8/27/2017,14:04,8/28/2017,7:26,10.99
SH-288,29.71244999,29.7125576,-95.37849191,-95.37849191,Harris,1186,8/27/2017,14:04,8/28/2017,9:50,10.99
SH-288,29.4826,29.4824,-95.40114,-95.40114,Brazoria,4584,8/27/2017,22:14,8/31/2017,2:38,17.1
SH-288,29.59738775,29.59737941,-95.38657375,-95.38657375,Harris,1222,8/28/2017,14:38,8/29/2017,11:00,16.82
SH-288,29.58032,29.58032,-95.38582,-95.38582,Brazoria,2963,8/28/2017,17:19,8/30/2017,18:42,17.4
SH-288,29.3516,29.3516,-95.4247,-95.4247,Brazoria,4451,8/28/2017,17:52,8/31/2017,20:03,13.44
SH-288,29.58032,29.58032,-95.38582,-95.38582,Brazoria,2605,8/28/2017,19:07,8/30/2017,14:32,17.4
SH-288,29.3169,29.3169,-95.4238,-95.4238,Brazoria,1985,8/29/2017,1:50,8/30/2017,10:55,10.57
SH-3,29.34157,29.34157,-94.93567,-94.93567,Galveston,5186,8/27/2017,0:40,8/30/2017,15:06,2.62
SH-3,29.34157,29.34157,-94.93567,-94.93567,Galveston,5188,8/27/2017,0:41,8/30/2017,15:09,2.62
SH-3,29.504410999999998,29.504410999999998,-95.092282,-95.092282,Galveston,5167,8/27/2017,1:00,8/30/2017,15:07,5.9
SH-3,29.504410999999998,29.504410999999998,-95.092282,-95.092282,Galveston,5161,8/27/2017,1:05,8/30/2017,15:06,5.9
SH-3,29.4525744,29.45249076,-95.04030068,-95.04030068,Galveston,804,8/29/2017,1:48,8/29/2017,15:12,4.3
SH-35,29.521420000000003,29.521420000000003,-95.260134,-95.260134,Brazoria,6113,8/27/2017,1:03,8/31/2017,6:56,13.47
SH-35,29.447490000000002,29.447490000000002,-95.238795,-95.238795,Brazoria,3628,8/27/2017,22:35,8/30/2017,11:03,11.63
SH-35,29.143226000000002,29.143226000000002,-95.637114,-95.637114,Brazoria,4107,8/28/2017,17:29,8/31/2017,13:56,9.56
SH-35,29.14712,29.14712,-95.658137,-95.658137,Brazoria,3781,8/29/2017,1:55,8/31/2017,16:56,11.02
SH-36,29.138058,29.138058,-95.653272,-95.653272,Brazoria,4702,8/28/2017,10:36,8/31/2017,16:58,9.77
SH-6,29.507385,29.507385,-95.46127,-95.46127,Fort_Bend,6947,8/26/2017,21:19,8/31/2017,17:06,20.26
SH-6,29.462909999999997,29.462909999999997,-95.34352,-95.34352,Brazoria,6742,8/26/2017,21:45,8/31/2017,14:07,15.86
SH-6,29.787979999999997,29.787979999999997,-95.6447,-95.6447,Harris,6386,8/27/2017,6:48,8/31/2017,17:14,28.51
SH-6,29.8132,29.8132,-95.6454,-95.6454,Harris,6389,8/27/2017,6:49,8/31/2017,17:18,30.17
SH-6,29.45412,29.45412,-95.31788,-95.31788,Brazoria,6012,8/27/2017,9:50,8/31/2017,14:02,16.08
SH-6,29.677184000000004,29.677184000000004,-95.643556,-95.643556,Fort_Bend,5948,8/27/2017,13:51,8/31/2017,16:59,27.55
SH-6,29.43853499,29.43853499,-95.27180423,-95.27180423,Brazoria,5349,8/27/2017,20:14,8/31/2017,13:23,14.25
SH-87/ Broadway,29.54969333,29.54965423,-94.38837158,-94.38837158,Galveston,3146,8/25/2017,14:44,8/27/2017,19:10,1.52
SH-87/ Broadway,29.50841144,29.50839277,-94.50027204,-94.50027204,Galveston,3145,8/25/2017,14:48,8/27/2017,19:13,0
SH-87/ Broadway,29.30934904,29.30932098,-94.76911407,-94.76911407,Galveston,6009,8/26/2017,10:55,8/30/2017,15:04,2.21
SH-87/ Broadway,29.32726764,29.32727196,-94.77320939,-94.77320939,Galveston,6009,8/26/2017,10:56,8/30/2017,15:05,0.36
SH-99 Lanier Pkwy,29.581482,29.581482,-95.67844000000001,-95.67844000000001,Fort_Bend,3962,8/28/2017,23:23,8/31/2017,17:25,16.87
SH-99 Lanier Pkwy,29.581482,29.581482,-95.67844000000001,-95.67844000000001,Fort_Bend,3959,8/28/2017,23:24,8/31/2017,17:23,16.87
SH-99 Lanier Pkwy - North,30.075340999999998,30.075340999999998,-95.55681899999999,-95.55681899999999,Harris,2677,8/27/2017,15:21,8/29/2017,11:58,46.69
SH-99 Lanier Pkwy - North,30.075340999999998,30.075340999999998,-95.55681899999999,-95.55681899999999,Harris,2672,8/27/2017,15:22,8/29/2017,11:54,46.69
SH-99 Lanier Pkwy - North,30.13744393,30.13744393,-95.30804728,-95.30804728,Montgomery,3018,8/27/2017,19:46,8/29/2017,22:04,33.57
SH-99 Lanier Pkwy - North,30.13744393,30.13744393,-95.30804728,-95.30804728,Montgomery,3938,8/27/2017,19:47,8/30/2017,13:25,33.57
SH-99 Lanier Pkwy - North,30.13756222,30.13764438,-95.29042172,-95.29042172,Montgomery,3930,8/27/2017,19:54,8/30/2017,13:24,35.04
SH-99 Lanier Pkwy - North,30.13756222,30.13764438,-95.29042172,-95.29042172,Montgomery,3932,8/27/2017,19:54,8/30/2017,13:26,35.04
SH-99 Lanier Pkwy - North,30.13756222,30.13764438,-95.29042172,-95.29042172,Montgomery,1223,8/28/2017,11:39,8/29/2017,8:02,35.04
SH-99 Lanier Pkwy - North,30.141196,30.141196,-95.338406,-95.338406,Montgomery,1760,8/29/2017,8:05,8/30/2017,13:25,17.86
SH-99 Lanier Pkwy - North,30.141196,30.141196,-95.338406,-95.338406,Montgomery,1930,8/29/2017,8:11,8/30/2017,16:21,17.86
SH-99 Lanier Pkwy - West,29.998957,29.998957,-95.768975,-95.768975,Harris,4119,8/27/2017,1:35,8/29/2017,22:14,60.99
SH-99 Lanier Pkwy - West,29.83169623,29.83173346,-95.76066809,-95.76066809,Harris,3438,8/27/2017,12:58,8/29/2017,22:16,41.43
SH-99 Lanier Pkwy - West,29.87528467,29.87527727,-95.75652727,-95.75652727,Harris,3173,8/27/2017,18:51,8/29/2017,23:44,44.51
SH-99 Lanier Pkwy - West,29.87528467,29.87527727,-95.75652727,-95.75652727,Harris,3171,8/27/2017,18:52,8/29/2017,23:43,44.51
SH-99 Lanier Pkwy - West,29.904441,29.904441,-95.758593,-95.758593,Harris,3170,8/27/2017,18:54,8/29/2017,23:44,46.7
SH-99 Lanier Pkwy - West,29.904441,29.904441,-95.758593,-95.758593,Harris,3166,8/27/2017,18:55,8/29/2017,23:41,46.7
SH-99 Lanier Pkwy - West,29.95951111,29.95942823,-95.76972834,-95.76972834,Harris,2661,8/28/2017,3:22,8/29/2017,23:43,47.22
SH-99 Lanier Pkwy - West,29.785428999999997,29.785428999999997,-95.777312,-95.777312,Harris,2655,8/28/2017,3:29,8/29/2017,23:44,40.51
SH-99 Lanier Pkwy - West,29.84622286,29.84623217,-95.75625929,-95.75625929,Harris,882,8/29/2017,9:01,8/29/2017,23:43,43.09
SHT,29.6656,29.6656,-95.1558,-95.1556,Harris,355,8/26/2017,8:08,8/26/2017,14:03,8.88
SHT,29.6815,29.6815,-95.1555,-95.1552,Harris,85,8/26/2017,8:24,8/26/2017,9:49,10.13
SHT,29.6839,29.6838,-95.1547,-95.1545,Harris,49,8/26/2017,8:24,8/26/2017,9:13,10.34
SHT,29.6498,29.6498,-95.1562,-95.1561,Harris,3575,8/26/2017,23:02,8/29/2017,10:37,9.61
SHT,29.6656,29.6656,-95.1558,-95.1556,Harris,3696,8/26/2017,23:23,8/29/2017,12:59,8.88
SHT,29.6839,29.6838,-95.1547,-95.1545,Harris,773,8/26/2017,23:31,8/27/2017,12:24,10.34
SHT,29.6498,29.6498,-95.1562,-95.1561,Harris,3490,8/27/2017,0:15,8/29/2017,10:25,9.61
SHT,29.6839,29.6838,-95.1547,-95.1545,Harris,715,8/27/2017,0:29,8/27/2017,12:24,10.34
SHT,29.6656,29.6656,-95.1558,-95.1556,Harris,3630,8/27/2017,0:30,8/29/2017,13:00,8.88
SHT,29.6815,29.6815,-95.1555,-95.1552,Harris,4072,8/27/2017,2:07,8/29/2017,21:59,10.13
SHT,29.6498,29.6498,-95.1562,-95.1561,Harris,2969,8/27/2017,9:08,8/29/2017,10:37,9.61
SHT,29.6498,29.6498,-95.1562,-95.1561,Harris,168,8/27/2017,9:35,8/27/2017,12:23,9.61
SHT,29.6165,29.6163,-95.1918,-95.1917,Harris,3525,8/27/2017,11:13,8/29/2017,21:58,10.66
SHT,29.85325,29.85325,-95.18693,-95.18693,Harris,4105,8/27/2017,13:07,8/30/2017,9:32,13.78
SHT,29.88311,29.88311,-95.19779,-95.19779,Harris,2741,8/27/2017,16:58,8/29/2017,14:39,14.66
SHT,29.85325,29.85325,-95.18693,-95.18693,Harris,3844,8/27/2017,17:25,8/30/2017,9:29,13.78
SHT,29.88311,29.88311,-95.19779,-95.19779,Harris,3824,8/27/2017,17:44,8/30/2017,9:28,14.66
SHT,29.6165,29.6163,-95.1918,-95.1917,Harris,2867,8/27/2017,22:12,8/29/2017,21:59,10.66
SHT,29.6306,29.6306,-95.1703,-95.1702,Harris,2103,8/27/2017,23:29,8/29/2017,10:32,10.55
SHT,29.90672,29.90672,-95.202279,-95.202279,Harris,1137,8/29/2017,14:34,8/30/2017,9:31,15.24
SHT,29.88311,29.88311,-95.19779,-95.19779,Harris,1125,8/29/2017,14:45,8/30/2017,9:30,14.66
SHT,29.92455,29.92455,-95.19978,-95.19978,Harris,1119,8/29/2017,14:52,8/30/2017,9:31,15.77
SHT,29.93473,29.93473,-95.22574,-95.22574,Harris,4577,8/27/2017,5:06,8/30/2017,9:23,16.98
SHT,29.9375,29.9377,-95.4599,-95.4599,Harris,4484,8/27/2017,6:39,8/30/2017,9:23,30.44
SHT,29.9377,29.9379,-95.4323,-95.4323,Harris,4460,8/27/2017,7:02,8/30/2017,9:22,27.5
SHT,29.93473,29.93473,-95.22574,-95.22574,Harris,3885,8/27/2017,16:36,8/30/2017,9:21,16.98
SHT,29.93473,29.93473,-95.24953000000001,-95.24953000000001,Harris,3840,8/27/2017,17:21,8/30/2017,9:21,18.38
SHT,29.6264,29.6262,-95.5177,-95.5182,Harris,121,8/26/2017,1:40,8/26/2017,3:41,15.54
SHT,29.6264,29.6262,-95.5177,-95.5182,Harris,117,8/26/2017,1:44,8/26/2017,3:41,15.54
SHT,29.6264,29.6262,-95.5177,-95.5182,Harris,5,8/26/2017,20:22,8/26/2017,20:27,15.54
SHT,29.6264,29.6262,-95.5177,-95.5182,Harris,5,8/26/2017,20:23,8/26/2017,20:28,15.54
SHT,29.6264,29.6262,-95.5177,-95.5182,Harris,4401,8/26/2017,20:50,8/29/2017,22:11,15.54
SHT,29.6264,29.6262,-95.5177,-95.5182,Harris,4401,8/26/2017,20:50,8/29/2017,22:11,15.54
SHT,29.6443,29.644000000000002,-95.5389,-95.5392,Harris,3684,8/26/2017,21:16,8/29/2017,10:40,20.93
SHT,29.6443,29.644000000000002,-95.5389,-95.5392,Harris,3681,8/26/2017,21:18,8/29/2017,10:39,20.93
SHT,29.599,29.5987,-95.3535,-95.3533,Harris,4815,8/26/2017,21:50,8/30/2017,6:05,15.81
SHT,29.5974,29.596999999999998,-95.4264,-95.4265,Harris,1168,8/26/2017,21:51,8/27/2017,17:19,16.78
SHT,29.60503,29.60503,-95.47413,-95.47413,Harris,2282,8/26/2017,22:01,8/28/2017,12:03,18.01
SHT,29.599,29.5987,-95.3535,-95.3533,Harris,62,8/26/2017,22:26,8/26/2017,23:28,15.81
SHT,29.600240000000003,29.600240000000003,-95.26626999999999,-95.26626999999999,Harris,4292,8/26/2017,22:36,8/29/2017,22:08,12.56
SHT,29.6007,29.6004,-95.2475,-95.2474,Harris,-1,8/26/2017,22:41,8/26/2017,22:40,13.82
SHT,29.6007,29.6004,-95.2475,-95.2474,Harris,3663,8/26/2017,23:53,8/29/2017,12:56,13.82
SHT,29.606509999999997,29.606509999999997,-95.20528,-95.20528,Harris,3651,8/26/2017,23:54,8/29/2017,12:45,10.01
SHT,29.606509999999997,29.606509999999997,-95.20528,-95.20528,Harris,3509,8/27/2017,0:04,8/29/2017,10:33,10.01
SHT,29.6004,29.6002,-95.4647,-95.4648,Harris,4566,8/27/2017,1:10,8/30/2017,5:16,18.82
SHT,29.5976,29.5973,-95.3865,-95.3865,Harris,5909,8/27/2017,8:08,8/31/2017,10:37,16.77
SHT,29.599,29.5987,-95.3535,-95.3533,Harris,221,8/27/2017,8:29,8/27/2017,12:10,15.81
SHT,29.606509999999997,29.606509999999997,-95.20528,-95.20528,Harris,3117,8/27/2017,9:00,8/29/2017,12:57,10.01
SHT,29.5976,29.5973,-95.3865,-95.3865,Harris,4111,8/27/2017,12:06,8/30/2017,8:37,16.77
SHT,29.6009,29.6007,-95.2287,-95.2286,Harris,2196,8/28/2017,20:53,8/30/2017,9:29,10.98
SHT,29.60503,29.60503,-95.47413,-95.47413,Harris,1939,8/28/2017,20:55,8/30/2017,5:14,18.01
SHT,29.6007,29.6004,-95.2475,-95.2474,Harris,2171,8/28/2017,21:19,8/30/2017,9:30,13.82
SHT,29.7222,29.7221,-95.5573,-95.5575,Harris,41,8/26/2017,21:27,8/26/2017,22:08,15.94
SHT,29.8127,29.8127,-95.5636,-95.5636,Harris,3673,8/26/2017,22:20,8/29/2017,11:33,28.48
SHT,29.7222,29.7221,-95.5573,-95.5575,Harris,1972,8/27/2017,0:55,8/28/2017,9:47,15.94
SHT,29.7844,29.7844,-95.5629,-95.5631,Harris,6216,8/27/2017,1:46,8/31/2017,9:22,20.3
SHT,29.7728,29.7728,-95.5626,-95.5628,Harris,3624,8/27/2017,1:54,8/29/2017,14:18,16.51
SHT,29.7047,29.7046,-95.5571,-95.5573,Harris,3371,8/27/2017,4:53,8/29/2017,13:04,21.63
SHT,29.7277,29.7277,-95.5574,-95.5576,Harris,1705,8/27/2017,7:59,8/28/2017,12:24,23.06
SHT,29.6615,29.6608,-95.5576,-95.5584,Harris,3178,8/27/2017,8:02,8/29/2017,13:00,22.4
SHT,29.7477,29.7477,-95.5577,-95.5579,Harris,3116,8/27/2017,8:46,8/29/2017,12:42,22.43
SHT,29.788188,29.788188,-95.56313,-95.56313,Harris,3050,8/27/2017,8:48,8/29/2017,11:38,28.92
SHT,29.8503,29.8503,-95.5637,-95.5639,Harris,3129,8/27/2017,8:52,8/29/2017,13:01,30.84
SHT,29.7277,29.7277,-95.5574,-95.5576,Harris,3083,8/27/2017,9:39,8/29/2017,13:02,23.06
SHT,29.7674,29.7673,-95.5617,-95.5618,Harris,3074,8/27/2017,11:04,8/29/2017,14:18,13.98
SHT,29.6747,29.6747,-95.5603,-95.5604,Harris,1349,8/27/2017,11:20,8/28/2017,9:49,21.46
SHT,29.6747,29.6747,-95.5603,-95.5604,Harris,2979,8/27/2017,11:22,8/29/2017,13:01,21.46
SHT,29.7728,29.7728,-95.5626,-95.5628,Harris,3040,8/27/2017,11:38,8/29/2017,14:18,16.51
SHT,29.737,29.7369,-95.5575,-95.5577,Harris,2950,8/27/2017,11:47,8/29/2017,12:57,22.51
SHT,29.831999999999997,29.831999999999997,-95.5637,-95.5639,Harris,2946,8/27/2017,11:54,8/29/2017,13:00,29.93
SHT,29.7674,29.7673,-95.5617,-95.5618,Harris,2936,8/27/2017,12:08,8/29/2017,13:04,13.98
SPUR-342,29.288659999999997,29.288659999999997,-94.83793,-94.83793,Galveston,7229,8/25/2017,14:39,8/30/2017,15:08,1.53
Tomball Tollway,30.06682381,30.06682553,-95.62310109,-95.62310109,Harris,4369,8/27/2017,8:17,8/30/2017,9:06,48.23
US-290,30.0806,30.0806,-95.9908,-95.9908,Waller,265,8/26/2017,20:50,8/27/2017,1:15,73.06
US-290,30.0806,30.0806,-95.9908,-95.9908,Waller,262,8/26/2017,20:53,8/27/2017,1:15,73.06
US-290,30.0806,30.0806,-95.9908,-95.9908,Waller,5175,8/27/2017,20:56,8/31/2017,11:11,73.06
US-290 NORTHWEST,30.0632,30.0634,-95.9087,-95.9087,Harris,838,8/25/2017,23:41,8/26/2017,13:39,84.92
US-290 NORTHWEST,29.8379,29.8383,-95.4888,-95.4888,Harris,420,8/26/2017,6:40,8/26/2017,13:40,24.13
US-290 NORTHWEST,29.8669,29.866999999999997,-95.5408,-95.5408,Harris,4989,8/26/2017,8:36,8/29/2017,19:45,28.08
US-290 NORTHWEST,29.9007,29.901,-95.5993,-95.5993,Harris,258,8/26/2017,9:42,8/26/2017,14:00,36.08
US-290 NORTHWEST,29.9031,29.9033,-95.6026,-95.6026,Harris,6559,8/26/2017,21:23,8/31/2017,10:42,36.39
US-290 NORTHWEST,29.8795,29.8795,-95.569,-95.569,Harris,6360,8/27/2017,1:10,8/31/2017,11:10,28.51
US-290 NORTHWEST,30.0573,30.0576,-95.8911,-95.8911,Harris,6044,8/27/2017,6:24,8/31/2017,11:08,81.02
US-290 NORTHWEST,29.9629,29.9631,-95.6878,-95.6878,Harris,849,8/29/2017,8:12,8/29/2017,22:21,43.51
US-290 NORTHWEST,29.9629,29.9631,-95.6878,-95.6878,Harris,1073,8/30/2017,19:34,8/31/2017,13:27,43.51
US-90,29.832929999999998,29.832929999999998,-95.1752,-95.1752,Harris,3888,8/27/2017,2:47,8/29/2017,19:35,11.37
US-90,29.8297,29.8296,-95.1824,-95.1824,Harris,6411,8/27/2017,2:48,8/31/2017,13:39,10.79
US-90,29.93630994,29.93661569,-95.03167518,-95.03167518,Harris,4158,8/28/2017,22:41,8/31/2017,19:59,16.09
US-90 ALTERNATE,29.601591,29.601591,-95.684453,-95.684453,Fort_Bend,4113,8/28/2017,23:21,8/31/2017,19:54,24.35
US-90 ALTERNATE,29.627269000000002,29.627269000000002,-95.5827,-95.5827,Fort_Bend,2602,8/28/2017,23:29,8/30/2017,18:51,24.24
US-90 ALTERNATE,29.532909000000004,29.532909000000004,-96.055298,-96.055298,Fort_Bend,2511,8/29/2017,1:01,8/30/2017,18:52,28.8
US-90 ALTERNATE,29.532909000000004,29.532909000000004,-96.055298,-96.055298,Fort_Bend,2511,8/29/2017,1:02,8/30/2017,18:53,28.8
US-90 ALTERNATE,29.601591,29.601591,-95.684453,-95.684453,Fort_Bend,354,8/31/2017,13:53,8/31/2017,19:47,24.35
WT,29.723540000000003,29.723540000000003,-95.49154,-95.49154,Harris,3678,8/26/2017,21:22,8/29/2017,10:40,19.49
WT,29.726246500000002,29.72623478,-95.46252,-95.46252,Harris,3824,8/26/2017,21:29,8/29/2017,13:13,16.21
WT,29.72629294,29.72008225,-95.46037975,-95.46037975,Harris,2625,8/26/2017,21:38,8/28/2017,17:23,17.44
WT,29.725403000000004,29.725403000000004,-95.46825799999999,-95.46825799999999,Harris,3746,8/26/2017,22:19,8/29/2017,12:45,17.5
WT,29.721239,29.721239,-95.52029399999999,-95.52029399999999,Harris,3708,8/26/2017,22:55,8/29/2017,12:43,19.98
WT,29.718321999999997,29.718321999999997,-95.55740300000001,-95.55740300000001,Harris,3457,8/27/2017,3:29,8/29/2017,13:06,15.57
WT,29.719671999999996,29.719671999999996,-95.539047,-95.539047,Harris,3217,8/27/2017,7:35,8/29/2017,13:12,23.1
WT,29.726246500000002,29.72623478,-95.46252,-95.46252,Harris,41,8/29/2017,15:46,8/29/2017,16:27,16.21